[
  {
    "name": "Application Start",
    "start": 1569076311231,
    "end": 1569076311459,
    "duration": 228,
    "pid": 42320,
    "index": 0
  },
  {
    "name": "Load Plugin",
    "start": 1569076311235,
    "end": 1569076311242,
    "duration": 7,
    "pid": 42320,
    "index": 1
  },
  {
    "name": "Load Config",
    "start": 1569076311242,
    "end": 1569076311254,
    "duration": 12,
    "pid": 42320,
    "index": 2
  },
  {
    "name": "Require(0) config/config.default.js",
    "start": 1569076311243,
    "end": 1569076311243,
    "duration": 0,
    "pid": 42320,
    "index": 3
  },
  {
    "name": "Require(1) node_modules/_egg-session@3.1.0@egg-session/config/config.default.js",
    "start": 1569076311244,
    "end": 1569076311244,
    "duration": 0,
    "pid": 42320,
    "index": 4
  },
  {
    "name": "Require(2) node_modules/_egg-security@2.6.1@egg-security/config/config.default.js",
    "start": 1569076311244,
    "end": 1569076311245,
    "duration": 1,
    "pid": 42320,
    "index": 5
  },
  {
    "name": "Require(3) node_modules/_egg-jsonp@2.0.0@egg-jsonp/config/config.default.js",
    "start": 1569076311245,
    "end": 1569076311247,
    "duration": 2,
    "pid": 42320,
    "index": 6
  },
  {
    "name": "Require(4) node_modules/_egg-onerror@2.1.0@egg-onerror/config/config.default.js",
    "start": 1569076311247,
    "end": 1569076311247,
    "duration": 0,
    "pid": 42320,
    "index": 7
  },
  {
    "name": "Require(5) node_modules/_egg-i18n@2.1.1@egg-i18n/config/config.default.js",
    "start": 1569076311248,
    "end": 1569076311248,
    "duration": 0,
    "pid": 42320,
    "index": 8
  },
  {
    "name": "Require(6) node_modules/_egg-watcher@3.1.0@egg-watcher/config/config.default.js",
    "start": 1569076311248,
    "end": 1569076311248,
    "duration": 0,
    "pid": 42320,
    "index": 9
  },
  {
    "name": "Require(7) node_modules/_egg-schedule@3.6.4@egg-schedule/config/config.default.js",
    "start": 1569076311249,
    "end": 1569076311249,
    "duration": 0,
    "pid": 42320,
    "index": 10
  },
  {
    "name": "Require(8) node_modules/_egg-multipart@2.9.0@egg-multipart/config/config.default.js",
    "start": 1569076311249,
    "end": 1569076311249,
    "duration": 0,
    "pid": 42320,
    "index": 11
  },
  {
    "name": "Require(9) node_modules/_egg-development@2.4.3@egg-development/config/config.default.js",
    "start": 1569076311250,
    "end": 1569076311250,
    "duration": 0,
    "pid": 42320,
    "index": 12
  },
  {
    "name": "Require(10) node_modules/_egg-logrotator@3.1.0@egg-logrotator/config/config.default.js",
    "start": 1569076311250,
    "end": 1569076311250,
    "duration": 0,
    "pid": 42320,
    "index": 13
  },
  {
    "name": "Require(11) node_modules/_egg-static@2.2.0@egg-static/config/config.default.js",
    "start": 1569076311250,
    "end": 1569076311250,
    "duration": 0,
    "pid": 42320,
    "index": 14
  },
  {
    "name": "Require(12) node_modules/_egg-view@2.1.2@egg-view/config/config.default.js",
    "start": 1569076311251,
    "end": 1569076311251,
    "duration": 0,
    "pid": 42320,
    "index": 15
  },
  {
    "name": "Require(13) node_modules/_egg@2.23.0@egg/config/config.default.js",
    "start": 1569076311251,
    "end": 1569076311251,
    "duration": 0,
    "pid": 42320,
    "index": 16
  },
  {
    "name": "Require(14) config/config.default.js",
    "start": 1569076311252,
    "end": 1569076311252,
    "duration": 0,
    "pid": 42320,
    "index": 17
  },
  {
    "name": "Require(15) node_modules/_egg-security@2.6.1@egg-security/config/config.local.js",
    "start": 1569076311253,
    "end": 1569076311253,
    "duration": 0,
    "pid": 42320,
    "index": 18
  },
  {
    "name": "Require(16) node_modules/_egg-watcher@3.1.0@egg-watcher/config/config.local.js",
    "start": 1569076311253,
    "end": 1569076311253,
    "duration": 0,
    "pid": 42320,
    "index": 19
  },
  {
    "name": "Require(17) node_modules/_egg-view@2.1.2@egg-view/config/config.local.js",
    "start": 1569076311253,
    "end": 1569076311254,
    "duration": 1,
    "pid": 42320,
    "index": 20
  },
  {
    "name": "Require(18) node_modules/_egg@2.23.0@egg/config/config.local.js",
    "start": 1569076311254,
    "end": 1569076311254,
    "duration": 0,
    "pid": 42320,
    "index": 21
  },
  {
    "name": "Load extend/application.js",
    "start": 1569076311255,
    "end": 1569076311260,
    "duration": 5,
    "pid": 42320,
    "index": 22
  },
  {
    "name": "Require(19) node_modules/_egg-session@3.1.0@egg-session/app/extend/application.js",
    "start": 1569076311256,
    "end": 1569076311256,
    "duration": 0,
    "pid": 42320,
    "index": 23
  },
  {
    "name": "Require(20) node_modules/_egg-security@2.6.1@egg-security/app/extend/application.js",
    "start": 1569076311256,
    "end": 1569076311257,
    "duration": 1,
    "pid": 42320,
    "index": 24
  },
  {
    "name": "Require(21) node_modules/_egg-jsonp@2.0.0@egg-jsonp/app/extend/application.js",
    "start": 1569076311257,
    "end": 1569076311257,
    "duration": 0,
    "pid": 42320,
    "index": 25
  },
  {
    "name": "Require(22) node_modules/_egg-logrotator@3.1.0@egg-logrotator/app/extend/application.js",
    "start": 1569076311258,
    "end": 1569076311259,
    "duration": 1,
    "pid": 42320,
    "index": 26
  },
  {
    "name": "Require(23) node_modules/_egg-view@2.1.2@egg-view/app/extend/application.js",
    "start": 1569076311259,
    "end": 1569076311259,
    "duration": 0,
    "pid": 42320,
    "index": 27
  },
  {
    "name": "Load extend/request.js",
    "start": 1569076311260,
    "end": 1569076311262,
    "duration": 2,
    "pid": 42320,
    "index": 28
  },
  {
    "name": "Require(24) node_modules/_egg@2.23.0@egg/app/extend/request.js",
    "start": 1569076311260,
    "end": 1569076311261,
    "duration": 1,
    "pid": 42320,
    "index": 29
  },
  {
    "name": "Load extend/response.js",
    "start": 1569076311262,
    "end": 1569076311263,
    "duration": 1,
    "pid": 42320,
    "index": 30
  },
  {
    "name": "Require(25) node_modules/_egg@2.23.0@egg/app/extend/response.js",
    "start": 1569076311262,
    "end": 1569076311263,
    "duration": 1,
    "pid": 42320,
    "index": 31
  },
  {
    "name": "Load extend/context.js",
    "start": 1569076311264,
    "end": 1569076311309,
    "duration": 45,
    "pid": 42320,
    "index": 32
  },
  {
    "name": "Require(26) node_modules/_egg-security@2.6.1@egg-security/app/extend/context.js",
    "start": 1569076311264,
    "end": 1569076311272,
    "duration": 8,
    "pid": 42320,
    "index": 33
  },
  {
    "name": "Require(27) node_modules/_egg-jsonp@2.0.0@egg-jsonp/app/extend/context.js",
    "start": 1569076311272,
    "end": 1569076311273,
    "duration": 1,
    "pid": 42320,
    "index": 34
  },
  {
    "name": "Require(28) node_modules/_egg-i18n@2.1.1@egg-i18n/app/extend/context.js",
    "start": 1569076311273,
    "end": 1569076311273,
    "duration": 0,
    "pid": 42320,
    "index": 35
  },
  {
    "name": "Require(29) node_modules/_egg-multipart@2.9.0@egg-multipart/app/extend/context.js",
    "start": 1569076311273,
    "end": 1569076311306,
    "duration": 33,
    "pid": 42320,
    "index": 36
  },
  {
    "name": "Require(30) node_modules/_egg-view@2.1.2@egg-view/app/extend/context.js",
    "start": 1569076311307,
    "end": 1569076311307,
    "duration": 0,
    "pid": 42320,
    "index": 37
  },
  {
    "name": "Require(31) node_modules/_egg@2.23.0@egg/app/extend/context.js",
    "start": 1569076311308,
    "end": 1569076311308,
    "duration": 0,
    "pid": 42320,
    "index": 38
  },
  {
    "name": "Load extend/helper.js",
    "start": 1569076311309,
    "end": 1569076311318,
    "duration": 9,
    "pid": 42320,
    "index": 39
  },
  {
    "name": "Require(32) node_modules/_egg-security@2.6.1@egg-security/app/extend/helper.js",
    "start": 1569076311309,
    "end": 1569076311317,
    "duration": 8,
    "pid": 42320,
    "index": 40
  },
  {
    "name": "Require(33) node_modules/_egg@2.23.0@egg/app/extend/helper.js",
    "start": 1569076311318,
    "end": 1569076311318,
    "duration": 0,
    "pid": 42320,
    "index": 41
  },
  {
    "name": "Load app.js",
    "start": 1569076311319,
    "end": 1569076311338,
    "duration": 19,
    "pid": 42320,
    "index": 42
  },
  {
    "name": "Require(34) node_modules/_egg-session@3.1.0@egg-session/app.js",
    "start": 1569076311319,
    "end": 1569076311319,
    "duration": 0,
    "pid": 42320,
    "index": 43
  },
  {
    "name": "Require(35) node_modules/_egg-security@2.6.1@egg-security/app.js",
    "start": 1569076311319,
    "end": 1569076311320,
    "duration": 1,
    "pid": 42320,
    "index": 44
  },
  {
    "name": "Require(36) node_modules/_egg-onerror@2.1.0@egg-onerror/app.js",
    "start": 1569076311320,
    "end": 1569076311325,
    "duration": 5,
    "pid": 42320,
    "index": 45
  },
  {
    "name": "Require(37) node_modules/_egg-i18n@2.1.1@egg-i18n/app.js",
    "start": 1569076311325,
    "end": 1569076311328,
    "duration": 3,
    "pid": 42320,
    "index": 46
  },
  {
    "name": "Require(38) node_modules/_egg-watcher@3.1.0@egg-watcher/app.js",
    "start": 1569076311328,
    "end": 1569076311333,
    "duration": 5,
    "pid": 42320,
    "index": 47
  },
  {
    "name": "Require(39) node_modules/_egg-schedule@3.6.4@egg-schedule/app.js",
    "start": 1569076311333,
    "end": 1569076311335,
    "duration": 2,
    "pid": 42320,
    "index": 48
  },
  {
    "name": "Require(40) node_modules/_egg-multipart@2.9.0@egg-multipart/app.js",
    "start": 1569076311335,
    "end": 1569076311337,
    "duration": 2,
    "pid": 42320,
    "index": 49
  },
  {
    "name": "Require(41) node_modules/_egg-development@2.4.3@egg-development/app.js",
    "start": 1569076311337,
    "end": 1569076311337,
    "duration": 0,
    "pid": 42320,
    "index": 50
  },
  {
    "name": "Require(42) node_modules/_egg-logrotator@3.1.0@egg-logrotator/app.js",
    "start": 1569076311337,
    "end": 1569076311337,
    "duration": 0,
    "pid": 42320,
    "index": 51
  },
  {
    "name": "Require(43) node_modules/_egg-static@2.2.0@egg-static/app.js",
    "start": 1569076311337,
    "end": 1569076311338,
    "duration": 1,
    "pid": 42320,
    "index": 52
  },
  {
    "name": "Before Start in node_modules/_egg-watcher@3.1.0@egg-watcher/lib/init.js:15:14",
    "start": 1569076311350,
    "end": 1569076311459,
    "duration": 109,
    "pid": 42320,
    "index": 53
  },
  {
    "name": "Load Service",
    "start": 1569076311374,
    "end": 1569076311404,
    "duration": 30,
    "pid": 42320,
    "index": 54
  },
  {
    "name": "Load \"service\" to Context",
    "start": 1569076311374,
    "end": 1569076311404,
    "duration": 30,
    "pid": 42320,
    "index": 55
  },
  {
    "name": "Load Middleware",
    "start": 1569076311404,
    "end": 1569076311439,
    "duration": 35,
    "pid": 42320,
    "index": 56
  },
  {
    "name": "Load \"middlewares\" to Application",
    "start": 1569076311404,
    "end": 1569076311434,
    "duration": 30,
    "pid": 42320,
    "index": 57
  },
  {
    "name": "Load Controller",
    "start": 1569076311439,
    "end": 1569076311441,
    "duration": 2,
    "pid": 42320,
    "index": 58
  },
  {
    "name": "Load \"controller\" to Application",
    "start": 1569076311439,
    "end": 1569076311441,
    "duration": 2,
    "pid": 42320,
    "index": 59
  },
  {
    "name": "Load Router",
    "start": 1569076311441,
    "end": 1569076311443,
    "duration": 2,
    "pid": 42320,
    "index": 60
  },
  {
    "name": "Require(44) app/router.js",
    "start": 1569076311441,
    "end": 1569076311441,
    "duration": 0,
    "pid": 42320,
    "index": 61
  },
  {
    "name": "Before Start in node_modules/_egg-core@4.17.3@egg-core/lib/egg.js:303:10",
    "start": 1569076311442,
    "end": 1569076311449,
    "duration": 7,
    "pid": 42320,
    "index": 62
  }
]