[
  {
    "name": "Application Start",
    "start": 1569076158703,
    "end": 1569076158923,
    "duration": 220,
    "pid": 42231,
    "index": 0
  },
  {
    "name": "Load Plugin",
    "start": 1569076158706,
    "end": 1569076158714,
    "duration": 8,
    "pid": 42231,
    "index": 1
  },
  {
    "name": "Load Config",
    "start": 1569076158714,
    "end": 1569076158727,
    "duration": 13,
    "pid": 42231,
    "index": 2
  },
  {
    "name": "Require(0) config/config.default.js",
    "start": 1569076158714,
    "end": 1569076158715,
    "duration": 1,
    "pid": 42231,
    "index": 3
  },
  {
    "name": "Require(1) node_modules/_egg-session@3.1.0@egg-session/config/config.default.js",
    "start": 1569076158716,
    "end": 1569076158716,
    "duration": 0,
    "pid": 42231,
    "index": 4
  },
  {
    "name": "Require(2) node_modules/_egg-security@2.6.1@egg-security/config/config.default.js",
    "start": 1569076158716,
    "end": 1569076158716,
    "duration": 0,
    "pid": 42231,
    "index": 5
  },
  {
    "name": "Require(3) node_modules/_egg-jsonp@2.0.0@egg-jsonp/config/config.default.js",
    "start": 1569076158717,
    "end": 1569076158719,
    "duration": 2,
    "pid": 42231,
    "index": 6
  },
  {
    "name": "Require(4) node_modules/_egg-onerror@2.1.0@egg-onerror/config/config.default.js",
    "start": 1569076158719,
    "end": 1569076158719,
    "duration": 0,
    "pid": 42231,
    "index": 7
  },
  {
    "name": "Require(5) node_modules/_egg-i18n@2.1.1@egg-i18n/config/config.default.js",
    "start": 1569076158719,
    "end": 1569076158720,
    "duration": 1,
    "pid": 42231,
    "index": 8
  },
  {
    "name": "Require(6) node_modules/_egg-watcher@3.1.0@egg-watcher/config/config.default.js",
    "start": 1569076158720,
    "end": 1569076158720,
    "duration": 0,
    "pid": 42231,
    "index": 9
  },
  {
    "name": "Require(7) node_modules/_egg-schedule@3.6.4@egg-schedule/config/config.default.js",
    "start": 1569076158720,
    "end": 1569076158721,
    "duration": 1,
    "pid": 42231,
    "index": 10
  },
  {
    "name": "Require(8) node_modules/_egg-multipart@2.9.0@egg-multipart/config/config.default.js",
    "start": 1569076158721,
    "end": 1569076158721,
    "duration": 0,
    "pid": 42231,
    "index": 11
  },
  {
    "name": "Require(9) node_modules/_egg-development@2.4.3@egg-development/config/config.default.js",
    "start": 1569076158721,
    "end": 1569076158721,
    "duration": 0,
    "pid": 42231,
    "index": 12
  },
  {
    "name": "Require(10) node_modules/_egg-logrotator@3.1.0@egg-logrotator/config/config.default.js",
    "start": 1569076158722,
    "end": 1569076158722,
    "duration": 0,
    "pid": 42231,
    "index": 13
  },
  {
    "name": "Require(11) node_modules/_egg-static@2.2.0@egg-static/config/config.default.js",
    "start": 1569076158722,
    "end": 1569076158722,
    "duration": 0,
    "pid": 42231,
    "index": 14
  },
  {
    "name": "Require(12) node_modules/_egg-view@2.1.2@egg-view/config/config.default.js",
    "start": 1569076158723,
    "end": 1569076158723,
    "duration": 0,
    "pid": 42231,
    "index": 15
  },
  {
    "name": "Require(13) node_modules/_egg@2.23.0@egg/config/config.default.js",
    "start": 1569076158723,
    "end": 1569076158724,
    "duration": 1,
    "pid": 42231,
    "index": 16
  },
  {
    "name": "Require(14) config/config.default.js",
    "start": 1569076158725,
    "end": 1569076158725,
    "duration": 0,
    "pid": 42231,
    "index": 17
  },
  {
    "name": "Require(15) node_modules/_egg-security@2.6.1@egg-security/config/config.local.js",
    "start": 1569076158725,
    "end": 1569076158725,
    "duration": 0,
    "pid": 42231,
    "index": 18
  },
  {
    "name": "Require(16) node_modules/_egg-watcher@3.1.0@egg-watcher/config/config.local.js",
    "start": 1569076158726,
    "end": 1569076158726,
    "duration": 0,
    "pid": 42231,
    "index": 19
  },
  {
    "name": "Require(17) node_modules/_egg-view@2.1.2@egg-view/config/config.local.js",
    "start": 1569076158726,
    "end": 1569076158726,
    "duration": 0,
    "pid": 42231,
    "index": 20
  },
  {
    "name": "Require(18) node_modules/_egg@2.23.0@egg/config/config.local.js",
    "start": 1569076158726,
    "end": 1569076158727,
    "duration": 1,
    "pid": 42231,
    "index": 21
  },
  {
    "name": "Load extend/application.js",
    "start": 1569076158728,
    "end": 1569076158733,
    "duration": 5,
    "pid": 42231,
    "index": 22
  },
  {
    "name": "Require(19) node_modules/_egg-session@3.1.0@egg-session/app/extend/application.js",
    "start": 1569076158728,
    "end": 1569076158729,
    "duration": 1,
    "pid": 42231,
    "index": 23
  },
  {
    "name": "Require(20) node_modules/_egg-security@2.6.1@egg-security/app/extend/application.js",
    "start": 1569076158729,
    "end": 1569076158729,
    "duration": 0,
    "pid": 42231,
    "index": 24
  },
  {
    "name": "Require(21) node_modules/_egg-jsonp@2.0.0@egg-jsonp/app/extend/application.js",
    "start": 1569076158729,
    "end": 1569076158730,
    "duration": 1,
    "pid": 42231,
    "index": 25
  },
  {
    "name": "Require(22) node_modules/_egg-logrotator@3.1.0@egg-logrotator/app/extend/application.js",
    "start": 1569076158730,
    "end": 1569076158731,
    "duration": 1,
    "pid": 42231,
    "index": 26
  },
  {
    "name": "Require(23) node_modules/_egg-view@2.1.2@egg-view/app/extend/application.js",
    "start": 1569076158732,
    "end": 1569076158732,
    "duration": 0,
    "pid": 42231,
    "index": 27
  },
  {
    "name": "Load extend/request.js",
    "start": 1569076158733,
    "end": 1569076158735,
    "duration": 2,
    "pid": 42231,
    "index": 28
  },
  {
    "name": "Require(24) node_modules/_egg@2.23.0@egg/app/extend/request.js",
    "start": 1569076158734,
    "end": 1569076158734,
    "duration": 0,
    "pid": 42231,
    "index": 29
  },
  {
    "name": "Load extend/response.js",
    "start": 1569076158735,
    "end": 1569076158737,
    "duration": 2,
    "pid": 42231,
    "index": 30
  },
  {
    "name": "Require(25) node_modules/_egg@2.23.0@egg/app/extend/response.js",
    "start": 1569076158735,
    "end": 1569076158736,
    "duration": 1,
    "pid": 42231,
    "index": 31
  },
  {
    "name": "Load extend/context.js",
    "start": 1569076158737,
    "end": 1569076158780,
    "duration": 43,
    "pid": 42231,
    "index": 32
  },
  {
    "name": "Require(26) node_modules/_egg-security@2.6.1@egg-security/app/extend/context.js",
    "start": 1569076158737,
    "end": 1569076158744,
    "duration": 7,
    "pid": 42231,
    "index": 33
  },
  {
    "name": "Require(27) node_modules/_egg-jsonp@2.0.0@egg-jsonp/app/extend/context.js",
    "start": 1569076158745,
    "end": 1569076158745,
    "duration": 0,
    "pid": 42231,
    "index": 34
  },
  {
    "name": "Require(28) node_modules/_egg-i18n@2.1.1@egg-i18n/app/extend/context.js",
    "start": 1569076158745,
    "end": 1569076158746,
    "duration": 1,
    "pid": 42231,
    "index": 35
  },
  {
    "name": "Require(29) node_modules/_egg-multipart@2.9.0@egg-multipart/app/extend/context.js",
    "start": 1569076158746,
    "end": 1569076158778,
    "duration": 32,
    "pid": 42231,
    "index": 36
  },
  {
    "name": "Require(30) node_modules/_egg-view@2.1.2@egg-view/app/extend/context.js",
    "start": 1569076158778,
    "end": 1569076158779,
    "duration": 1,
    "pid": 42231,
    "index": 37
  },
  {
    "name": "Require(31) node_modules/_egg@2.23.0@egg/app/extend/context.js",
    "start": 1569076158779,
    "end": 1569076158780,
    "duration": 1,
    "pid": 42231,
    "index": 38
  },
  {
    "name": "Load extend/helper.js",
    "start": 1569076158781,
    "end": 1569076158790,
    "duration": 9,
    "pid": 42231,
    "index": 39
  },
  {
    "name": "Require(32) node_modules/_egg-security@2.6.1@egg-security/app/extend/helper.js",
    "start": 1569076158781,
    "end": 1569076158788,
    "duration": 7,
    "pid": 42231,
    "index": 40
  },
  {
    "name": "Require(33) node_modules/_egg@2.23.0@egg/app/extend/helper.js",
    "start": 1569076158789,
    "end": 1569076158789,
    "duration": 0,
    "pid": 42231,
    "index": 41
  },
  {
    "name": "Load app.js",
    "start": 1569076158790,
    "end": 1569076158807,
    "duration": 17,
    "pid": 42231,
    "index": 42
  },
  {
    "name": "Require(34) node_modules/_egg-session@3.1.0@egg-session/app.js",
    "start": 1569076158790,
    "end": 1569076158790,
    "duration": 0,
    "pid": 42231,
    "index": 43
  },
  {
    "name": "Require(35) node_modules/_egg-security@2.6.1@egg-security/app.js",
    "start": 1569076158790,
    "end": 1569076158791,
    "duration": 1,
    "pid": 42231,
    "index": 44
  },
  {
    "name": "Require(36) node_modules/_egg-onerror@2.1.0@egg-onerror/app.js",
    "start": 1569076158791,
    "end": 1569076158795,
    "duration": 4,
    "pid": 42231,
    "index": 45
  },
  {
    "name": "Require(37) node_modules/_egg-i18n@2.1.1@egg-i18n/app.js",
    "start": 1569076158796,
    "end": 1569076158799,
    "duration": 3,
    "pid": 42231,
    "index": 46
  },
  {
    "name": "Require(38) node_modules/_egg-watcher@3.1.0@egg-watcher/app.js",
    "start": 1569076158799,
    "end": 1569076158803,
    "duration": 4,
    "pid": 42231,
    "index": 47
  },
  {
    "name": "Require(39) node_modules/_egg-schedule@3.6.4@egg-schedule/app.js",
    "start": 1569076158803,
    "end": 1569076158804,
    "duration": 1,
    "pid": 42231,
    "index": 48
  },
  {
    "name": "Require(40) node_modules/_egg-multipart@2.9.0@egg-multipart/app.js",
    "start": 1569076158804,
    "end": 1569076158806,
    "duration": 2,
    "pid": 42231,
    "index": 49
  },
  {
    "name": "Require(41) node_modules/_egg-development@2.4.3@egg-development/app.js",
    "start": 1569076158806,
    "end": 1569076158806,
    "duration": 0,
    "pid": 42231,
    "index": 50
  },
  {
    "name": "Require(42) node_modules/_egg-logrotator@3.1.0@egg-logrotator/app.js",
    "start": 1569076158806,
    "end": 1569076158806,
    "duration": 0,
    "pid": 42231,
    "index": 51
  },
  {
    "name": "Require(43) node_modules/_egg-static@2.2.0@egg-static/app.js",
    "start": 1569076158806,
    "end": 1569076158806,
    "duration": 0,
    "pid": 42231,
    "index": 52
  },
  {
    "name": "Before Start in node_modules/_egg-watcher@3.1.0@egg-watcher/lib/init.js:15:14",
    "start": 1569076158817,
    "end": 1569076158923,
    "duration": 106,
    "pid": 42231,
    "index": 53
  },
  {
    "name": "Load Service",
    "start": 1569076158838,
    "end": 1569076158866,
    "duration": 28,
    "pid": 42231,
    "index": 54
  },
  {
    "name": "Load \"service\" to Context",
    "start": 1569076158839,
    "end": 1569076158866,
    "duration": 27,
    "pid": 42231,
    "index": 55
  },
  {
    "name": "Load Middleware",
    "start": 1569076158866,
    "end": 1569076158903,
    "duration": 37,
    "pid": 42231,
    "index": 56
  },
  {
    "name": "Load \"middlewares\" to Application",
    "start": 1569076158867,
    "end": 1569076158898,
    "duration": 31,
    "pid": 42231,
    "index": 57
  },
  {
    "name": "Load Controller",
    "start": 1569076158903,
    "end": 1569076158905,
    "duration": 2,
    "pid": 42231,
    "index": 58
  },
  {
    "name": "Load \"controller\" to Application",
    "start": 1569076158903,
    "end": 1569076158905,
    "duration": 2,
    "pid": 42231,
    "index": 59
  },
  {
    "name": "Load Router",
    "start": 1569076158905,
    "end": 1569076158907,
    "duration": 2,
    "pid": 42231,
    "index": 60
  },
  {
    "name": "Require(44) app/router.js",
    "start": 1569076158905,
    "end": 1569076158905,
    "duration": 0,
    "pid": 42231,
    "index": 61
  },
  {
    "name": "Before Start in node_modules/_egg-core@4.17.3@egg-core/lib/egg.js:303:10",
    "start": 1569076158905,
    "end": 1569076158914,
    "duration": 9,
    "pid": 42231,
    "index": 62
  }
]