[
  {
    "name": "Application Start",
    "start": 1569076120038,
    "end": 1569076120263,
    "duration": 225,
    "pid": 42202,
    "index": 0
  },
  {
    "name": "Load Plugin",
    "start": 1569076120042,
    "end": 1569076120049,
    "duration": 7,
    "pid": 42202,
    "index": 1
  },
  {
    "name": "Load Config",
    "start": 1569076120050,
    "end": 1569076120063,
    "duration": 13,
    "pid": 42202,
    "index": 2
  },
  {
    "name": "Require(0) config/config.default.js",
    "start": 1569076120050,
    "end": 1569076120051,
    "duration": 1,
    "pid": 42202,
    "index": 3
  },
  {
    "name": "Require(1) node_modules/_egg-session@3.1.0@egg-session/config/config.default.js",
    "start": 1569076120052,
    "end": 1569076120053,
    "duration": 1,
    "pid": 42202,
    "index": 4
  },
  {
    "name": "Require(2) node_modules/_egg-security@2.6.1@egg-security/config/config.default.js",
    "start": 1569076120053,
    "end": 1569076120053,
    "duration": 0,
    "pid": 42202,
    "index": 5
  },
  {
    "name": "Require(3) node_modules/_egg-jsonp@2.0.0@egg-jsonp/config/config.default.js",
    "start": 1569076120054,
    "end": 1569076120056,
    "duration": 2,
    "pid": 42202,
    "index": 6
  },
  {
    "name": "Require(4) node_modules/_egg-onerror@2.1.0@egg-onerror/config/config.default.js",
    "start": 1569076120056,
    "end": 1569076120056,
    "duration": 0,
    "pid": 42202,
    "index": 7
  },
  {
    "name": "Require(5) node_modules/_egg-i18n@2.1.1@egg-i18n/config/config.default.js",
    "start": 1569076120056,
    "end": 1569076120056,
    "duration": 0,
    "pid": 42202,
    "index": 8
  },
  {
    "name": "Require(6) node_modules/_egg-watcher@3.1.0@egg-watcher/config/config.default.js",
    "start": 1569076120057,
    "end": 1569076120057,
    "duration": 0,
    "pid": 42202,
    "index": 9
  },
  {
    "name": "Require(7) node_modules/_egg-schedule@3.6.4@egg-schedule/config/config.default.js",
    "start": 1569076120057,
    "end": 1569076120057,
    "duration": 0,
    "pid": 42202,
    "index": 10
  },
  {
    "name": "Require(8) node_modules/_egg-multipart@2.9.0@egg-multipart/config/config.default.js",
    "start": 1569076120058,
    "end": 1569076120058,
    "duration": 0,
    "pid": 42202,
    "index": 11
  },
  {
    "name": "Require(9) node_modules/_egg-development@2.4.3@egg-development/config/config.default.js",
    "start": 1569076120059,
    "end": 1569076120059,
    "duration": 0,
    "pid": 42202,
    "index": 12
  },
  {
    "name": "Require(10) node_modules/_egg-logrotator@3.1.0@egg-logrotator/config/config.default.js",
    "start": 1569076120059,
    "end": 1569076120059,
    "duration": 0,
    "pid": 42202,
    "index": 13
  },
  {
    "name": "Require(11) node_modules/_egg-static@2.2.0@egg-static/config/config.default.js",
    "start": 1569076120059,
    "end": 1569076120059,
    "duration": 0,
    "pid": 42202,
    "index": 14
  },
  {
    "name": "Require(12) node_modules/_egg-view@2.1.2@egg-view/config/config.default.js",
    "start": 1569076120060,
    "end": 1569076120060,
    "duration": 0,
    "pid": 42202,
    "index": 15
  },
  {
    "name": "Require(13) node_modules/_egg@2.23.0@egg/config/config.default.js",
    "start": 1569076120060,
    "end": 1569076120060,
    "duration": 0,
    "pid": 42202,
    "index": 16
  },
  {
    "name": "Require(14) config/config.default.js",
    "start": 1569076120062,
    "end": 1569076120062,
    "duration": 0,
    "pid": 42202,
    "index": 17
  },
  {
    "name": "Require(15) node_modules/_egg-security@2.6.1@egg-security/config/config.local.js",
    "start": 1569076120062,
    "end": 1569076120062,
    "duration": 0,
    "pid": 42202,
    "index": 18
  },
  {
    "name": "Require(16) node_modules/_egg-watcher@3.1.0@egg-watcher/config/config.local.js",
    "start": 1569076120062,
    "end": 1569076120062,
    "duration": 0,
    "pid": 42202,
    "index": 19
  },
  {
    "name": "Require(17) node_modules/_egg-view@2.1.2@egg-view/config/config.local.js",
    "start": 1569076120063,
    "end": 1569076120063,
    "duration": 0,
    "pid": 42202,
    "index": 20
  },
  {
    "name": "Require(18) node_modules/_egg@2.23.0@egg/config/config.local.js",
    "start": 1569076120063,
    "end": 1569076120063,
    "duration": 0,
    "pid": 42202,
    "index": 21
  },
  {
    "name": "Load extend/application.js",
    "start": 1569076120065,
    "end": 1569076120070,
    "duration": 5,
    "pid": 42202,
    "index": 22
  },
  {
    "name": "Require(19) node_modules/_egg-session@3.1.0@egg-session/app/extend/application.js",
    "start": 1569076120065,
    "end": 1569076120065,
    "duration": 0,
    "pid": 42202,
    "index": 23
  },
  {
    "name": "Require(20) node_modules/_egg-security@2.6.1@egg-security/app/extend/application.js",
    "start": 1569076120065,
    "end": 1569076120066,
    "duration": 1,
    "pid": 42202,
    "index": 24
  },
  {
    "name": "Require(21) node_modules/_egg-jsonp@2.0.0@egg-jsonp/app/extend/application.js",
    "start": 1569076120066,
    "end": 1569076120067,
    "duration": 1,
    "pid": 42202,
    "index": 25
  },
  {
    "name": "Require(22) node_modules/_egg-logrotator@3.1.0@egg-logrotator/app/extend/application.js",
    "start": 1569076120067,
    "end": 1569076120069,
    "duration": 2,
    "pid": 42202,
    "index": 26
  },
  {
    "name": "Require(23) node_modules/_egg-view@2.1.2@egg-view/app/extend/application.js",
    "start": 1569076120069,
    "end": 1569076120070,
    "duration": 1,
    "pid": 42202,
    "index": 27
  },
  {
    "name": "Load extend/request.js",
    "start": 1569076120070,
    "end": 1569076120072,
    "duration": 2,
    "pid": 42202,
    "index": 28
  },
  {
    "name": "Require(24) node_modules/_egg@2.23.0@egg/app/extend/request.js",
    "start": 1569076120071,
    "end": 1569076120072,
    "duration": 1,
    "pid": 42202,
    "index": 29
  },
  {
    "name": "Load extend/response.js",
    "start": 1569076120072,
    "end": 1569076120075,
    "duration": 3,
    "pid": 42202,
    "index": 30
  },
  {
    "name": "Require(25) node_modules/_egg@2.23.0@egg/app/extend/response.js",
    "start": 1569076120073,
    "end": 1569076120074,
    "duration": 1,
    "pid": 42202,
    "index": 31
  },
  {
    "name": "Load extend/context.js",
    "start": 1569076120075,
    "end": 1569076120118,
    "duration": 43,
    "pid": 42202,
    "index": 32
  },
  {
    "name": "Require(26) node_modules/_egg-security@2.6.1@egg-security/app/extend/context.js",
    "start": 1569076120075,
    "end": 1569076120081,
    "duration": 6,
    "pid": 42202,
    "index": 33
  },
  {
    "name": "Require(27) node_modules/_egg-jsonp@2.0.0@egg-jsonp/app/extend/context.js",
    "start": 1569076120082,
    "end": 1569076120083,
    "duration": 1,
    "pid": 42202,
    "index": 34
  },
  {
    "name": "Require(28) node_modules/_egg-i18n@2.1.1@egg-i18n/app/extend/context.js",
    "start": 1569076120083,
    "end": 1569076120083,
    "duration": 0,
    "pid": 42202,
    "index": 35
  },
  {
    "name": "Require(29) node_modules/_egg-multipart@2.9.0@egg-multipart/app/extend/context.js",
    "start": 1569076120083,
    "end": 1569076120116,
    "duration": 33,
    "pid": 42202,
    "index": 36
  },
  {
    "name": "Require(30) node_modules/_egg-view@2.1.2@egg-view/app/extend/context.js",
    "start": 1569076120116,
    "end": 1569076120116,
    "duration": 0,
    "pid": 42202,
    "index": 37
  },
  {
    "name": "Require(31) node_modules/_egg@2.23.0@egg/app/extend/context.js",
    "start": 1569076120116,
    "end": 1569076120117,
    "duration": 1,
    "pid": 42202,
    "index": 38
  },
  {
    "name": "Load extend/helper.js",
    "start": 1569076120118,
    "end": 1569076120127,
    "duration": 9,
    "pid": 42202,
    "index": 39
  },
  {
    "name": "Require(32) node_modules/_egg-security@2.6.1@egg-security/app/extend/helper.js",
    "start": 1569076120118,
    "end": 1569076120126,
    "duration": 8,
    "pid": 42202,
    "index": 40
  },
  {
    "name": "Require(33) node_modules/_egg@2.23.0@egg/app/extend/helper.js",
    "start": 1569076120126,
    "end": 1569076120127,
    "duration": 1,
    "pid": 42202,
    "index": 41
  },
  {
    "name": "Load app.js",
    "start": 1569076120127,
    "end": 1569076120144,
    "duration": 17,
    "pid": 42202,
    "index": 42
  },
  {
    "name": "Require(34) node_modules/_egg-session@3.1.0@egg-session/app.js",
    "start": 1569076120127,
    "end": 1569076120128,
    "duration": 1,
    "pid": 42202,
    "index": 43
  },
  {
    "name": "Require(35) node_modules/_egg-security@2.6.1@egg-security/app.js",
    "start": 1569076120128,
    "end": 1569076120128,
    "duration": 0,
    "pid": 42202,
    "index": 44
  },
  {
    "name": "Require(36) node_modules/_egg-onerror@2.1.0@egg-onerror/app.js",
    "start": 1569076120129,
    "end": 1569076120134,
    "duration": 5,
    "pid": 42202,
    "index": 45
  },
  {
    "name": "Require(37) node_modules/_egg-i18n@2.1.1@egg-i18n/app.js",
    "start": 1569076120134,
    "end": 1569076120137,
    "duration": 3,
    "pid": 42202,
    "index": 46
  },
  {
    "name": "Require(38) node_modules/_egg-watcher@3.1.0@egg-watcher/app.js",
    "start": 1569076120137,
    "end": 1569076120141,
    "duration": 4,
    "pid": 42202,
    "index": 47
  },
  {
    "name": "Require(39) node_modules/_egg-schedule@3.6.4@egg-schedule/app.js",
    "start": 1569076120141,
    "end": 1569076120142,
    "duration": 1,
    "pid": 42202,
    "index": 48
  },
  {
    "name": "Require(40) node_modules/_egg-multipart@2.9.0@egg-multipart/app.js",
    "start": 1569076120142,
    "end": 1569076120143,
    "duration": 1,
    "pid": 42202,
    "index": 49
  },
  {
    "name": "Require(41) node_modules/_egg-development@2.4.3@egg-development/app.js",
    "start": 1569076120143,
    "end": 1569076120144,
    "duration": 1,
    "pid": 42202,
    "index": 50
  },
  {
    "name": "Require(42) node_modules/_egg-logrotator@3.1.0@egg-logrotator/app.js",
    "start": 1569076120144,
    "end": 1569076120144,
    "duration": 0,
    "pid": 42202,
    "index": 51
  },
  {
    "name": "Require(43) node_modules/_egg-static@2.2.0@egg-static/app.js",
    "start": 1569076120144,
    "end": 1569076120144,
    "duration": 0,
    "pid": 42202,
    "index": 52
  },
  {
    "name": "Before Start in node_modules/_egg-watcher@3.1.0@egg-watcher/lib/init.js:15:14",
    "start": 1569076120155,
    "end": 1569076120263,
    "duration": 108,
    "pid": 42202,
    "index": 53
  },
  {
    "name": "Load Service",
    "start": 1569076120177,
    "end": 1569076120207,
    "duration": 30,
    "pid": 42202,
    "index": 54
  },
  {
    "name": "Load \"service\" to Context",
    "start": 1569076120178,
    "end": 1569076120207,
    "duration": 29,
    "pid": 42202,
    "index": 55
  },
  {
    "name": "Load Middleware",
    "start": 1569076120207,
    "end": 1569076120243,
    "duration": 36,
    "pid": 42202,
    "index": 56
  },
  {
    "name": "Load \"middlewares\" to Application",
    "start": 1569076120207,
    "end": 1569076120238,
    "duration": 31,
    "pid": 42202,
    "index": 57
  },
  {
    "name": "Load Controller",
    "start": 1569076120243,
    "end": 1569076120245,
    "duration": 2,
    "pid": 42202,
    "index": 58
  },
  {
    "name": "Load \"controller\" to Application",
    "start": 1569076120243,
    "end": 1569076120245,
    "duration": 2,
    "pid": 42202,
    "index": 59
  },
  {
    "name": "Load Router",
    "start": 1569076120245,
    "end": 1569076120247,
    "duration": 2,
    "pid": 42202,
    "index": 60
  },
  {
    "name": "Require(44) app/router.js",
    "start": 1569076120245,
    "end": 1569076120245,
    "duration": 0,
    "pid": 42202,
    "index": 61
  },
  {
    "name": "Before Start in node_modules/_egg-core@4.17.3@egg-core/lib/egg.js:303:10",
    "start": 1569076120246,
    "end": 1569076120254,
    "duration": 8,
    "pid": 42202,
    "index": 62
  }
]