[
  {
    "name": "Application Start",
    "start": 1569076336786,
    "end": 1569076337010,
    "duration": 224,
    "pid": 42342,
    "index": 0
  },
  {
    "name": "Load Plugin",
    "start": 1569076336790,
    "end": 1569076336797,
    "duration": 7,
    "pid": 42342,
    "index": 1
  },
  {
    "name": "Load Config",
    "start": 1569076336797,
    "end": 1569076336811,
    "duration": 14,
    "pid": 42342,
    "index": 2
  },
  {
    "name": "Require(0) config/config.default.js",
    "start": 1569076336798,
    "end": 1569076336798,
    "duration": 0,
    "pid": 42342,
    "index": 3
  },
  {
    "name": "Require(1) node_modules/_egg-session@3.1.0@egg-session/config/config.default.js",
    "start": 1569076336799,
    "end": 1569076336799,
    "duration": 0,
    "pid": 42342,
    "index": 4
  },
  {
    "name": "Require(2) node_modules/_egg-security@2.6.1@egg-security/config/config.default.js",
    "start": 1569076336799,
    "end": 1569076336800,
    "duration": 1,
    "pid": 42342,
    "index": 5
  },
  {
    "name": "Require(3) node_modules/_egg-jsonp@2.0.0@egg-jsonp/config/config.default.js",
    "start": 1569076336800,
    "end": 1569076336802,
    "duration": 2,
    "pid": 42342,
    "index": 6
  },
  {
    "name": "Require(4) node_modules/_egg-onerror@2.1.0@egg-onerror/config/config.default.js",
    "start": 1569076336803,
    "end": 1569076336803,
    "duration": 0,
    "pid": 42342,
    "index": 7
  },
  {
    "name": "Require(5) node_modules/_egg-i18n@2.1.1@egg-i18n/config/config.default.js",
    "start": 1569076336804,
    "end": 1569076336804,
    "duration": 0,
    "pid": 42342,
    "index": 8
  },
  {
    "name": "Require(6) node_modules/_egg-watcher@3.1.0@egg-watcher/config/config.default.js",
    "start": 1569076336805,
    "end": 1569076336805,
    "duration": 0,
    "pid": 42342,
    "index": 9
  },
  {
    "name": "Require(7) node_modules/_egg-schedule@3.6.4@egg-schedule/config/config.default.js",
    "start": 1569076336806,
    "end": 1569076336806,
    "duration": 0,
    "pid": 42342,
    "index": 10
  },
  {
    "name": "Require(8) node_modules/_egg-multipart@2.9.0@egg-multipart/config/config.default.js",
    "start": 1569076336806,
    "end": 1569076336806,
    "duration": 0,
    "pid": 42342,
    "index": 11
  },
  {
    "name": "Require(9) node_modules/_egg-development@2.4.3@egg-development/config/config.default.js",
    "start": 1569076336807,
    "end": 1569076336807,
    "duration": 0,
    "pid": 42342,
    "index": 12
  },
  {
    "name": "Require(10) node_modules/_egg-logrotator@3.1.0@egg-logrotator/config/config.default.js",
    "start": 1569076336807,
    "end": 1569076336807,
    "duration": 0,
    "pid": 42342,
    "index": 13
  },
  {
    "name": "Require(11) node_modules/_egg-static@2.2.0@egg-static/config/config.default.js",
    "start": 1569076336807,
    "end": 1569076336807,
    "duration": 0,
    "pid": 42342,
    "index": 14
  },
  {
    "name": "Require(12) node_modules/_egg-view@2.1.2@egg-view/config/config.default.js",
    "start": 1569076336808,
    "end": 1569076336808,
    "duration": 0,
    "pid": 42342,
    "index": 15
  },
  {
    "name": "Require(13) node_modules/_egg@2.23.0@egg/config/config.default.js",
    "start": 1569076336808,
    "end": 1569076336808,
    "duration": 0,
    "pid": 42342,
    "index": 16
  },
  {
    "name": "Require(14) config/config.default.js",
    "start": 1569076336809,
    "end": 1569076336809,
    "duration": 0,
    "pid": 42342,
    "index": 17
  },
  {
    "name": "Require(15) node_modules/_egg-security@2.6.1@egg-security/config/config.local.js",
    "start": 1569076336810,
    "end": 1569076336810,
    "duration": 0,
    "pid": 42342,
    "index": 18
  },
  {
    "name": "Require(16) node_modules/_egg-watcher@3.1.0@egg-watcher/config/config.local.js",
    "start": 1569076336810,
    "end": 1569076336810,
    "duration": 0,
    "pid": 42342,
    "index": 19
  },
  {
    "name": "Require(17) node_modules/_egg-view@2.1.2@egg-view/config/config.local.js",
    "start": 1569076336811,
    "end": 1569076336811,
    "duration": 0,
    "pid": 42342,
    "index": 20
  },
  {
    "name": "Require(18) node_modules/_egg@2.23.0@egg/config/config.local.js",
    "start": 1569076336811,
    "end": 1569076336811,
    "duration": 0,
    "pid": 42342,
    "index": 21
  },
  {
    "name": "Load extend/application.js",
    "start": 1569076336812,
    "end": 1569076336817,
    "duration": 5,
    "pid": 42342,
    "index": 22
  },
  {
    "name": "Require(19) node_modules/_egg-session@3.1.0@egg-session/app/extend/application.js",
    "start": 1569076336813,
    "end": 1569076336813,
    "duration": 0,
    "pid": 42342,
    "index": 23
  },
  {
    "name": "Require(20) node_modules/_egg-security@2.6.1@egg-security/app/extend/application.js",
    "start": 1569076336813,
    "end": 1569076336814,
    "duration": 1,
    "pid": 42342,
    "index": 24
  },
  {
    "name": "Require(21) node_modules/_egg-jsonp@2.0.0@egg-jsonp/app/extend/application.js",
    "start": 1569076336814,
    "end": 1569076336815,
    "duration": 1,
    "pid": 42342,
    "index": 25
  },
  {
    "name": "Require(22) node_modules/_egg-logrotator@3.1.0@egg-logrotator/app/extend/application.js",
    "start": 1569076336815,
    "end": 1569076336816,
    "duration": 1,
    "pid": 42342,
    "index": 26
  },
  {
    "name": "Require(23) node_modules/_egg-view@2.1.2@egg-view/app/extend/application.js",
    "start": 1569076336816,
    "end": 1569076336816,
    "duration": 0,
    "pid": 42342,
    "index": 27
  },
  {
    "name": "Load extend/request.js",
    "start": 1569076336817,
    "end": 1569076336819,
    "duration": 2,
    "pid": 42342,
    "index": 28
  },
  {
    "name": "Require(24) node_modules/_egg@2.23.0@egg/app/extend/request.js",
    "start": 1569076336817,
    "end": 1569076336818,
    "duration": 1,
    "pid": 42342,
    "index": 29
  },
  {
    "name": "Load extend/response.js",
    "start": 1569076336819,
    "end": 1569076336821,
    "duration": 2,
    "pid": 42342,
    "index": 30
  },
  {
    "name": "Require(25) node_modules/_egg@2.23.0@egg/app/extend/response.js",
    "start": 1569076336819,
    "end": 1569076336820,
    "duration": 1,
    "pid": 42342,
    "index": 31
  },
  {
    "name": "Load extend/context.js",
    "start": 1569076336821,
    "end": 1569076336862,
    "duration": 41,
    "pid": 42342,
    "index": 32
  },
  {
    "name": "Require(26) node_modules/_egg-security@2.6.1@egg-security/app/extend/context.js",
    "start": 1569076336821,
    "end": 1569076336828,
    "duration": 7,
    "pid": 42342,
    "index": 33
  },
  {
    "name": "Require(27) node_modules/_egg-jsonp@2.0.0@egg-jsonp/app/extend/context.js",
    "start": 1569076336828,
    "end": 1569076336829,
    "duration": 1,
    "pid": 42342,
    "index": 34
  },
  {
    "name": "Require(28) node_modules/_egg-i18n@2.1.1@egg-i18n/app/extend/context.js",
    "start": 1569076336829,
    "end": 1569076336829,
    "duration": 0,
    "pid": 42342,
    "index": 35
  },
  {
    "name": "Require(29) node_modules/_egg-multipart@2.9.0@egg-multipart/app/extend/context.js",
    "start": 1569076336829,
    "end": 1569076336860,
    "duration": 31,
    "pid": 42342,
    "index": 36
  },
  {
    "name": "Require(30) node_modules/_egg-view@2.1.2@egg-view/app/extend/context.js",
    "start": 1569076336860,
    "end": 1569076336861,
    "duration": 1,
    "pid": 42342,
    "index": 37
  },
  {
    "name": "Require(31) node_modules/_egg@2.23.0@egg/app/extend/context.js",
    "start": 1569076336861,
    "end": 1569076336861,
    "duration": 0,
    "pid": 42342,
    "index": 38
  },
  {
    "name": "Load extend/helper.js",
    "start": 1569076336862,
    "end": 1569076336872,
    "duration": 10,
    "pid": 42342,
    "index": 39
  },
  {
    "name": "Require(32) node_modules/_egg-security@2.6.1@egg-security/app/extend/helper.js",
    "start": 1569076336862,
    "end": 1569076336871,
    "duration": 9,
    "pid": 42342,
    "index": 40
  },
  {
    "name": "Require(33) node_modules/_egg@2.23.0@egg/app/extend/helper.js",
    "start": 1569076336871,
    "end": 1569076336871,
    "duration": 0,
    "pid": 42342,
    "index": 41
  },
  {
    "name": "Load app.js",
    "start": 1569076336872,
    "end": 1569076336889,
    "duration": 17,
    "pid": 42342,
    "index": 42
  },
  {
    "name": "Require(34) node_modules/_egg-session@3.1.0@egg-session/app.js",
    "start": 1569076336872,
    "end": 1569076336873,
    "duration": 1,
    "pid": 42342,
    "index": 43
  },
  {
    "name": "Require(35) node_modules/_egg-security@2.6.1@egg-security/app.js",
    "start": 1569076336873,
    "end": 1569076336874,
    "duration": 1,
    "pid": 42342,
    "index": 44
  },
  {
    "name": "Require(36) node_modules/_egg-onerror@2.1.0@egg-onerror/app.js",
    "start": 1569076336874,
    "end": 1569076336879,
    "duration": 5,
    "pid": 42342,
    "index": 45
  },
  {
    "name": "Require(37) node_modules/_egg-i18n@2.1.1@egg-i18n/app.js",
    "start": 1569076336879,
    "end": 1569076336882,
    "duration": 3,
    "pid": 42342,
    "index": 46
  },
  {
    "name": "Require(38) node_modules/_egg-watcher@3.1.0@egg-watcher/app.js",
    "start": 1569076336882,
    "end": 1569076336885,
    "duration": 3,
    "pid": 42342,
    "index": 47
  },
  {
    "name": "Require(39) node_modules/_egg-schedule@3.6.4@egg-schedule/app.js",
    "start": 1569076336885,
    "end": 1569076336886,
    "duration": 1,
    "pid": 42342,
    "index": 48
  },
  {
    "name": "Require(40) node_modules/_egg-multipart@2.9.0@egg-multipart/app.js",
    "start": 1569076336886,
    "end": 1569076336887,
    "duration": 1,
    "pid": 42342,
    "index": 49
  },
  {
    "name": "Require(41) node_modules/_egg-development@2.4.3@egg-development/app.js",
    "start": 1569076336887,
    "end": 1569076336888,
    "duration": 1,
    "pid": 42342,
    "index": 50
  },
  {
    "name": "Require(42) node_modules/_egg-logrotator@3.1.0@egg-logrotator/app.js",
    "start": 1569076336888,
    "end": 1569076336888,
    "duration": 0,
    "pid": 42342,
    "index": 51
  },
  {
    "name": "Require(43) node_modules/_egg-static@2.2.0@egg-static/app.js",
    "start": 1569076336888,
    "end": 1569076336888,
    "duration": 0,
    "pid": 42342,
    "index": 52
  },
  {
    "name": "Before Start in node_modules/_egg-watcher@3.1.0@egg-watcher/lib/init.js:15:14",
    "start": 1569076336899,
    "end": 1569076337009,
    "duration": 110,
    "pid": 42342,
    "index": 53
  },
  {
    "name": "Load Service",
    "start": 1569076336922,
    "end": 1569076336951,
    "duration": 29,
    "pid": 42342,
    "index": 54
  },
  {
    "name": "Load \"service\" to Context",
    "start": 1569076336922,
    "end": 1569076336951,
    "duration": 29,
    "pid": 42342,
    "index": 55
  },
  {
    "name": "Load Middleware",
    "start": 1569076336951,
    "end": 1569076336988,
    "duration": 37,
    "pid": 42342,
    "index": 56
  },
  {
    "name": "Load \"middlewares\" to Application",
    "start": 1569076336951,
    "end": 1569076336983,
    "duration": 32,
    "pid": 42342,
    "index": 57
  },
  {
    "name": "Load Controller",
    "start": 1569076336988,
    "end": 1569076336990,
    "duration": 2,
    "pid": 42342,
    "index": 58
  },
  {
    "name": "Load \"controller\" to Application",
    "start": 1569076336988,
    "end": 1569076336990,
    "duration": 2,
    "pid": 42342,
    "index": 59
  },
  {
    "name": "Load Router",
    "start": 1569076336990,
    "end": 1569076336992,
    "duration": 2,
    "pid": 42342,
    "index": 60
  },
  {
    "name": "Require(44) app/router.js",
    "start": 1569076336990,
    "end": 1569076336990,
    "duration": 0,
    "pid": 42342,
    "index": 61
  },
  {
    "name": "Before Start in node_modules/_egg-core@4.17.3@egg-core/lib/egg.js:303:10",
    "start": 1569076336991,
    "end": 1569076336999,
    "duration": 8,
    "pid": 42342,
    "index": 62
  }
]