[
  {
    "name": "Application Start",
    "start": 1569076106297,
    "end": 1569076106507,
    "duration": 210,
    "pid": 42196,
    "index": 0
  },
  {
    "name": "Load Plugin",
    "start": 1569076106301,
    "end": 1569076106308,
    "duration": 7,
    "pid": 42196,
    "index": 1
  },
  {
    "name": "Load Config",
    "start": 1569076106308,
    "end": 1569076106319,
    "duration": 11,
    "pid": 42196,
    "index": 2
  },
  {
    "name": "Require(0) config/config.default.js",
    "start": 1569076106308,
    "end": 1569076106309,
    "duration": 1,
    "pid": 42196,
    "index": 3
  },
  {
    "name": "Require(1) node_modules/_egg-session@3.1.0@egg-session/config/config.default.js",
    "start": 1569076106310,
    "end": 1569076106310,
    "duration": 0,
    "pid": 42196,
    "index": 4
  },
  {
    "name": "Require(2) node_modules/_egg-security@2.6.1@egg-security/config/config.default.js",
    "start": 1569076106310,
    "end": 1569076106310,
    "duration": 0,
    "pid": 42196,
    "index": 5
  },
  {
    "name": "Require(3) node_modules/_egg-jsonp@2.0.0@egg-jsonp/config/config.default.js",
    "start": 1569076106311,
    "end": 1569076106312,
    "duration": 1,
    "pid": 42196,
    "index": 6
  },
  {
    "name": "Require(4) node_modules/_egg-onerror@2.1.0@egg-onerror/config/config.default.js",
    "start": 1569076106313,
    "end": 1569076106313,
    "duration": 0,
    "pid": 42196,
    "index": 7
  },
  {
    "name": "Require(5) node_modules/_egg-i18n@2.1.1@egg-i18n/config/config.default.js",
    "start": 1569076106313,
    "end": 1569076106313,
    "duration": 0,
    "pid": 42196,
    "index": 8
  },
  {
    "name": "Require(6) node_modules/_egg-watcher@3.1.0@egg-watcher/config/config.default.js",
    "start": 1569076106314,
    "end": 1569076106314,
    "duration": 0,
    "pid": 42196,
    "index": 9
  },
  {
    "name": "Require(7) node_modules/_egg-schedule@3.6.4@egg-schedule/config/config.default.js",
    "start": 1569076106314,
    "end": 1569076106314,
    "duration": 0,
    "pid": 42196,
    "index": 10
  },
  {
    "name": "Require(8) node_modules/_egg-multipart@2.9.0@egg-multipart/config/config.default.js",
    "start": 1569076106314,
    "end": 1569076106315,
    "duration": 1,
    "pid": 42196,
    "index": 11
  },
  {
    "name": "Require(9) node_modules/_egg-development@2.4.3@egg-development/config/config.default.js",
    "start": 1569076106315,
    "end": 1569076106315,
    "duration": 0,
    "pid": 42196,
    "index": 12
  },
  {
    "name": "Require(10) node_modules/_egg-logrotator@3.1.0@egg-logrotator/config/config.default.js",
    "start": 1569076106315,
    "end": 1569076106315,
    "duration": 0,
    "pid": 42196,
    "index": 13
  },
  {
    "name": "Require(11) node_modules/_egg-static@2.2.0@egg-static/config/config.default.js",
    "start": 1569076106315,
    "end": 1569076106316,
    "duration": 1,
    "pid": 42196,
    "index": 14
  },
  {
    "name": "Require(12) node_modules/_egg-view@2.1.2@egg-view/config/config.default.js",
    "start": 1569076106316,
    "end": 1569076106316,
    "duration": 0,
    "pid": 42196,
    "index": 15
  },
  {
    "name": "Require(13) node_modules/_egg@2.23.0@egg/config/config.default.js",
    "start": 1569076106316,
    "end": 1569076106317,
    "duration": 1,
    "pid": 42196,
    "index": 16
  },
  {
    "name": "Require(14) config/config.default.js",
    "start": 1569076106318,
    "end": 1569076106318,
    "duration": 0,
    "pid": 42196,
    "index": 17
  },
  {
    "name": "Require(15) node_modules/_egg-security@2.6.1@egg-security/config/config.local.js",
    "start": 1569076106318,
    "end": 1569076106318,
    "duration": 0,
    "pid": 42196,
    "index": 18
  },
  {
    "name": "Require(16) node_modules/_egg-watcher@3.1.0@egg-watcher/config/config.local.js",
    "start": 1569076106318,
    "end": 1569076106318,
    "duration": 0,
    "pid": 42196,
    "index": 19
  },
  {
    "name": "Require(17) node_modules/_egg-view@2.1.2@egg-view/config/config.local.js",
    "start": 1569076106319,
    "end": 1569076106319,
    "duration": 0,
    "pid": 42196,
    "index": 20
  },
  {
    "name": "Require(18) node_modules/_egg@2.23.0@egg/config/config.local.js",
    "start": 1569076106319,
    "end": 1569076106319,
    "duration": 0,
    "pid": 42196,
    "index": 21
  },
  {
    "name": "Load extend/application.js",
    "start": 1569076106320,
    "end": 1569076106325,
    "duration": 5,
    "pid": 42196,
    "index": 22
  },
  {
    "name": "Require(19) node_modules/_egg-session@3.1.0@egg-session/app/extend/application.js",
    "start": 1569076106321,
    "end": 1569076106321,
    "duration": 0,
    "pid": 42196,
    "index": 23
  },
  {
    "name": "Require(20) node_modules/_egg-security@2.6.1@egg-security/app/extend/application.js",
    "start": 1569076106321,
    "end": 1569076106322,
    "duration": 1,
    "pid": 42196,
    "index": 24
  },
  {
    "name": "Require(21) node_modules/_egg-jsonp@2.0.0@egg-jsonp/app/extend/application.js",
    "start": 1569076106322,
    "end": 1569076106322,
    "duration": 0,
    "pid": 42196,
    "index": 25
  },
  {
    "name": "Require(22) node_modules/_egg-logrotator@3.1.0@egg-logrotator/app/extend/application.js",
    "start": 1569076106323,
    "end": 1569076106323,
    "duration": 0,
    "pid": 42196,
    "index": 26
  },
  {
    "name": "Require(23) node_modules/_egg-view@2.1.2@egg-view/app/extend/application.js",
    "start": 1569076106324,
    "end": 1569076106324,
    "duration": 0,
    "pid": 42196,
    "index": 27
  },
  {
    "name": "Load extend/request.js",
    "start": 1569076106325,
    "end": 1569076106326,
    "duration": 1,
    "pid": 42196,
    "index": 28
  },
  {
    "name": "Require(24) node_modules/_egg@2.23.0@egg/app/extend/request.js",
    "start": 1569076106325,
    "end": 1569076106326,
    "duration": 1,
    "pid": 42196,
    "index": 29
  },
  {
    "name": "Load extend/response.js",
    "start": 1569076106326,
    "end": 1569076106328,
    "duration": 2,
    "pid": 42196,
    "index": 30
  },
  {
    "name": "Require(25) node_modules/_egg@2.23.0@egg/app/extend/response.js",
    "start": 1569076106327,
    "end": 1569076106328,
    "duration": 1,
    "pid": 42196,
    "index": 31
  },
  {
    "name": "Load extend/context.js",
    "start": 1569076106328,
    "end": 1569076106369,
    "duration": 41,
    "pid": 42196,
    "index": 32
  },
  {
    "name": "Require(26) node_modules/_egg-security@2.6.1@egg-security/app/extend/context.js",
    "start": 1569076106328,
    "end": 1569076106337,
    "duration": 9,
    "pid": 42196,
    "index": 33
  },
  {
    "name": "Require(27) node_modules/_egg-jsonp@2.0.0@egg-jsonp/app/extend/context.js",
    "start": 1569076106337,
    "end": 1569076106338,
    "duration": 1,
    "pid": 42196,
    "index": 34
  },
  {
    "name": "Require(28) node_modules/_egg-i18n@2.1.1@egg-i18n/app/extend/context.js",
    "start": 1569076106338,
    "end": 1569076106338,
    "duration": 0,
    "pid": 42196,
    "index": 35
  },
  {
    "name": "Require(29) node_modules/_egg-multipart@2.9.0@egg-multipart/app/extend/context.js",
    "start": 1569076106338,
    "end": 1569076106367,
    "duration": 29,
    "pid": 42196,
    "index": 36
  },
  {
    "name": "Require(30) node_modules/_egg-view@2.1.2@egg-view/app/extend/context.js",
    "start": 1569076106367,
    "end": 1569076106368,
    "duration": 1,
    "pid": 42196,
    "index": 37
  },
  {
    "name": "Require(31) node_modules/_egg@2.23.0@egg/app/extend/context.js",
    "start": 1569076106368,
    "end": 1569076106369,
    "duration": 1,
    "pid": 42196,
    "index": 38
  },
  {
    "name": "Load extend/helper.js",
    "start": 1569076106369,
    "end": 1569076106377,
    "duration": 8,
    "pid": 42196,
    "index": 39
  },
  {
    "name": "Require(32) node_modules/_egg-security@2.6.1@egg-security/app/extend/helper.js",
    "start": 1569076106370,
    "end": 1569076106376,
    "duration": 6,
    "pid": 42196,
    "index": 40
  },
  {
    "name": "Require(33) node_modules/_egg@2.23.0@egg/app/extend/helper.js",
    "start": 1569076106377,
    "end": 1569076106377,
    "duration": 0,
    "pid": 42196,
    "index": 41
  },
  {
    "name": "Load app.js",
    "start": 1569076106378,
    "end": 1569076106393,
    "duration": 15,
    "pid": 42196,
    "index": 42
  },
  {
    "name": "Require(34) node_modules/_egg-session@3.1.0@egg-session/app.js",
    "start": 1569076106378,
    "end": 1569076106378,
    "duration": 0,
    "pid": 42196,
    "index": 43
  },
  {
    "name": "Require(35) node_modules/_egg-security@2.6.1@egg-security/app.js",
    "start": 1569076106378,
    "end": 1569076106379,
    "duration": 1,
    "pid": 42196,
    "index": 44
  },
  {
    "name": "Require(36) node_modules/_egg-onerror@2.1.0@egg-onerror/app.js",
    "start": 1569076106379,
    "end": 1569076106383,
    "duration": 4,
    "pid": 42196,
    "index": 45
  },
  {
    "name": "Require(37) node_modules/_egg-i18n@2.1.1@egg-i18n/app.js",
    "start": 1569076106383,
    "end": 1569076106386,
    "duration": 3,
    "pid": 42196,
    "index": 46
  },
  {
    "name": "Require(38) node_modules/_egg-watcher@3.1.0@egg-watcher/app.js",
    "start": 1569076106387,
    "end": 1569076106390,
    "duration": 3,
    "pid": 42196,
    "index": 47
  },
  {
    "name": "Require(39) node_modules/_egg-schedule@3.6.4@egg-schedule/app.js",
    "start": 1569076106390,
    "end": 1569076106391,
    "duration": 1,
    "pid": 42196,
    "index": 48
  },
  {
    "name": "Require(40) node_modules/_egg-multipart@2.9.0@egg-multipart/app.js",
    "start": 1569076106391,
    "end": 1569076106392,
    "duration": 1,
    "pid": 42196,
    "index": 49
  },
  {
    "name": "Require(41) node_modules/_egg-development@2.4.3@egg-development/app.js",
    "start": 1569076106392,
    "end": 1569076106392,
    "duration": 0,
    "pid": 42196,
    "index": 50
  },
  {
    "name": "Require(42) node_modules/_egg-logrotator@3.1.0@egg-logrotator/app.js",
    "start": 1569076106392,
    "end": 1569076106392,
    "duration": 0,
    "pid": 42196,
    "index": 51
  },
  {
    "name": "Require(43) node_modules/_egg-static@2.2.0@egg-static/app.js",
    "start": 1569076106393,
    "end": 1569076106393,
    "duration": 0,
    "pid": 42196,
    "index": 52
  },
  {
    "name": "Before Start in node_modules/_egg-watcher@3.1.0@egg-watcher/lib/init.js:15:14",
    "start": 1569076106405,
    "end": 1569076106507,
    "duration": 102,
    "pid": 42196,
    "index": 53
  },
  {
    "name": "Load Service",
    "start": 1569076106426,
    "end": 1569076106451,
    "duration": 25,
    "pid": 42196,
    "index": 54
  },
  {
    "name": "Load \"service\" to Context",
    "start": 1569076106426,
    "end": 1569076106451,
    "duration": 25,
    "pid": 42196,
    "index": 55
  },
  {
    "name": "Load Middleware",
    "start": 1569076106451,
    "end": 1569076106487,
    "duration": 36,
    "pid": 42196,
    "index": 56
  },
  {
    "name": "Load \"middlewares\" to Application",
    "start": 1569076106451,
    "end": 1569076106482,
    "duration": 31,
    "pid": 42196,
    "index": 57
  },
  {
    "name": "Load Controller",
    "start": 1569076106487,
    "end": 1569076106489,
    "duration": 2,
    "pid": 42196,
    "index": 58
  },
  {
    "name": "Load \"controller\" to Application",
    "start": 1569076106487,
    "end": 1569076106489,
    "duration": 2,
    "pid": 42196,
    "index": 59
  },
  {
    "name": "Load Router",
    "start": 1569076106489,
    "end": 1569076106491,
    "duration": 2,
    "pid": 42196,
    "index": 60
  },
  {
    "name": "Require(44) app/router.js",
    "start": 1569076106489,
    "end": 1569076106489,
    "duration": 0,
    "pid": 42196,
    "index": 61
  },
  {
    "name": "Before Start in node_modules/_egg-core@4.17.3@egg-core/lib/egg.js:303:10",
    "start": 1569076106489,
    "end": 1569076106497,
    "duration": 8,
    "pid": 42196,
    "index": 62
  }
]