[
  {
    "name": "Application Start",
    "start": 1569075960066,
    "end": 1569075960279,
    "duration": 213,
    "pid": 42098,
    "index": 0
  },
  {
    "name": "Load Plugin",
    "start": 1569075960070,
    "end": 1569075960078,
    "duration": 8,
    "pid": 42098,
    "index": 1
  },
  {
    "name": "Load Config",
    "start": 1569075960078,
    "end": 1569075960089,
    "duration": 11,
    "pid": 42098,
    "index": 2
  },
  {
    "name": "Require(0) config/config.default.js",
    "start": 1569075960078,
    "end": 1569075960079,
    "duration": 1,
    "pid": 42098,
    "index": 3
  },
  {
    "name": "Require(1) node_modules/_egg-session@3.1.0@egg-session/config/config.default.js",
    "start": 1569075960080,
    "end": 1569075960080,
    "duration": 0,
    "pid": 42098,
    "index": 4
  },
  {
    "name": "Require(2) node_modules/_egg-security@2.6.1@egg-security/config/config.default.js",
    "start": 1569075960080,
    "end": 1569075960080,
    "duration": 0,
    "pid": 42098,
    "index": 5
  },
  {
    "name": "Require(3) node_modules/_egg-jsonp@2.0.0@egg-jsonp/config/config.default.js",
    "start": 1569075960081,
    "end": 1569075960083,
    "duration": 2,
    "pid": 42098,
    "index": 6
  },
  {
    "name": "Require(4) node_modules/_egg-onerror@2.1.0@egg-onerror/config/config.default.js",
    "start": 1569075960083,
    "end": 1569075960083,
    "duration": 0,
    "pid": 42098,
    "index": 7
  },
  {
    "name": "Require(5) node_modules/_egg-i18n@2.1.1@egg-i18n/config/config.default.js",
    "start": 1569075960083,
    "end": 1569075960083,
    "duration": 0,
    "pid": 42098,
    "index": 8
  },
  {
    "name": "Require(6) node_modules/_egg-watcher@3.1.0@egg-watcher/config/config.default.js",
    "start": 1569075960084,
    "end": 1569075960084,
    "duration": 0,
    "pid": 42098,
    "index": 9
  },
  {
    "name": "Require(7) node_modules/_egg-schedule@3.6.4@egg-schedule/config/config.default.js",
    "start": 1569075960084,
    "end": 1569075960084,
    "duration": 0,
    "pid": 42098,
    "index": 10
  },
  {
    "name": "Require(8) node_modules/_egg-multipart@2.9.0@egg-multipart/config/config.default.js",
    "start": 1569075960084,
    "end": 1569075960085,
    "duration": 1,
    "pid": 42098,
    "index": 11
  },
  {
    "name": "Require(9) node_modules/_egg-development@2.4.3@egg-development/config/config.default.js",
    "start": 1569075960085,
    "end": 1569075960085,
    "duration": 0,
    "pid": 42098,
    "index": 12
  },
  {
    "name": "Require(10) node_modules/_egg-logrotator@3.1.0@egg-logrotator/config/config.default.js",
    "start": 1569075960085,
    "end": 1569075960085,
    "duration": 0,
    "pid": 42098,
    "index": 13
  },
  {
    "name": "Require(11) node_modules/_egg-static@2.2.0@egg-static/config/config.default.js",
    "start": 1569075960085,
    "end": 1569075960086,
    "duration": 1,
    "pid": 42098,
    "index": 14
  },
  {
    "name": "Require(12) node_modules/_egg-view@2.1.2@egg-view/config/config.default.js",
    "start": 1569075960086,
    "end": 1569075960086,
    "duration": 0,
    "pid": 42098,
    "index": 15
  },
  {
    "name": "Require(13) node_modules/_egg@2.23.0@egg/config/config.default.js",
    "start": 1569075960086,
    "end": 1569075960087,
    "duration": 1,
    "pid": 42098,
    "index": 16
  },
  {
    "name": "Require(14) config/config.default.js",
    "start": 1569075960088,
    "end": 1569075960088,
    "duration": 0,
    "pid": 42098,
    "index": 17
  },
  {
    "name": "Require(15) node_modules/_egg-security@2.6.1@egg-security/config/config.local.js",
    "start": 1569075960088,
    "end": 1569075960088,
    "duration": 0,
    "pid": 42098,
    "index": 18
  },
  {
    "name": "Require(16) node_modules/_egg-watcher@3.1.0@egg-watcher/config/config.local.js",
    "start": 1569075960088,
    "end": 1569075960089,
    "duration": 1,
    "pid": 42098,
    "index": 19
  },
  {
    "name": "Require(17) node_modules/_egg-view@2.1.2@egg-view/config/config.local.js",
    "start": 1569075960089,
    "end": 1569075960089,
    "duration": 0,
    "pid": 42098,
    "index": 20
  },
  {
    "name": "Require(18) node_modules/_egg@2.23.0@egg/config/config.local.js",
    "start": 1569075960089,
    "end": 1569075960089,
    "duration": 0,
    "pid": 42098,
    "index": 21
  },
  {
    "name": "Load extend/application.js",
    "start": 1569075960091,
    "end": 1569075960095,
    "duration": 4,
    "pid": 42098,
    "index": 22
  },
  {
    "name": "Require(19) node_modules/_egg-session@3.1.0@egg-session/app/extend/application.js",
    "start": 1569075960091,
    "end": 1569075960091,
    "duration": 0,
    "pid": 42098,
    "index": 23
  },
  {
    "name": "Require(20) node_modules/_egg-security@2.6.1@egg-security/app/extend/application.js",
    "start": 1569075960091,
    "end": 1569075960092,
    "duration": 1,
    "pid": 42098,
    "index": 24
  },
  {
    "name": "Require(21) node_modules/_egg-jsonp@2.0.0@egg-jsonp/app/extend/application.js",
    "start": 1569075960092,
    "end": 1569075960093,
    "duration": 1,
    "pid": 42098,
    "index": 25
  },
  {
    "name": "Require(22) node_modules/_egg-logrotator@3.1.0@egg-logrotator/app/extend/application.js",
    "start": 1569075960093,
    "end": 1569075960094,
    "duration": 1,
    "pid": 42098,
    "index": 26
  },
  {
    "name": "Require(23) node_modules/_egg-view@2.1.2@egg-view/app/extend/application.js",
    "start": 1569075960094,
    "end": 1569075960095,
    "duration": 1,
    "pid": 42098,
    "index": 27
  },
  {
    "name": "Load extend/request.js",
    "start": 1569075960095,
    "end": 1569075960097,
    "duration": 2,
    "pid": 42098,
    "index": 28
  },
  {
    "name": "Require(24) node_modules/_egg@2.23.0@egg/app/extend/request.js",
    "start": 1569075960096,
    "end": 1569075960096,
    "duration": 0,
    "pid": 42098,
    "index": 29
  },
  {
    "name": "Load extend/response.js",
    "start": 1569075960097,
    "end": 1569075960098,
    "duration": 1,
    "pid": 42098,
    "index": 30
  },
  {
    "name": "Require(25) node_modules/_egg@2.23.0@egg/app/extend/response.js",
    "start": 1569075960097,
    "end": 1569075960098,
    "duration": 1,
    "pid": 42098,
    "index": 31
  },
  {
    "name": "Load extend/context.js",
    "start": 1569075960098,
    "end": 1569075960140,
    "duration": 42,
    "pid": 42098,
    "index": 32
  },
  {
    "name": "Require(26) node_modules/_egg-security@2.6.1@egg-security/app/extend/context.js",
    "start": 1569075960099,
    "end": 1569075960105,
    "duration": 6,
    "pid": 42098,
    "index": 33
  },
  {
    "name": "Require(27) node_modules/_egg-jsonp@2.0.0@egg-jsonp/app/extend/context.js",
    "start": 1569075960106,
    "end": 1569075960106,
    "duration": 0,
    "pid": 42098,
    "index": 34
  },
  {
    "name": "Require(28) node_modules/_egg-i18n@2.1.1@egg-i18n/app/extend/context.js",
    "start": 1569075960107,
    "end": 1569075960107,
    "duration": 0,
    "pid": 42098,
    "index": 35
  },
  {
    "name": "Require(29) node_modules/_egg-multipart@2.9.0@egg-multipart/app/extend/context.js",
    "start": 1569075960107,
    "end": 1569075960138,
    "duration": 31,
    "pid": 42098,
    "index": 36
  },
  {
    "name": "Require(30) node_modules/_egg-view@2.1.2@egg-view/app/extend/context.js",
    "start": 1569075960138,
    "end": 1569075960139,
    "duration": 1,
    "pid": 42098,
    "index": 37
  },
  {
    "name": "Require(31) node_modules/_egg@2.23.0@egg/app/extend/context.js",
    "start": 1569075960139,
    "end": 1569075960140,
    "duration": 1,
    "pid": 42098,
    "index": 38
  },
  {
    "name": "Load extend/helper.js",
    "start": 1569075960140,
    "end": 1569075960149,
    "duration": 9,
    "pid": 42098,
    "index": 39
  },
  {
    "name": "Require(32) node_modules/_egg-security@2.6.1@egg-security/app/extend/helper.js",
    "start": 1569075960140,
    "end": 1569075960148,
    "duration": 8,
    "pid": 42098,
    "index": 40
  },
  {
    "name": "Require(33) node_modules/_egg@2.23.0@egg/app/extend/helper.js",
    "start": 1569075960148,
    "end": 1569075960148,
    "duration": 0,
    "pid": 42098,
    "index": 41
  },
  {
    "name": "Load app.js",
    "start": 1569075960149,
    "end": 1569075960164,
    "duration": 15,
    "pid": 42098,
    "index": 42
  },
  {
    "name": "Require(34) node_modules/_egg-session@3.1.0@egg-session/app.js",
    "start": 1569075960149,
    "end": 1569075960149,
    "duration": 0,
    "pid": 42098,
    "index": 43
  },
  {
    "name": "Require(35) node_modules/_egg-security@2.6.1@egg-security/app.js",
    "start": 1569075960149,
    "end": 1569075960150,
    "duration": 1,
    "pid": 42098,
    "index": 44
  },
  {
    "name": "Require(36) node_modules/_egg-onerror@2.1.0@egg-onerror/app.js",
    "start": 1569075960150,
    "end": 1569075960154,
    "duration": 4,
    "pid": 42098,
    "index": 45
  },
  {
    "name": "Require(37) node_modules/_egg-i18n@2.1.1@egg-i18n/app.js",
    "start": 1569075960154,
    "end": 1569075960157,
    "duration": 3,
    "pid": 42098,
    "index": 46
  },
  {
    "name": "Require(38) node_modules/_egg-watcher@3.1.0@egg-watcher/app.js",
    "start": 1569075960157,
    "end": 1569075960161,
    "duration": 4,
    "pid": 42098,
    "index": 47
  },
  {
    "name": "Require(39) node_modules/_egg-schedule@3.6.4@egg-schedule/app.js",
    "start": 1569075960161,
    "end": 1569075960162,
    "duration": 1,
    "pid": 42098,
    "index": 48
  },
  {
    "name": "Require(40) node_modules/_egg-multipart@2.9.0@egg-multipart/app.js",
    "start": 1569075960162,
    "end": 1569075960163,
    "duration": 1,
    "pid": 42098,
    "index": 49
  },
  {
    "name": "Require(41) node_modules/_egg-development@2.4.3@egg-development/app.js",
    "start": 1569075960163,
    "end": 1569075960163,
    "duration": 0,
    "pid": 42098,
    "index": 50
  },
  {
    "name": "Require(42) node_modules/_egg-logrotator@3.1.0@egg-logrotator/app.js",
    "start": 1569075960163,
    "end": 1569075960163,
    "duration": 0,
    "pid": 42098,
    "index": 51
  },
  {
    "name": "Require(43) node_modules/_egg-static@2.2.0@egg-static/app.js",
    "start": 1569075960163,
    "end": 1569075960164,
    "duration": 1,
    "pid": 42098,
    "index": 52
  },
  {
    "name": "Before Start in node_modules/_egg-watcher@3.1.0@egg-watcher/lib/init.js:15:14",
    "start": 1569075960174,
    "end": 1569075960278,
    "duration": 104,
    "pid": 42098,
    "index": 53
  },
  {
    "name": "Load Service",
    "start": 1569075960195,
    "end": 1569075960222,
    "duration": 27,
    "pid": 42098,
    "index": 54
  },
  {
    "name": "Load \"service\" to Context",
    "start": 1569075960195,
    "end": 1569075960222,
    "duration": 27,
    "pid": 42098,
    "index": 55
  },
  {
    "name": "Load Middleware",
    "start": 1569075960222,
    "end": 1569075960256,
    "duration": 34,
    "pid": 42098,
    "index": 56
  },
  {
    "name": "Load \"middlewares\" to Application",
    "start": 1569075960222,
    "end": 1569075960251,
    "duration": 29,
    "pid": 42098,
    "index": 57
  },
  {
    "name": "Load Controller",
    "start": 1569075960256,
    "end": 1569075960257,
    "duration": 1,
    "pid": 42098,
    "index": 58
  },
  {
    "name": "Load \"controller\" to Application",
    "start": 1569075960256,
    "end": 1569075960257,
    "duration": 1,
    "pid": 42098,
    "index": 59
  },
  {
    "name": "Load Router",
    "start": 1569075960257,
    "end": 1569075960259,
    "duration": 2,
    "pid": 42098,
    "index": 60
  },
  {
    "name": "Require(44) app/router.js",
    "start": 1569075960257,
    "end": 1569075960257,
    "duration": 0,
    "pid": 42098,
    "index": 61
  },
  {
    "name": "Before Start in node_modules/_egg-core@4.17.3@egg-core/lib/egg.js:303:10",
    "start": 1569075960258,
    "end": 1569075960265,
    "duration": 7,
    "pid": 42098,
    "index": 62
  }
]