[
  {
    "name": "Application Start",
    "start": 1569076261889,
    "end": 1569076262159,
    "duration": 270,
    "pid": 42304,
    "index": 0
  },
  {
    "name": "Load Plugin",
    "start": 1569076261893,
    "end": 1569076261901,
    "duration": 8,
    "pid": 42304,
    "index": 1
  },
  {
    "name": "Load Config",
    "start": 1569076261901,
    "end": 1569076261913,
    "duration": 12,
    "pid": 42304,
    "index": 2
  },
  {
    "name": "Require(0) config/config.default.js",
    "start": 1569076261901,
    "end": 1569076261902,
    "duration": 1,
    "pid": 42304,
    "index": 3
  },
  {
    "name": "Require(1) node_modules/_egg-session@3.1.0@egg-session/config/config.default.js",
    "start": 1569076261903,
    "end": 1569076261903,
    "duration": 0,
    "pid": 42304,
    "index": 4
  },
  {
    "name": "Require(2) node_modules/_egg-security@2.6.1@egg-security/config/config.default.js",
    "start": 1569076261903,
    "end": 1569076261903,
    "duration": 0,
    "pid": 42304,
    "index": 5
  },
  {
    "name": "Require(3) node_modules/_egg-jsonp@2.0.0@egg-jsonp/config/config.default.js",
    "start": 1569076261904,
    "end": 1569076261906,
    "duration": 2,
    "pid": 42304,
    "index": 6
  },
  {
    "name": "Require(4) node_modules/_egg-onerror@2.1.0@egg-onerror/config/config.default.js",
    "start": 1569076261906,
    "end": 1569076261906,
    "duration": 0,
    "pid": 42304,
    "index": 7
  },
  {
    "name": "Require(5) node_modules/_egg-i18n@2.1.1@egg-i18n/config/config.default.js",
    "start": 1569076261907,
    "end": 1569076261907,
    "duration": 0,
    "pid": 42304,
    "index": 8
  },
  {
    "name": "Require(6) node_modules/_egg-watcher@3.1.0@egg-watcher/config/config.default.js",
    "start": 1569076261907,
    "end": 1569076261908,
    "duration": 1,
    "pid": 42304,
    "index": 9
  },
  {
    "name": "Require(7) node_modules/_egg-schedule@3.6.4@egg-schedule/config/config.default.js",
    "start": 1569076261908,
    "end": 1569076261908,
    "duration": 0,
    "pid": 42304,
    "index": 10
  },
  {
    "name": "Require(8) node_modules/_egg-multipart@2.9.0@egg-multipart/config/config.default.js",
    "start": 1569076261908,
    "end": 1569076261908,
    "duration": 0,
    "pid": 42304,
    "index": 11
  },
  {
    "name": "Require(9) node_modules/_egg-development@2.4.3@egg-development/config/config.default.js",
    "start": 1569076261909,
    "end": 1569076261909,
    "duration": 0,
    "pid": 42304,
    "index": 12
  },
  {
    "name": "Require(10) node_modules/_egg-logrotator@3.1.0@egg-logrotator/config/config.default.js",
    "start": 1569076261909,
    "end": 1569076261909,
    "duration": 0,
    "pid": 42304,
    "index": 13
  },
  {
    "name": "Require(11) node_modules/_egg-static@2.2.0@egg-static/config/config.default.js",
    "start": 1569076261909,
    "end": 1569076261909,
    "duration": 0,
    "pid": 42304,
    "index": 14
  },
  {
    "name": "Require(12) node_modules/_egg-view@2.1.2@egg-view/config/config.default.js",
    "start": 1569076261910,
    "end": 1569076261910,
    "duration": 0,
    "pid": 42304,
    "index": 15
  },
  {
    "name": "Require(13) node_modules/_egg@2.23.0@egg/config/config.default.js",
    "start": 1569076261910,
    "end": 1569076261910,
    "duration": 0,
    "pid": 42304,
    "index": 16
  },
  {
    "name": "Require(14) config/config.default.js",
    "start": 1569076261911,
    "end": 1569076261911,
    "duration": 0,
    "pid": 42304,
    "index": 17
  },
  {
    "name": "Require(15) node_modules/_egg-security@2.6.1@egg-security/config/config.local.js",
    "start": 1569076261912,
    "end": 1569076261912,
    "duration": 0,
    "pid": 42304,
    "index": 18
  },
  {
    "name": "Require(16) node_modules/_egg-watcher@3.1.0@egg-watcher/config/config.local.js",
    "start": 1569076261912,
    "end": 1569076261912,
    "duration": 0,
    "pid": 42304,
    "index": 19
  },
  {
    "name": "Require(17) node_modules/_egg-view@2.1.2@egg-view/config/config.local.js",
    "start": 1569076261913,
    "end": 1569076261913,
    "duration": 0,
    "pid": 42304,
    "index": 20
  },
  {
    "name": "Require(18) node_modules/_egg@2.23.0@egg/config/config.local.js",
    "start": 1569076261913,
    "end": 1569076261913,
    "duration": 0,
    "pid": 42304,
    "index": 21
  },
  {
    "name": "Load extend/application.js",
    "start": 1569076261914,
    "end": 1569076261919,
    "duration": 5,
    "pid": 42304,
    "index": 22
  },
  {
    "name": "Require(19) node_modules/_egg-session@3.1.0@egg-session/app/extend/application.js",
    "start": 1569076261915,
    "end": 1569076261915,
    "duration": 0,
    "pid": 42304,
    "index": 23
  },
  {
    "name": "Require(20) node_modules/_egg-security@2.6.1@egg-security/app/extend/application.js",
    "start": 1569076261915,
    "end": 1569076261916,
    "duration": 1,
    "pid": 42304,
    "index": 24
  },
  {
    "name": "Require(21) node_modules/_egg-jsonp@2.0.0@egg-jsonp/app/extend/application.js",
    "start": 1569076261916,
    "end": 1569076261916,
    "duration": 0,
    "pid": 42304,
    "index": 25
  },
  {
    "name": "Require(22) node_modules/_egg-logrotator@3.1.0@egg-logrotator/app/extend/application.js",
    "start": 1569076261917,
    "end": 1569076261918,
    "duration": 1,
    "pid": 42304,
    "index": 26
  },
  {
    "name": "Require(23) node_modules/_egg-view@2.1.2@egg-view/app/extend/application.js",
    "start": 1569076261918,
    "end": 1569076261918,
    "duration": 0,
    "pid": 42304,
    "index": 27
  },
  {
    "name": "Load extend/request.js",
    "start": 1569076261919,
    "end": 1569076261921,
    "duration": 2,
    "pid": 42304,
    "index": 28
  },
  {
    "name": "Require(24) node_modules/_egg@2.23.0@egg/app/extend/request.js",
    "start": 1569076261920,
    "end": 1569076261920,
    "duration": 0,
    "pid": 42304,
    "index": 29
  },
  {
    "name": "Load extend/response.js",
    "start": 1569076261921,
    "end": 1569076261923,
    "duration": 2,
    "pid": 42304,
    "index": 30
  },
  {
    "name": "Require(25) node_modules/_egg@2.23.0@egg/app/extend/response.js",
    "start": 1569076261921,
    "end": 1569076261922,
    "duration": 1,
    "pid": 42304,
    "index": 31
  },
  {
    "name": "Load extend/context.js",
    "start": 1569076261923,
    "end": 1569076261966,
    "duration": 43,
    "pid": 42304,
    "index": 32
  },
  {
    "name": "Require(26) node_modules/_egg-security@2.6.1@egg-security/app/extend/context.js",
    "start": 1569076261923,
    "end": 1569076261930,
    "duration": 7,
    "pid": 42304,
    "index": 33
  },
  {
    "name": "Require(27) node_modules/_egg-jsonp@2.0.0@egg-jsonp/app/extend/context.js",
    "start": 1569076261930,
    "end": 1569076261931,
    "duration": 1,
    "pid": 42304,
    "index": 34
  },
  {
    "name": "Require(28) node_modules/_egg-i18n@2.1.1@egg-i18n/app/extend/context.js",
    "start": 1569076261931,
    "end": 1569076261931,
    "duration": 0,
    "pid": 42304,
    "index": 35
  },
  {
    "name": "Require(29) node_modules/_egg-multipart@2.9.0@egg-multipart/app/extend/context.js",
    "start": 1569076261932,
    "end": 1569076261964,
    "duration": 32,
    "pid": 42304,
    "index": 36
  },
  {
    "name": "Require(30) node_modules/_egg-view@2.1.2@egg-view/app/extend/context.js",
    "start": 1569076261964,
    "end": 1569076261965,
    "duration": 1,
    "pid": 42304,
    "index": 37
  },
  {
    "name": "Require(31) node_modules/_egg@2.23.0@egg/app/extend/context.js",
    "start": 1569076261965,
    "end": 1569076261966,
    "duration": 1,
    "pid": 42304,
    "index": 38
  },
  {
    "name": "Load extend/helper.js",
    "start": 1569076261966,
    "end": 1569076261975,
    "duration": 9,
    "pid": 42304,
    "index": 39
  },
  {
    "name": "Require(32) node_modules/_egg-security@2.6.1@egg-security/app/extend/helper.js",
    "start": 1569076261966,
    "end": 1569076261974,
    "duration": 8,
    "pid": 42304,
    "index": 40
  },
  {
    "name": "Require(33) node_modules/_egg@2.23.0@egg/app/extend/helper.js",
    "start": 1569076261974,
    "end": 1569076261975,
    "duration": 1,
    "pid": 42304,
    "index": 41
  },
  {
    "name": "Load app.js",
    "start": 1569076261975,
    "end": 1569076262012,
    "duration": 37,
    "pid": 42304,
    "index": 42
  },
  {
    "name": "Require(34) node_modules/_egg-session@3.1.0@egg-session/app.js",
    "start": 1569076261975,
    "end": 1569076261976,
    "duration": 1,
    "pid": 42304,
    "index": 43
  },
  {
    "name": "Require(35) node_modules/_egg-security@2.6.1@egg-security/app.js",
    "start": 1569076261976,
    "end": 1569076261977,
    "duration": 1,
    "pid": 42304,
    "index": 44
  },
  {
    "name": "Require(36) node_modules/_egg-onerror@2.1.0@egg-onerror/app.js",
    "start": 1569076261977,
    "end": 1569076261986,
    "duration": 9,
    "pid": 42304,
    "index": 45
  },
  {
    "name": "Require(37) node_modules/_egg-i18n@2.1.1@egg-i18n/app.js",
    "start": 1569076261986,
    "end": 1569076261991,
    "duration": 5,
    "pid": 42304,
    "index": 46
  },
  {
    "name": "Require(38) node_modules/_egg-watcher@3.1.0@egg-watcher/app.js",
    "start": 1569076261991,
    "end": 1569076262000,
    "duration": 9,
    "pid": 42304,
    "index": 47
  },
  {
    "name": "Require(39) node_modules/_egg-schedule@3.6.4@egg-schedule/app.js",
    "start": 1569076262000,
    "end": 1569076262002,
    "duration": 2,
    "pid": 42304,
    "index": 48
  },
  {
    "name": "Require(40) node_modules/_egg-multipart@2.9.0@egg-multipart/app.js",
    "start": 1569076262002,
    "end": 1569076262009,
    "duration": 7,
    "pid": 42304,
    "index": 49
  },
  {
    "name": "Require(41) node_modules/_egg-development@2.4.3@egg-development/app.js",
    "start": 1569076262010,
    "end": 1569076262010,
    "duration": 0,
    "pid": 42304,
    "index": 50
  },
  {
    "name": "Require(42) node_modules/_egg-logrotator@3.1.0@egg-logrotator/app.js",
    "start": 1569076262010,
    "end": 1569076262011,
    "duration": 1,
    "pid": 42304,
    "index": 51
  },
  {
    "name": "Require(43) node_modules/_egg-static@2.2.0@egg-static/app.js",
    "start": 1569076262011,
    "end": 1569076262011,
    "duration": 0,
    "pid": 42304,
    "index": 52
  },
  {
    "name": "Before Start in node_modules/_egg-watcher@3.1.0@egg-watcher/lib/init.js:15:14",
    "start": 1569076262031,
    "end": 1569076262158,
    "duration": 127,
    "pid": 42304,
    "index": 53
  },
  {
    "name": "Load Service",
    "start": 1569076262060,
    "end": 1569076262093,
    "duration": 33,
    "pid": 42304,
    "index": 54
  },
  {
    "name": "Load \"service\" to Context",
    "start": 1569076262060,
    "end": 1569076262093,
    "duration": 33,
    "pid": 42304,
    "index": 55
  },
  {
    "name": "Load Middleware",
    "start": 1569076262093,
    "end": 1569076262135,
    "duration": 42,
    "pid": 42304,
    "index": 56
  },
  {
    "name": "Load \"middlewares\" to Application",
    "start": 1569076262093,
    "end": 1569076262128,
    "duration": 35,
    "pid": 42304,
    "index": 57
  },
  {
    "name": "Load Controller",
    "start": 1569076262135,
    "end": 1569076262138,
    "duration": 3,
    "pid": 42304,
    "index": 58
  },
  {
    "name": "Load \"controller\" to Application",
    "start": 1569076262135,
    "end": 1569076262138,
    "duration": 3,
    "pid": 42304,
    "index": 59
  },
  {
    "name": "Load Router",
    "start": 1569076262138,
    "end": 1569076262140,
    "duration": 2,
    "pid": 42304,
    "index": 60
  },
  {
    "name": "Require(44) app/router.js",
    "start": 1569076262138,
    "end": 1569076262138,
    "duration": 0,
    "pid": 42304,
    "index": 61
  },
  {
    "name": "Before Start in node_modules/_egg-core@4.17.3@egg-core/lib/egg.js:303:10",
    "start": 1569076262139,
    "end": 1569076262148,
    "duration": 9,
    "pid": 42304,
    "index": 62
  }
]