[
  {
    "name": "Application Start",
    "start": 1569680000742,
    "end": 1569680001257,
    "duration": 515,
    "pid": 38388,
    "index": 0
  },
  {
    "name": "Load Plugin",
    "start": 1569680000746,
    "end": 1569680000754,
    "duration": 8,
    "pid": 38388,
    "index": 1
  },
  {
    "name": "Load Config",
    "start": 1569680000754,
    "end": 1569680000768,
    "duration": 14,
    "pid": 38388,
    "index": 2
  },
  {
    "name": "Require(0) config/config.default.js",
    "start": 1569680000755,
    "end": 1569680000755,
    "duration": 0,
    "pid": 38388,
    "index": 3
  },
  {
    "name": "Require(1) node_modules/_egg-session@3.1.0@egg-session/config/config.default.js",
    "start": 1569680000756,
    "end": 1569680000757,
    "duration": 1,
    "pid": 38388,
    "index": 4
  },
  {
    "name": "Require(2) node_modules/_egg-security@2.6.1@egg-security/config/config.default.js",
    "start": 1569680000757,
    "end": 1569680000759,
    "duration": 2,
    "pid": 38388,
    "index": 5
  },
  {
    "name": "Require(3) node_modules/_egg-jsonp@2.0.0@egg-jsonp/config/config.default.js",
    "start": 1569680000759,
    "end": 1569680000760,
    "duration": 1,
    "pid": 38388,
    "index": 6
  },
  {
    "name": "Require(4) node_modules/_egg-onerror@2.1.0@egg-onerror/config/config.default.js",
    "start": 1569680000760,
    "end": 1569680000760,
    "duration": 0,
    "pid": 38388,
    "index": 7
  },
  {
    "name": "Require(5) node_modules/_egg-i18n@2.1.1@egg-i18n/config/config.default.js",
    "start": 1569680000760,
    "end": 1569680000760,
    "duration": 0,
    "pid": 38388,
    "index": 8
  },
  {
    "name": "Require(6) node_modules/_egg-watcher@3.1.0@egg-watcher/config/config.default.js",
    "start": 1569680000761,
    "end": 1569680000761,
    "duration": 0,
    "pid": 38388,
    "index": 9
  },
  {
    "name": "Require(7) node_modules/_egg-schedule@3.6.4@egg-schedule/config/config.default.js",
    "start": 1569680000761,
    "end": 1569680000761,
    "duration": 0,
    "pid": 38388,
    "index": 10
  },
  {
    "name": "Require(8) node_modules/_egg-multipart@2.9.0@egg-multipart/config/config.default.js",
    "start": 1569680000761,
    "end": 1569680000762,
    "duration": 1,
    "pid": 38388,
    "index": 11
  },
  {
    "name": "Require(9) node_modules/_egg-development@2.4.3@egg-development/config/config.default.js",
    "start": 1569680000762,
    "end": 1569680000762,
    "duration": 0,
    "pid": 38388,
    "index": 12
  },
  {
    "name": "Require(10) node_modules/_egg-logrotator@3.1.0@egg-logrotator/config/config.default.js",
    "start": 1569680000763,
    "end": 1569680000763,
    "duration": 0,
    "pid": 38388,
    "index": 13
  },
  {
    "name": "Require(11) node_modules/_egg-static@2.2.0@egg-static/config/config.default.js",
    "start": 1569680000763,
    "end": 1569680000763,
    "duration": 0,
    "pid": 38388,
    "index": 14
  },
  {
    "name": "Require(12) node_modules/_egg-view@2.1.2@egg-view/config/config.default.js",
    "start": 1569680000764,
    "end": 1569680000764,
    "duration": 0,
    "pid": 38388,
    "index": 15
  },
  {
    "name": "Require(13) node_modules/_egg-mongoose@3.2.0@egg-mongoose/config/config.default.js",
    "start": 1569680000764,
    "end": 1569680000764,
    "duration": 0,
    "pid": 38388,
    "index": 16
  },
  {
    "name": "Require(14) node_modules/_egg-jwt@3.1.6@egg-jwt/config/config.default.js",
    "start": 1569680000764,
    "end": 1569680000764,
    "duration": 0,
    "pid": 38388,
    "index": 17
  },
  {
    "name": "Require(15) node_modules/_egg-router-group@1.1.0@egg-router-group/config/config.default.js",
    "start": 1569680000765,
    "end": 1569680000765,
    "duration": 0,
    "pid": 38388,
    "index": 18
  },
  {
    "name": "Require(16) node_modules/_egg@2.23.0@egg/config/config.default.js",
    "start": 1569680000765,
    "end": 1569680000765,
    "duration": 0,
    "pid": 38388,
    "index": 19
  },
  {
    "name": "Require(17) config/config.default.js",
    "start": 1569680000766,
    "end": 1569680000766,
    "duration": 0,
    "pid": 38388,
    "index": 20
  },
  {
    "name": "Require(18) node_modules/_egg-security@2.6.1@egg-security/config/config.local.js",
    "start": 1569680000767,
    "end": 1569680000767,
    "duration": 0,
    "pid": 38388,
    "index": 21
  },
  {
    "name": "Require(19) node_modules/_egg-watcher@3.1.0@egg-watcher/config/config.local.js",
    "start": 1569680000767,
    "end": 1569680000767,
    "duration": 0,
    "pid": 38388,
    "index": 22
  },
  {
    "name": "Require(20) node_modules/_egg-view@2.1.2@egg-view/config/config.local.js",
    "start": 1569680000767,
    "end": 1569680000768,
    "duration": 1,
    "pid": 38388,
    "index": 23
  },
  {
    "name": "Require(21) node_modules/_egg@2.23.0@egg/config/config.local.js",
    "start": 1569680000768,
    "end": 1569680000768,
    "duration": 0,
    "pid": 38388,
    "index": 24
  },
  {
    "name": "Load extend/application.js",
    "start": 1569680000769,
    "end": 1569680000797,
    "duration": 28,
    "pid": 38388,
    "index": 25
  },
  {
    "name": "Require(22) node_modules/_egg-session@3.1.0@egg-session/app/extend/application.js",
    "start": 1569680000770,
    "end": 1569680000770,
    "duration": 0,
    "pid": 38388,
    "index": 26
  },
  {
    "name": "Require(23) node_modules/_egg-security@2.6.1@egg-security/app/extend/application.js",
    "start": 1569680000770,
    "end": 1569680000770,
    "duration": 0,
    "pid": 38388,
    "index": 27
  },
  {
    "name": "Require(24) node_modules/_egg-jsonp@2.0.0@egg-jsonp/app/extend/application.js",
    "start": 1569680000771,
    "end": 1569680000771,
    "duration": 0,
    "pid": 38388,
    "index": 28
  },
  {
    "name": "Require(25) node_modules/_egg-logrotator@3.1.0@egg-logrotator/app/extend/application.js",
    "start": 1569680000772,
    "end": 1569680000772,
    "duration": 0,
    "pid": 38388,
    "index": 29
  },
  {
    "name": "Require(26) node_modules/_egg-view@2.1.2@egg-view/app/extend/application.js",
    "start": 1569680000772,
    "end": 1569680000773,
    "duration": 1,
    "pid": 38388,
    "index": 30
  },
  {
    "name": "Require(27) node_modules/_egg-jwt@3.1.6@egg-jwt/app/extend/application.js",
    "start": 1569680000773,
    "end": 1569680000797,
    "duration": 24,
    "pid": 38388,
    "index": 31
  },
  {
    "name": "Load extend/request.js",
    "start": 1569680000797,
    "end": 1569680000800,
    "duration": 3,
    "pid": 38388,
    "index": 32
  },
  {
    "name": "Require(28) node_modules/_egg@2.23.0@egg/app/extend/request.js",
    "start": 1569680000798,
    "end": 1569680000799,
    "duration": 1,
    "pid": 38388,
    "index": 33
  },
  {
    "name": "Load extend/response.js",
    "start": 1569680000800,
    "end": 1569680000802,
    "duration": 2,
    "pid": 38388,
    "index": 34
  },
  {
    "name": "Require(29) node_modules/_egg@2.23.0@egg/app/extend/response.js",
    "start": 1569680000801,
    "end": 1569680000801,
    "duration": 0,
    "pid": 38388,
    "index": 35
  },
  {
    "name": "Load extend/context.js",
    "start": 1569680000802,
    "end": 1569680000847,
    "duration": 45,
    "pid": 38388,
    "index": 36
  },
  {
    "name": "Require(30) node_modules/_egg-security@2.6.1@egg-security/app/extend/context.js",
    "start": 1569680000802,
    "end": 1569680000807,
    "duration": 5,
    "pid": 38388,
    "index": 37
  },
  {
    "name": "Require(31) node_modules/_egg-jsonp@2.0.0@egg-jsonp/app/extend/context.js",
    "start": 1569680000807,
    "end": 1569680000808,
    "duration": 1,
    "pid": 38388,
    "index": 38
  },
  {
    "name": "Require(32) node_modules/_egg-i18n@2.1.1@egg-i18n/app/extend/context.js",
    "start": 1569680000808,
    "end": 1569680000808,
    "duration": 0,
    "pid": 38388,
    "index": 39
  },
  {
    "name": "Require(33) node_modules/_egg-multipart@2.9.0@egg-multipart/app/extend/context.js",
    "start": 1569680000808,
    "end": 1569680000844,
    "duration": 36,
    "pid": 38388,
    "index": 40
  },
  {
    "name": "Require(34) node_modules/_egg-view@2.1.2@egg-view/app/extend/context.js",
    "start": 1569680000844,
    "end": 1569680000845,
    "duration": 1,
    "pid": 38388,
    "index": 41
  },
  {
    "name": "Require(35) node_modules/_egg-mongoose@3.2.0@egg-mongoose/app/extend/context.js",
    "start": 1569680000845,
    "end": 1569680000845,
    "duration": 0,
    "pid": 38388,
    "index": 42
  },
  {
    "name": "Require(36) node_modules/_egg@2.23.0@egg/app/extend/context.js",
    "start": 1569680000845,
    "end": 1569680000846,
    "duration": 1,
    "pid": 38388,
    "index": 43
  },
  {
    "name": "Load extend/helper.js",
    "start": 1569680000847,
    "end": 1569680000857,
    "duration": 10,
    "pid": 38388,
    "index": 44
  },
  {
    "name": "Require(37) node_modules/_egg-security@2.6.1@egg-security/app/extend/helper.js",
    "start": 1569680000847,
    "end": 1569680000856,
    "duration": 9,
    "pid": 38388,
    "index": 45
  },
  {
    "name": "Require(38) node_modules/_egg@2.23.0@egg/app/extend/helper.js",
    "start": 1569680000857,
    "end": 1569680000857,
    "duration": 0,
    "pid": 38388,
    "index": 46
  },
  {
    "name": "Load app.js",
    "start": 1569680000858,
    "end": 1569680000873,
    "duration": 15,
    "pid": 38388,
    "index": 47
  },
  {
    "name": "Require(39) node_modules/_egg-session@3.1.0@egg-session/app.js",
    "start": 1569680000858,
    "end": 1569680000858,
    "duration": 0,
    "pid": 38388,
    "index": 48
  },
  {
    "name": "Require(40) node_modules/_egg-security@2.6.1@egg-security/app.js",
    "start": 1569680000858,
    "end": 1569680000859,
    "duration": 1,
    "pid": 38388,
    "index": 49
  },
  {
    "name": "Require(41) node_modules/_egg-onerror@2.1.0@egg-onerror/app.js",
    "start": 1569680000859,
    "end": 1569680000863,
    "duration": 4,
    "pid": 38388,
    "index": 50
  },
  {
    "name": "Require(42) node_modules/_egg-i18n@2.1.1@egg-i18n/app.js",
    "start": 1569680000863,
    "end": 1569680000867,
    "duration": 4,
    "pid": 38388,
    "index": 51
  },
  {
    "name": "Require(43) node_modules/_egg-watcher@3.1.0@egg-watcher/app.js",
    "start": 1569680000867,
    "end": 1569680000869,
    "duration": 2,
    "pid": 38388,
    "index": 52
  },
  {
    "name": "Require(44) node_modules/_egg-schedule@3.6.4@egg-schedule/app.js",
    "start": 1569680000869,
    "end": 1569680000870,
    "duration": 1,
    "pid": 38388,
    "index": 53
  },
  {
    "name": "Require(45) node_modules/_egg-multipart@2.9.0@egg-multipart/app.js",
    "start": 1569680000870,
    "end": 1569680000871,
    "duration": 1,
    "pid": 38388,
    "index": 54
  },
  {
    "name": "Require(46) node_modules/_egg-development@2.4.3@egg-development/app.js",
    "start": 1569680000871,
    "end": 1569680000871,
    "duration": 0,
    "pid": 38388,
    "index": 55
  },
  {
    "name": "Require(47) node_modules/_egg-logrotator@3.1.0@egg-logrotator/app.js",
    "start": 1569680000871,
    "end": 1569680000872,
    "duration": 1,
    "pid": 38388,
    "index": 56
  },
  {
    "name": "Require(48) node_modules/_egg-static@2.2.0@egg-static/app.js",
    "start": 1569680000872,
    "end": 1569680000872,
    "duration": 0,
    "pid": 38388,
    "index": 57
  },
  {
    "name": "Require(49) node_modules/_egg-mongoose@3.2.0@egg-mongoose/app.js",
    "start": 1569680000872,
    "end": 1569680000872,
    "duration": 0,
    "pid": 38388,
    "index": 58
  },
  {
    "name": "Require(50) node_modules/_egg-jwt@3.1.6@egg-jwt/app.js",
    "start": 1569680000872,
    "end": 1569680000872,
    "duration": 0,
    "pid": 38388,
    "index": 59
  },
  {
    "name": "Require(51) node_modules/_egg-router-group@1.1.0@egg-router-group/app.js",
    "start": 1569680000872,
    "end": 1569680000873,
    "duration": 1,
    "pid": 38388,
    "index": 60
  },
  {
    "name": "Before Start in node_modules/_egg-watcher@3.1.0@egg-watcher/lib/init.js:15:14",
    "start": 1569680000883,
    "end": 1569680001256,
    "duration": 373,
    "pid": 38388,
    "index": 61
  },
  {
    "name": "Before Start in node_modules/_egg-mongoose@3.2.0@egg-mongoose/lib/mongoose.js:91:7",
    "start": 1569680001119,
    "end": 1569680001254,
    "duration": 135,
    "pid": 38388,
    "index": 62
  },
  {
    "name": "Before Start in node_modules/_egg-mongoose@3.2.0@egg-mongoose/lib/mongoose.js:49:9",
    "start": 1569680001119,
    "end": 1569680001226,
    "duration": 107,
    "pid": 38388,
    "index": 63
  },
  {
    "name": "Before Start in node_modules/_egg-core@4.17.3@egg-core/lib/egg.js:303:10",
    "start": 1569680001120,
    "end": 1569680001226,
    "duration": 106,
    "pid": 38388,
    "index": 64
  },
  {
    "name": "Load Service",
    "start": 1569680001120,
    "end": 1569680001148,
    "duration": 28,
    "pid": 38388,
    "index": 65
  },
  {
    "name": "Load \"service\" to Context",
    "start": 1569680001120,
    "end": 1569680001148,
    "duration": 28,
    "pid": 38388,
    "index": 66
  },
  {
    "name": "Load Middleware",
    "start": 1569680001148,
    "end": 1569680001192,
    "duration": 44,
    "pid": 38388,
    "index": 67
  },
  {
    "name": "Load \"middlewares\" to Application",
    "start": 1569680001148,
    "end": 1569680001187,
    "duration": 39,
    "pid": 38388,
    "index": 68
  },
  {
    "name": "Load Controller",
    "start": 1569680001192,
    "end": 1569680001200,
    "duration": 8,
    "pid": 38388,
    "index": 69
  },
  {
    "name": "Load \"controller\" to Application",
    "start": 1569680001192,
    "end": 1569680001200,
    "duration": 8,
    "pid": 38388,
    "index": 70
  },
  {
    "name": "Load Router",
    "start": 1569680001200,
    "end": 1569680001203,
    "duration": 3,
    "pid": 38388,
    "index": 71
  },
  {
    "name": "Require(52) app/router.js",
    "start": 1569680001200,
    "end": 1569680001201,
    "duration": 1,
    "pid": 38388,
    "index": 72
  },
  {
    "name": "Load \"model\" to Application",
    "start": 1569680001211,
    "end": 1569680001225,
    "duration": 14,
    "pid": 38388,
    "index": 73
  }
]