[
  {
    "name": "Application Start",
    "start": 1569679157265,
    "end": 1569679157745,
    "duration": 480,
    "pid": 37986,
    "index": 0
  },
  {
    "name": "Load Plugin",
    "start": 1569679157269,
    "end": 1569679157276,
    "duration": 7,
    "pid": 37986,
    "index": 1
  },
  {
    "name": "Load Config",
    "start": 1569679157276,
    "end": 1569679157289,
    "duration": 13,
    "pid": 37986,
    "index": 2
  },
  {
    "name": "Require(0) config/config.default.js",
    "start": 1569679157277,
    "end": 1569679157277,
    "duration": 0,
    "pid": 37986,
    "index": 3
  },
  {
    "name": "Require(1) node_modules/_egg-session@3.1.0@egg-session/config/config.default.js",
    "start": 1569679157278,
    "end": 1569679157278,
    "duration": 0,
    "pid": 37986,
    "index": 4
  },
  {
    "name": "Require(2) node_modules/_egg-security@2.6.1@egg-security/config/config.default.js",
    "start": 1569679157279,
    "end": 1569679157281,
    "duration": 2,
    "pid": 37986,
    "index": 5
  },
  {
    "name": "Require(3) node_modules/_egg-jsonp@2.0.0@egg-jsonp/config/config.default.js",
    "start": 1569679157282,
    "end": 1569679157282,
    "duration": 0,
    "pid": 37986,
    "index": 6
  },
  {
    "name": "Require(4) node_modules/_egg-onerror@2.1.0@egg-onerror/config/config.default.js",
    "start": 1569679157282,
    "end": 1569679157282,
    "duration": 0,
    "pid": 37986,
    "index": 7
  },
  {
    "name": "Require(5) node_modules/_egg-i18n@2.1.1@egg-i18n/config/config.default.js",
    "start": 1569679157282,
    "end": 1569679157282,
    "duration": 0,
    "pid": 37986,
    "index": 8
  },
  {
    "name": "Require(6) node_modules/_egg-watcher@3.1.0@egg-watcher/config/config.default.js",
    "start": 1569679157283,
    "end": 1569679157283,
    "duration": 0,
    "pid": 37986,
    "index": 9
  },
  {
    "name": "Require(7) node_modules/_egg-schedule@3.6.4@egg-schedule/config/config.default.js",
    "start": 1569679157283,
    "end": 1569679157283,
    "duration": 0,
    "pid": 37986,
    "index": 10
  },
  {
    "name": "Require(8) node_modules/_egg-multipart@2.9.0@egg-multipart/config/config.default.js",
    "start": 1569679157283,
    "end": 1569679157283,
    "duration": 0,
    "pid": 37986,
    "index": 11
  },
  {
    "name": "Require(9) node_modules/_egg-development@2.4.3@egg-development/config/config.default.js",
    "start": 1569679157284,
    "end": 1569679157284,
    "duration": 0,
    "pid": 37986,
    "index": 12
  },
  {
    "name": "Require(10) node_modules/_egg-logrotator@3.1.0@egg-logrotator/config/config.default.js",
    "start": 1569679157284,
    "end": 1569679157284,
    "duration": 0,
    "pid": 37986,
    "index": 13
  },
  {
    "name": "Require(11) node_modules/_egg-static@2.2.0@egg-static/config/config.default.js",
    "start": 1569679157284,
    "end": 1569679157285,
    "duration": 1,
    "pid": 37986,
    "index": 14
  },
  {
    "name": "Require(12) node_modules/_egg-view@2.1.2@egg-view/config/config.default.js",
    "start": 1569679157285,
    "end": 1569679157285,
    "duration": 0,
    "pid": 37986,
    "index": 15
  },
  {
    "name": "Require(13) node_modules/_egg-mongoose@3.2.0@egg-mongoose/config/config.default.js",
    "start": 1569679157285,
    "end": 1569679157285,
    "duration": 0,
    "pid": 37986,
    "index": 16
  },
  {
    "name": "Require(14) node_modules/_egg-jwt@3.1.6@egg-jwt/config/config.default.js",
    "start": 1569679157285,
    "end": 1569679157286,
    "duration": 1,
    "pid": 37986,
    "index": 17
  },
  {
    "name": "Require(15) node_modules/_egg-router-group@1.1.0@egg-router-group/config/config.default.js",
    "start": 1569679157286,
    "end": 1569679157286,
    "duration": 0,
    "pid": 37986,
    "index": 18
  },
  {
    "name": "Require(16) node_modules/_egg@2.23.0@egg/config/config.default.js",
    "start": 1569679157286,
    "end": 1569679157286,
    "duration": 0,
    "pid": 37986,
    "index": 19
  },
  {
    "name": "Require(17) config/config.default.js",
    "start": 1569679157287,
    "end": 1569679157287,
    "duration": 0,
    "pid": 37986,
    "index": 20
  },
  {
    "name": "Require(18) node_modules/_egg-security@2.6.1@egg-security/config/config.local.js",
    "start": 1569679157288,
    "end": 1569679157288,
    "duration": 0,
    "pid": 37986,
    "index": 21
  },
  {
    "name": "Require(19) node_modules/_egg-watcher@3.1.0@egg-watcher/config/config.local.js",
    "start": 1569679157288,
    "end": 1569679157288,
    "duration": 0,
    "pid": 37986,
    "index": 22
  },
  {
    "name": "Require(20) node_modules/_egg-view@2.1.2@egg-view/config/config.local.js",
    "start": 1569679157289,
    "end": 1569679157289,
    "duration": 0,
    "pid": 37986,
    "index": 23
  },
  {
    "name": "Require(21) node_modules/_egg@2.23.0@egg/config/config.local.js",
    "start": 1569679157289,
    "end": 1569679157289,
    "duration": 0,
    "pid": 37986,
    "index": 24
  },
  {
    "name": "Load extend/application.js",
    "start": 1569679157290,
    "end": 1569679157319,
    "duration": 29,
    "pid": 37986,
    "index": 25
  },
  {
    "name": "Require(22) node_modules/_egg-session@3.1.0@egg-session/app/extend/application.js",
    "start": 1569679157291,
    "end": 1569679157291,
    "duration": 0,
    "pid": 37986,
    "index": 26
  },
  {
    "name": "Require(23) node_modules/_egg-security@2.6.1@egg-security/app/extend/application.js",
    "start": 1569679157291,
    "end": 1569679157292,
    "duration": 1,
    "pid": 37986,
    "index": 27
  },
  {
    "name": "Require(24) node_modules/_egg-jsonp@2.0.0@egg-jsonp/app/extend/application.js",
    "start": 1569679157292,
    "end": 1569679157293,
    "duration": 1,
    "pid": 37986,
    "index": 28
  },
  {
    "name": "Require(25) node_modules/_egg-logrotator@3.1.0@egg-logrotator/app/extend/application.js",
    "start": 1569679157293,
    "end": 1569679157294,
    "duration": 1,
    "pid": 37986,
    "index": 29
  },
  {
    "name": "Require(26) node_modules/_egg-view@2.1.2@egg-view/app/extend/application.js",
    "start": 1569679157295,
    "end": 1569679157295,
    "duration": 0,
    "pid": 37986,
    "index": 30
  },
  {
    "name": "Require(27) node_modules/_egg-jwt@3.1.6@egg-jwt/app/extend/application.js",
    "start": 1569679157296,
    "end": 1569679157318,
    "duration": 22,
    "pid": 37986,
    "index": 31
  },
  {
    "name": "Load extend/request.js",
    "start": 1569679157319,
    "end": 1569679157321,
    "duration": 2,
    "pid": 37986,
    "index": 32
  },
  {
    "name": "Require(28) node_modules/_egg@2.23.0@egg/app/extend/request.js",
    "start": 1569679157320,
    "end": 1569679157320,
    "duration": 0,
    "pid": 37986,
    "index": 33
  },
  {
    "name": "Load extend/response.js",
    "start": 1569679157321,
    "end": 1569679157323,
    "duration": 2,
    "pid": 37986,
    "index": 34
  },
  {
    "name": "Require(29) node_modules/_egg@2.23.0@egg/app/extend/response.js",
    "start": 1569679157322,
    "end": 1569679157322,
    "duration": 0,
    "pid": 37986,
    "index": 35
  },
  {
    "name": "Load extend/context.js",
    "start": 1569679157323,
    "end": 1569679157367,
    "duration": 44,
    "pid": 37986,
    "index": 36
  },
  {
    "name": "Require(30) node_modules/_egg-security@2.6.1@egg-security/app/extend/context.js",
    "start": 1569679157323,
    "end": 1569679157327,
    "duration": 4,
    "pid": 37986,
    "index": 37
  },
  {
    "name": "Require(31) node_modules/_egg-jsonp@2.0.0@egg-jsonp/app/extend/context.js",
    "start": 1569679157328,
    "end": 1569679157328,
    "duration": 0,
    "pid": 37986,
    "index": 38
  },
  {
    "name": "Require(32) node_modules/_egg-i18n@2.1.1@egg-i18n/app/extend/context.js",
    "start": 1569679157328,
    "end": 1569679157329,
    "duration": 1,
    "pid": 37986,
    "index": 39
  },
  {
    "name": "Require(33) node_modules/_egg-multipart@2.9.0@egg-multipart/app/extend/context.js",
    "start": 1569679157329,
    "end": 1569679157365,
    "duration": 36,
    "pid": 37986,
    "index": 40
  },
  {
    "name": "Require(34) node_modules/_egg-view@2.1.2@egg-view/app/extend/context.js",
    "start": 1569679157365,
    "end": 1569679157366,
    "duration": 1,
    "pid": 37986,
    "index": 41
  },
  {
    "name": "Require(35) node_modules/_egg-mongoose@3.2.0@egg-mongoose/app/extend/context.js",
    "start": 1569679157366,
    "end": 1569679157366,
    "duration": 0,
    "pid": 37986,
    "index": 42
  },
  {
    "name": "Require(36) node_modules/_egg@2.23.0@egg/app/extend/context.js",
    "start": 1569679157366,
    "end": 1569679157367,
    "duration": 1,
    "pid": 37986,
    "index": 43
  },
  {
    "name": "Load extend/helper.js",
    "start": 1569679157367,
    "end": 1569679157376,
    "duration": 9,
    "pid": 37986,
    "index": 44
  },
  {
    "name": "Require(37) node_modules/_egg-security@2.6.1@egg-security/app/extend/helper.js",
    "start": 1569679157368,
    "end": 1569679157375,
    "duration": 7,
    "pid": 37986,
    "index": 45
  },
  {
    "name": "Require(38) node_modules/_egg@2.23.0@egg/app/extend/helper.js",
    "start": 1569679157376,
    "end": 1569679157376,
    "duration": 0,
    "pid": 37986,
    "index": 46
  },
  {
    "name": "Load app.js",
    "start": 1569679157377,
    "end": 1569679157391,
    "duration": 14,
    "pid": 37986,
    "index": 47
  },
  {
    "name": "Require(39) node_modules/_egg-session@3.1.0@egg-session/app.js",
    "start": 1569679157377,
    "end": 1569679157377,
    "duration": 0,
    "pid": 37986,
    "index": 48
  },
  {
    "name": "Require(40) node_modules/_egg-security@2.6.1@egg-security/app.js",
    "start": 1569679157377,
    "end": 1569679157378,
    "duration": 1,
    "pid": 37986,
    "index": 49
  },
  {
    "name": "Require(41) node_modules/_egg-onerror@2.1.0@egg-onerror/app.js",
    "start": 1569679157378,
    "end": 1569679157382,
    "duration": 4,
    "pid": 37986,
    "index": 50
  },
  {
    "name": "Require(42) node_modules/_egg-i18n@2.1.1@egg-i18n/app.js",
    "start": 1569679157382,
    "end": 1569679157385,
    "duration": 3,
    "pid": 37986,
    "index": 51
  },
  {
    "name": "Require(43) node_modules/_egg-watcher@3.1.0@egg-watcher/app.js",
    "start": 1569679157385,
    "end": 1569679157387,
    "duration": 2,
    "pid": 37986,
    "index": 52
  },
  {
    "name": "Require(44) node_modules/_egg-schedule@3.6.4@egg-schedule/app.js",
    "start": 1569679157387,
    "end": 1569679157388,
    "duration": 1,
    "pid": 37986,
    "index": 53
  },
  {
    "name": "Require(45) node_modules/_egg-multipart@2.9.0@egg-multipart/app.js",
    "start": 1569679157388,
    "end": 1569679157389,
    "duration": 1,
    "pid": 37986,
    "index": 54
  },
  {
    "name": "Require(46) node_modules/_egg-development@2.4.3@egg-development/app.js",
    "start": 1569679157389,
    "end": 1569679157389,
    "duration": 0,
    "pid": 37986,
    "index": 55
  },
  {
    "name": "Require(47) node_modules/_egg-logrotator@3.1.0@egg-logrotator/app.js",
    "start": 1569679157389,
    "end": 1569679157389,
    "duration": 0,
    "pid": 37986,
    "index": 56
  },
  {
    "name": "Require(48) node_modules/_egg-static@2.2.0@egg-static/app.js",
    "start": 1569679157389,
    "end": 1569679157389,
    "duration": 0,
    "pid": 37986,
    "index": 57
  },
  {
    "name": "Require(49) node_modules/_egg-mongoose@3.2.0@egg-mongoose/app.js",
    "start": 1569679157390,
    "end": 1569679157390,
    "duration": 0,
    "pid": 37986,
    "index": 58
  },
  {
    "name": "Require(50) node_modules/_egg-jwt@3.1.6@egg-jwt/app.js",
    "start": 1569679157390,
    "end": 1569679157390,
    "duration": 0,
    "pid": 37986,
    "index": 59
  },
  {
    "name": "Require(51) node_modules/_egg-router-group@1.1.0@egg-router-group/app.js",
    "start": 1569679157390,
    "end": 1569679157391,
    "duration": 1,
    "pid": 37986,
    "index": 60
  },
  {
    "name": "Before Start in node_modules/_egg-watcher@3.1.0@egg-watcher/lib/init.js:15:14",
    "start": 1569679157401,
    "end": 1569679157744,
    "duration": 343,
    "pid": 37986,
    "index": 61
  },
  {
    "name": "Before Start in node_modules/_egg-mongoose@3.2.0@egg-mongoose/lib/mongoose.js:91:7",
    "start": 1569679157623,
    "end": 1569679157742,
    "duration": 119,
    "pid": 37986,
    "index": 62
  },
  {
    "name": "Before Start in node_modules/_egg-mongoose@3.2.0@egg-mongoose/lib/mongoose.js:49:9",
    "start": 1569679157624,
    "end": 1569679157723,
    "duration": 99,
    "pid": 37986,
    "index": 63
  },
  {
    "name": "Before Start in node_modules/_egg-core@4.17.3@egg-core/lib/egg.js:303:10",
    "start": 1569679157624,
    "end": 1569679157723,
    "duration": 99,
    "pid": 37986,
    "index": 64
  },
  {
    "name": "Load Service",
    "start": 1569679157624,
    "end": 1569679157655,
    "duration": 31,
    "pid": 37986,
    "index": 65
  },
  {
    "name": "Load \"service\" to Context",
    "start": 1569679157625,
    "end": 1569679157655,
    "duration": 30,
    "pid": 37986,
    "index": 66
  },
  {
    "name": "Load Middleware",
    "start": 1569679157655,
    "end": 1569679157692,
    "duration": 37,
    "pid": 37986,
    "index": 67
  },
  {
    "name": "Load \"middlewares\" to Application",
    "start": 1569679157655,
    "end": 1569679157687,
    "duration": 32,
    "pid": 37986,
    "index": 68
  },
  {
    "name": "Load Controller",
    "start": 1569679157692,
    "end": 1569679157700,
    "duration": 8,
    "pid": 37986,
    "index": 69
  },
  {
    "name": "Load \"controller\" to Application",
    "start": 1569679157692,
    "end": 1569679157700,
    "duration": 8,
    "pid": 37986,
    "index": 70
  },
  {
    "name": "Load Router",
    "start": 1569679157700,
    "end": 1569679157703,
    "duration": 3,
    "pid": 37986,
    "index": 71
  },
  {
    "name": "Require(52) app/router.js",
    "start": 1569679157700,
    "end": 1569679157701,
    "duration": 1,
    "pid": 37986,
    "index": 72
  },
  {
    "name": "Load \"model\" to Application",
    "start": 1569679157711,
    "end": 1569679157722,
    "duration": 11,
    "pid": 37986,
    "index": 73
  }
]