[
  {
    "name": "Application Start",
    "start": 1569673776017,
    "end": 1569673776663,
    "duration": 646,
    "pid": 35872,
    "index": 0
  },
  {
    "name": "Load Plugin",
    "start": 1569673776022,
    "end": 1569673776034,
    "duration": 12,
    "pid": 35872,
    "index": 1
  },
  {
    "name": "Load Config",
    "start": 1569673776034,
    "end": 1569673776050,
    "duration": 16,
    "pid": 35872,
    "index": 2
  },
  {
    "name": "Require(0) config/config.default.js",
    "start": 1569673776035,
    "end": 1569673776035,
    "duration": 0,
    "pid": 35872,
    "index": 3
  },
  {
    "name": "Require(1) node_modules/_egg-session@3.1.0@egg-session/config/config.default.js",
    "start": 1569673776036,
    "end": 1569673776037,
    "duration": 1,
    "pid": 35872,
    "index": 4
  },
  {
    "name": "Require(2) node_modules/_egg-security@2.6.1@egg-security/config/config.default.js",
    "start": 1569673776037,
    "end": 1569673776039,
    "duration": 2,
    "pid": 35872,
    "index": 5
  },
  {
    "name": "Require(3) node_modules/_egg-jsonp@2.0.0@egg-jsonp/config/config.default.js",
    "start": 1569673776040,
    "end": 1569673776040,
    "duration": 0,
    "pid": 35872,
    "index": 6
  },
  {
    "name": "Require(4) node_modules/_egg-onerror@2.1.0@egg-onerror/config/config.default.js",
    "start": 1569673776040,
    "end": 1569673776041,
    "duration": 1,
    "pid": 35872,
    "index": 7
  },
  {
    "name": "Require(5) node_modules/_egg-i18n@2.1.1@egg-i18n/config/config.default.js",
    "start": 1569673776041,
    "end": 1569673776041,
    "duration": 0,
    "pid": 35872,
    "index": 8
  },
  {
    "name": "Require(6) node_modules/_egg-watcher@3.1.0@egg-watcher/config/config.default.js",
    "start": 1569673776041,
    "end": 1569673776041,
    "duration": 0,
    "pid": 35872,
    "index": 9
  },
  {
    "name": "Require(7) node_modules/_egg-schedule@3.6.4@egg-schedule/config/config.default.js",
    "start": 1569673776042,
    "end": 1569673776042,
    "duration": 0,
    "pid": 35872,
    "index": 10
  },
  {
    "name": "Require(8) node_modules/_egg-multipart@2.9.0@egg-multipart/config/config.default.js",
    "start": 1569673776042,
    "end": 1569673776042,
    "duration": 0,
    "pid": 35872,
    "index": 11
  },
  {
    "name": "Require(9) node_modules/_egg-development@2.4.3@egg-development/config/config.default.js",
    "start": 1569673776043,
    "end": 1569673776043,
    "duration": 0,
    "pid": 35872,
    "index": 12
  },
  {
    "name": "Require(10) node_modules/_egg-logrotator@3.1.0@egg-logrotator/config/config.default.js",
    "start": 1569673776043,
    "end": 1569673776043,
    "duration": 0,
    "pid": 35872,
    "index": 13
  },
  {
    "name": "Require(11) node_modules/_egg-static@2.2.0@egg-static/config/config.default.js",
    "start": 1569673776043,
    "end": 1569673776043,
    "duration": 0,
    "pid": 35872,
    "index": 14
  },
  {
    "name": "Require(12) node_modules/_egg-view@2.1.2@egg-view/config/config.default.js",
    "start": 1569673776044,
    "end": 1569673776044,
    "duration": 0,
    "pid": 35872,
    "index": 15
  },
  {
    "name": "Require(13) node_modules/_egg-mongoose@3.2.0@egg-mongoose/config/config.default.js",
    "start": 1569673776044,
    "end": 1569673776044,
    "duration": 0,
    "pid": 35872,
    "index": 16
  },
  {
    "name": "Require(14) node_modules/_egg-jwt@3.1.6@egg-jwt/config/config.default.js",
    "start": 1569673776044,
    "end": 1569673776044,
    "duration": 0,
    "pid": 35872,
    "index": 17
  },
  {
    "name": "Require(15) node_modules/_egg-router-group@1.1.0@egg-router-group/config/config.default.js",
    "start": 1569673776045,
    "end": 1569673776045,
    "duration": 0,
    "pid": 35872,
    "index": 18
  },
  {
    "name": "Require(16) node_modules/_egg@2.23.0@egg/config/config.default.js",
    "start": 1569673776045,
    "end": 1569673776045,
    "duration": 0,
    "pid": 35872,
    "index": 19
  },
  {
    "name": "Require(17) config/config.default.js",
    "start": 1569673776047,
    "end": 1569673776047,
    "duration": 0,
    "pid": 35872,
    "index": 20
  },
  {
    "name": "Require(18) node_modules/_egg-security@2.6.1@egg-security/config/config.local.js",
    "start": 1569673776048,
    "end": 1569673776048,
    "duration": 0,
    "pid": 35872,
    "index": 21
  },
  {
    "name": "Require(19) node_modules/_egg-watcher@3.1.0@egg-watcher/config/config.local.js",
    "start": 1569673776048,
    "end": 1569673776049,
    "duration": 1,
    "pid": 35872,
    "index": 22
  },
  {
    "name": "Require(20) node_modules/_egg-view@2.1.2@egg-view/config/config.local.js",
    "start": 1569673776049,
    "end": 1569673776049,
    "duration": 0,
    "pid": 35872,
    "index": 23
  },
  {
    "name": "Require(21) node_modules/_egg@2.23.0@egg/config/config.local.js",
    "start": 1569673776049,
    "end": 1569673776050,
    "duration": 1,
    "pid": 35872,
    "index": 24
  },
  {
    "name": "Load extend/application.js",
    "start": 1569673776051,
    "end": 1569673776093,
    "duration": 42,
    "pid": 35872,
    "index": 25
  },
  {
    "name": "Require(22) node_modules/_egg-session@3.1.0@egg-session/app/extend/application.js",
    "start": 1569673776051,
    "end": 1569673776052,
    "duration": 1,
    "pid": 35872,
    "index": 26
  },
  {
    "name": "Require(23) node_modules/_egg-security@2.6.1@egg-security/app/extend/application.js",
    "start": 1569673776052,
    "end": 1569673776052,
    "duration": 0,
    "pid": 35872,
    "index": 27
  },
  {
    "name": "Require(24) node_modules/_egg-jsonp@2.0.0@egg-jsonp/app/extend/application.js",
    "start": 1569673776052,
    "end": 1569673776054,
    "duration": 2,
    "pid": 35872,
    "index": 28
  },
  {
    "name": "Require(25) node_modules/_egg-logrotator@3.1.0@egg-logrotator/app/extend/application.js",
    "start": 1569673776055,
    "end": 1569673776056,
    "duration": 1,
    "pid": 35872,
    "index": 29
  },
  {
    "name": "Require(26) node_modules/_egg-view@2.1.2@egg-view/app/extend/application.js",
    "start": 1569673776056,
    "end": 1569673776058,
    "duration": 2,
    "pid": 35872,
    "index": 30
  },
  {
    "name": "Require(27) node_modules/_egg-jwt@3.1.6@egg-jwt/app/extend/application.js",
    "start": 1569673776058,
    "end": 1569673776092,
    "duration": 34,
    "pid": 35872,
    "index": 31
  },
  {
    "name": "Load extend/request.js",
    "start": 1569673776093,
    "end": 1569673776095,
    "duration": 2,
    "pid": 35872,
    "index": 32
  },
  {
    "name": "Require(28) node_modules/_egg@2.23.0@egg/app/extend/request.js",
    "start": 1569673776094,
    "end": 1569673776094,
    "duration": 0,
    "pid": 35872,
    "index": 33
  },
  {
    "name": "Load extend/response.js",
    "start": 1569673776095,
    "end": 1569673776099,
    "duration": 4,
    "pid": 35872,
    "index": 34
  },
  {
    "name": "Require(29) node_modules/_egg@2.23.0@egg/app/extend/response.js",
    "start": 1569673776097,
    "end": 1569673776098,
    "duration": 1,
    "pid": 35872,
    "index": 35
  },
  {
    "name": "Load extend/context.js",
    "start": 1569673776099,
    "end": 1569673776159,
    "duration": 60,
    "pid": 35872,
    "index": 36
  },
  {
    "name": "Require(30) node_modules/_egg-security@2.6.1@egg-security/app/extend/context.js",
    "start": 1569673776099,
    "end": 1569673776104,
    "duration": 5,
    "pid": 35872,
    "index": 37
  },
  {
    "name": "Require(31) node_modules/_egg-jsonp@2.0.0@egg-jsonp/app/extend/context.js",
    "start": 1569673776104,
    "end": 1569673776105,
    "duration": 1,
    "pid": 35872,
    "index": 38
  },
  {
    "name": "Require(32) node_modules/_egg-i18n@2.1.1@egg-i18n/app/extend/context.js",
    "start": 1569673776106,
    "end": 1569673776106,
    "duration": 0,
    "pid": 35872,
    "index": 39
  },
  {
    "name": "Require(33) node_modules/_egg-multipart@2.9.0@egg-multipart/app/extend/context.js",
    "start": 1569673776106,
    "end": 1569673776155,
    "duration": 49,
    "pid": 35872,
    "index": 40
  },
  {
    "name": "Require(34) node_modules/_egg-view@2.1.2@egg-view/app/extend/context.js",
    "start": 1569673776155,
    "end": 1569673776156,
    "duration": 1,
    "pid": 35872,
    "index": 41
  },
  {
    "name": "Require(35) node_modules/_egg-mongoose@3.2.0@egg-mongoose/app/extend/context.js",
    "start": 1569673776156,
    "end": 1569673776157,
    "duration": 1,
    "pid": 35872,
    "index": 42
  },
  {
    "name": "Require(36) node_modules/_egg@2.23.0@egg/app/extend/context.js",
    "start": 1569673776157,
    "end": 1569673776158,
    "duration": 1,
    "pid": 35872,
    "index": 43
  },
  {
    "name": "Load extend/helper.js",
    "start": 1569673776159,
    "end": 1569673776176,
    "duration": 17,
    "pid": 35872,
    "index": 44
  },
  {
    "name": "Require(37) node_modules/_egg-security@2.6.1@egg-security/app/extend/helper.js",
    "start": 1569673776160,
    "end": 1569673776173,
    "duration": 13,
    "pid": 35872,
    "index": 45
  },
  {
    "name": "Require(38) node_modules/_egg@2.23.0@egg/app/extend/helper.js",
    "start": 1569673776174,
    "end": 1569673776175,
    "duration": 1,
    "pid": 35872,
    "index": 46
  },
  {
    "name": "Load app.js",
    "start": 1569673776176,
    "end": 1569673776195,
    "duration": 19,
    "pid": 35872,
    "index": 47
  },
  {
    "name": "Require(39) node_modules/_egg-session@3.1.0@egg-session/app.js",
    "start": 1569673776176,
    "end": 1569673776177,
    "duration": 1,
    "pid": 35872,
    "index": 48
  },
  {
    "name": "Require(40) node_modules/_egg-security@2.6.1@egg-security/app.js",
    "start": 1569673776177,
    "end": 1569673776178,
    "duration": 1,
    "pid": 35872,
    "index": 49
  },
  {
    "name": "Require(41) node_modules/_egg-onerror@2.1.0@egg-onerror/app.js",
    "start": 1569673776178,
    "end": 1569673776185,
    "duration": 7,
    "pid": 35872,
    "index": 50
  },
  {
    "name": "Require(42) node_modules/_egg-i18n@2.1.1@egg-i18n/app.js",
    "start": 1569673776185,
    "end": 1569673776188,
    "duration": 3,
    "pid": 35872,
    "index": 51
  },
  {
    "name": "Require(43) node_modules/_egg-watcher@3.1.0@egg-watcher/app.js",
    "start": 1569673776188,
    "end": 1569673776190,
    "duration": 2,
    "pid": 35872,
    "index": 52
  },
  {
    "name": "Require(44) node_modules/_egg-schedule@3.6.4@egg-schedule/app.js",
    "start": 1569673776190,
    "end": 1569673776190,
    "duration": 0,
    "pid": 35872,
    "index": 53
  },
  {
    "name": "Require(45) node_modules/_egg-multipart@2.9.0@egg-multipart/app.js",
    "start": 1569673776191,
    "end": 1569673776192,
    "duration": 1,
    "pid": 35872,
    "index": 54
  },
  {
    "name": "Require(46) node_modules/_egg-development@2.4.3@egg-development/app.js",
    "start": 1569673776192,
    "end": 1569673776192,
    "duration": 0,
    "pid": 35872,
    "index": 55
  },
  {
    "name": "Require(47) node_modules/_egg-logrotator@3.1.0@egg-logrotator/app.js",
    "start": 1569673776192,
    "end": 1569673776192,
    "duration": 0,
    "pid": 35872,
    "index": 56
  },
  {
    "name": "Require(48) node_modules/_egg-static@2.2.0@egg-static/app.js",
    "start": 1569673776192,
    "end": 1569673776192,
    "duration": 0,
    "pid": 35872,
    "index": 57
  },
  {
    "name": "Require(49) node_modules/_egg-mongoose@3.2.0@egg-mongoose/app.js",
    "start": 1569673776192,
    "end": 1569673776193,
    "duration": 1,
    "pid": 35872,
    "index": 58
  },
  {
    "name": "Require(50) node_modules/_egg-jwt@3.1.6@egg-jwt/app.js",
    "start": 1569673776193,
    "end": 1569673776193,
    "duration": 0,
    "pid": 35872,
    "index": 59
  },
  {
    "name": "Require(51) node_modules/_egg-router-group@1.1.0@egg-router-group/app.js",
    "start": 1569673776193,
    "end": 1569673776194,
    "duration": 1,
    "pid": 35872,
    "index": 60
  },
  {
    "name": "Before Start in node_modules/_egg-watcher@3.1.0@egg-watcher/lib/init.js:15:14",
    "start": 1569673776205,
    "end": 1569673776657,
    "duration": 452,
    "pid": 35872,
    "index": 61
  },
  {
    "name": "Before Start in node_modules/_egg-mongoose@3.2.0@egg-mongoose/lib/mongoose.js:91:7",
    "start": 1569673776500,
    "end": 1569673776655,
    "duration": 155,
    "pid": 35872,
    "index": 62
  },
  {
    "name": "Before Start in node_modules/_egg-mongoose@3.2.0@egg-mongoose/lib/mongoose.js:49:9",
    "start": 1569673776500,
    "end": 1569673776629,
    "duration": 129,
    "pid": 35872,
    "index": 63
  },
  {
    "name": "Before Start in node_modules/_egg-core@4.17.3@egg-core/lib/egg.js:303:10",
    "start": 1569673776501,
    "end": 1569673776629,
    "duration": 128,
    "pid": 35872,
    "index": 64
  },
  {
    "name": "Load Service",
    "start": 1569673776501,
    "end": 1569673776541,
    "duration": 40,
    "pid": 35872,
    "index": 65
  },
  {
    "name": "Load \"service\" to Context",
    "start": 1569673776501,
    "end": 1569673776541,
    "duration": 40,
    "pid": 35872,
    "index": 66
  },
  {
    "name": "Load Middleware",
    "start": 1569673776541,
    "end": 1569673776591,
    "duration": 50,
    "pid": 35872,
    "index": 67
  },
  {
    "name": "Load \"middlewares\" to Application",
    "start": 1569673776542,
    "end": 1569673776586,
    "duration": 44,
    "pid": 35872,
    "index": 68
  },
  {
    "name": "Load Controller",
    "start": 1569673776591,
    "end": 1569673776598,
    "duration": 7,
    "pid": 35872,
    "index": 69
  },
  {
    "name": "Load \"controller\" to Application",
    "start": 1569673776591,
    "end": 1569673776598,
    "duration": 7,
    "pid": 35872,
    "index": 70
  },
  {
    "name": "Load Router",
    "start": 1569673776598,
    "end": 1569673776600,
    "duration": 2,
    "pid": 35872,
    "index": 71
  },
  {
    "name": "Require(52) app/router.js",
    "start": 1569673776598,
    "end": 1569673776599,
    "duration": 1,
    "pid": 35872,
    "index": 72
  },
  {
    "name": "Load \"model\" to Application",
    "start": 1569673776609,
    "end": 1569673776628,
    "duration": 19,
    "pid": 35872,
    "index": 73
  }
]