[
  {
    "name": "Application Start",
    "start": 1569674588475,
    "end": 1569674588944,
    "duration": 469,
    "pid": 36232,
    "index": 0
  },
  {
    "name": "Load Plugin",
    "start": 1569674588479,
    "end": 1569674588487,
    "duration": 8,
    "pid": 36232,
    "index": 1
  },
  {
    "name": "Load Config",
    "start": 1569674588487,
    "end": 1569674588501,
    "duration": 14,
    "pid": 36232,
    "index": 2
  },
  {
    "name": "Require(0) config/config.default.js",
    "start": 1569674588488,
    "end": 1569674588489,
    "duration": 1,
    "pid": 36232,
    "index": 3
  },
  {
    "name": "Require(1) node_modules/_egg-session@3.1.0@egg-session/config/config.default.js",
    "start": 1569674588490,
    "end": 1569674588490,
    "duration": 0,
    "pid": 36232,
    "index": 4
  },
  {
    "name": "Require(2) node_modules/_egg-security@2.6.1@egg-security/config/config.default.js",
    "start": 1569674588490,
    "end": 1569674588492,
    "duration": 2,
    "pid": 36232,
    "index": 5
  },
  {
    "name": "Require(3) node_modules/_egg-jsonp@2.0.0@egg-jsonp/config/config.default.js",
    "start": 1569674588493,
    "end": 1569674588493,
    "duration": 0,
    "pid": 36232,
    "index": 6
  },
  {
    "name": "Require(4) node_modules/_egg-onerror@2.1.0@egg-onerror/config/config.default.js",
    "start": 1569674588493,
    "end": 1569674588494,
    "duration": 1,
    "pid": 36232,
    "index": 7
  },
  {
    "name": "Require(5) node_modules/_egg-i18n@2.1.1@egg-i18n/config/config.default.js",
    "start": 1569674588494,
    "end": 1569674588494,
    "duration": 0,
    "pid": 36232,
    "index": 8
  },
  {
    "name": "Require(6) node_modules/_egg-watcher@3.1.0@egg-watcher/config/config.default.js",
    "start": 1569674588494,
    "end": 1569674588494,
    "duration": 0,
    "pid": 36232,
    "index": 9
  },
  {
    "name": "Require(7) node_modules/_egg-schedule@3.6.4@egg-schedule/config/config.default.js",
    "start": 1569674588494,
    "end": 1569674588495,
    "duration": 1,
    "pid": 36232,
    "index": 10
  },
  {
    "name": "Require(8) node_modules/_egg-multipart@2.9.0@egg-multipart/config/config.default.js",
    "start": 1569674588495,
    "end": 1569674588495,
    "duration": 0,
    "pid": 36232,
    "index": 11
  },
  {
    "name": "Require(9) node_modules/_egg-development@2.4.3@egg-development/config/config.default.js",
    "start": 1569674588495,
    "end": 1569674588495,
    "duration": 0,
    "pid": 36232,
    "index": 12
  },
  {
    "name": "Require(10) node_modules/_egg-logrotator@3.1.0@egg-logrotator/config/config.default.js",
    "start": 1569674588496,
    "end": 1569674588496,
    "duration": 0,
    "pid": 36232,
    "index": 13
  },
  {
    "name": "Require(11) node_modules/_egg-static@2.2.0@egg-static/config/config.default.js",
    "start": 1569674588496,
    "end": 1569674588496,
    "duration": 0,
    "pid": 36232,
    "index": 14
  },
  {
    "name": "Require(12) node_modules/_egg-view@2.1.2@egg-view/config/config.default.js",
    "start": 1569674588496,
    "end": 1569674588496,
    "duration": 0,
    "pid": 36232,
    "index": 15
  },
  {
    "name": "Require(13) node_modules/_egg-mongoose@3.2.0@egg-mongoose/config/config.default.js",
    "start": 1569674588497,
    "end": 1569674588497,
    "duration": 0,
    "pid": 36232,
    "index": 16
  },
  {
    "name": "Require(14) node_modules/_egg-jwt@3.1.6@egg-jwt/config/config.default.js",
    "start": 1569674588497,
    "end": 1569674588497,
    "duration": 0,
    "pid": 36232,
    "index": 17
  },
  {
    "name": "Require(15) node_modules/_egg-router-group@1.1.0@egg-router-group/config/config.default.js",
    "start": 1569674588497,
    "end": 1569674588497,
    "duration": 0,
    "pid": 36232,
    "index": 18
  },
  {
    "name": "Require(16) node_modules/_egg@2.23.0@egg/config/config.default.js",
    "start": 1569674588498,
    "end": 1569674588498,
    "duration": 0,
    "pid": 36232,
    "index": 19
  },
  {
    "name": "Require(17) config/config.default.js",
    "start": 1569674588499,
    "end": 1569674588499,
    "duration": 0,
    "pid": 36232,
    "index": 20
  },
  {
    "name": "Require(18) node_modules/_egg-security@2.6.1@egg-security/config/config.local.js",
    "start": 1569674588499,
    "end": 1569674588499,
    "duration": 0,
    "pid": 36232,
    "index": 21
  },
  {
    "name": "Require(19) node_modules/_egg-watcher@3.1.0@egg-watcher/config/config.local.js",
    "start": 1569674588500,
    "end": 1569674588500,
    "duration": 0,
    "pid": 36232,
    "index": 22
  },
  {
    "name": "Require(20) node_modules/_egg-view@2.1.2@egg-view/config/config.local.js",
    "start": 1569674588500,
    "end": 1569674588500,
    "duration": 0,
    "pid": 36232,
    "index": 23
  },
  {
    "name": "Require(21) node_modules/_egg@2.23.0@egg/config/config.local.js",
    "start": 1569674588500,
    "end": 1569674588500,
    "duration": 0,
    "pid": 36232,
    "index": 24
  },
  {
    "name": "Load extend/application.js",
    "start": 1569674588502,
    "end": 1569674588528,
    "duration": 26,
    "pid": 36232,
    "index": 25
  },
  {
    "name": "Require(22) node_modules/_egg-session@3.1.0@egg-session/app/extend/application.js",
    "start": 1569674588502,
    "end": 1569674588502,
    "duration": 0,
    "pid": 36232,
    "index": 26
  },
  {
    "name": "Require(23) node_modules/_egg-security@2.6.1@egg-security/app/extend/application.js",
    "start": 1569674588502,
    "end": 1569674588503,
    "duration": 1,
    "pid": 36232,
    "index": 27
  },
  {
    "name": "Require(24) node_modules/_egg-jsonp@2.0.0@egg-jsonp/app/extend/application.js",
    "start": 1569674588503,
    "end": 1569674588504,
    "duration": 1,
    "pid": 36232,
    "index": 28
  },
  {
    "name": "Require(25) node_modules/_egg-logrotator@3.1.0@egg-logrotator/app/extend/application.js",
    "start": 1569674588504,
    "end": 1569674588505,
    "duration": 1,
    "pid": 36232,
    "index": 29
  },
  {
    "name": "Require(26) node_modules/_egg-view@2.1.2@egg-view/app/extend/application.js",
    "start": 1569674588505,
    "end": 1569674588506,
    "duration": 1,
    "pid": 36232,
    "index": 30
  },
  {
    "name": "Require(27) node_modules/_egg-jwt@3.1.6@egg-jwt/app/extend/application.js",
    "start": 1569674588506,
    "end": 1569674588527,
    "duration": 21,
    "pid": 36232,
    "index": 31
  },
  {
    "name": "Load extend/request.js",
    "start": 1569674588528,
    "end": 1569674588529,
    "duration": 1,
    "pid": 36232,
    "index": 32
  },
  {
    "name": "Require(28) node_modules/_egg@2.23.0@egg/app/extend/request.js",
    "start": 1569674588528,
    "end": 1569674588529,
    "duration": 1,
    "pid": 36232,
    "index": 33
  },
  {
    "name": "Load extend/response.js",
    "start": 1569674588529,
    "end": 1569674588531,
    "duration": 2,
    "pid": 36232,
    "index": 34
  },
  {
    "name": "Require(29) node_modules/_egg@2.23.0@egg/app/extend/response.js",
    "start": 1569674588530,
    "end": 1569674588530,
    "duration": 0,
    "pid": 36232,
    "index": 35
  },
  {
    "name": "Load extend/context.js",
    "start": 1569674588531,
    "end": 1569674588572,
    "duration": 41,
    "pid": 36232,
    "index": 36
  },
  {
    "name": "Require(30) node_modules/_egg-security@2.6.1@egg-security/app/extend/context.js",
    "start": 1569674588531,
    "end": 1569674588536,
    "duration": 5,
    "pid": 36232,
    "index": 37
  },
  {
    "name": "Require(31) node_modules/_egg-jsonp@2.0.0@egg-jsonp/app/extend/context.js",
    "start": 1569674588536,
    "end": 1569674588536,
    "duration": 0,
    "pid": 36232,
    "index": 38
  },
  {
    "name": "Require(32) node_modules/_egg-i18n@2.1.1@egg-i18n/app/extend/context.js",
    "start": 1569674588536,
    "end": 1569674588537,
    "duration": 1,
    "pid": 36232,
    "index": 39
  },
  {
    "name": "Require(33) node_modules/_egg-multipart@2.9.0@egg-multipart/app/extend/context.js",
    "start": 1569674588537,
    "end": 1569674588569,
    "duration": 32,
    "pid": 36232,
    "index": 40
  },
  {
    "name": "Require(34) node_modules/_egg-view@2.1.2@egg-view/app/extend/context.js",
    "start": 1569674588570,
    "end": 1569674588570,
    "duration": 0,
    "pid": 36232,
    "index": 41
  },
  {
    "name": "Require(35) node_modules/_egg-mongoose@3.2.0@egg-mongoose/app/extend/context.js",
    "start": 1569674588570,
    "end": 1569674588571,
    "duration": 1,
    "pid": 36232,
    "index": 42
  },
  {
    "name": "Require(36) node_modules/_egg@2.23.0@egg/app/extend/context.js",
    "start": 1569674588571,
    "end": 1569674588571,
    "duration": 0,
    "pid": 36232,
    "index": 43
  },
  {
    "name": "Load extend/helper.js",
    "start": 1569674588572,
    "end": 1569674588581,
    "duration": 9,
    "pid": 36232,
    "index": 44
  },
  {
    "name": "Require(37) node_modules/_egg-security@2.6.1@egg-security/app/extend/helper.js",
    "start": 1569674588572,
    "end": 1569674588580,
    "duration": 8,
    "pid": 36232,
    "index": 45
  },
  {
    "name": "Require(38) node_modules/_egg@2.23.0@egg/app/extend/helper.js",
    "start": 1569674588580,
    "end": 1569674588580,
    "duration": 0,
    "pid": 36232,
    "index": 46
  },
  {
    "name": "Load app.js",
    "start": 1569674588581,
    "end": 1569674588595,
    "duration": 14,
    "pid": 36232,
    "index": 47
  },
  {
    "name": "Require(39) node_modules/_egg-session@3.1.0@egg-session/app.js",
    "start": 1569674588581,
    "end": 1569674588581,
    "duration": 0,
    "pid": 36232,
    "index": 48
  },
  {
    "name": "Require(40) node_modules/_egg-security@2.6.1@egg-security/app.js",
    "start": 1569674588582,
    "end": 1569674588582,
    "duration": 0,
    "pid": 36232,
    "index": 49
  },
  {
    "name": "Require(41) node_modules/_egg-onerror@2.1.0@egg-onerror/app.js",
    "start": 1569674588582,
    "end": 1569674588586,
    "duration": 4,
    "pid": 36232,
    "index": 50
  },
  {
    "name": "Require(42) node_modules/_egg-i18n@2.1.1@egg-i18n/app.js",
    "start": 1569674588586,
    "end": 1569674588589,
    "duration": 3,
    "pid": 36232,
    "index": 51
  },
  {
    "name": "Require(43) node_modules/_egg-watcher@3.1.0@egg-watcher/app.js",
    "start": 1569674588589,
    "end": 1569674588591,
    "duration": 2,
    "pid": 36232,
    "index": 52
  },
  {
    "name": "Require(44) node_modules/_egg-schedule@3.6.4@egg-schedule/app.js",
    "start": 1569674588591,
    "end": 1569674588591,
    "duration": 0,
    "pid": 36232,
    "index": 53
  },
  {
    "name": "Require(45) node_modules/_egg-multipart@2.9.0@egg-multipart/app.js",
    "start": 1569674588592,
    "end": 1569674588592,
    "duration": 0,
    "pid": 36232,
    "index": 54
  },
  {
    "name": "Require(46) node_modules/_egg-development@2.4.3@egg-development/app.js",
    "start": 1569674588593,
    "end": 1569674588593,
    "duration": 0,
    "pid": 36232,
    "index": 55
  },
  {
    "name": "Require(47) node_modules/_egg-logrotator@3.1.0@egg-logrotator/app.js",
    "start": 1569674588593,
    "end": 1569674588593,
    "duration": 0,
    "pid": 36232,
    "index": 56
  },
  {
    "name": "Require(48) node_modules/_egg-static@2.2.0@egg-static/app.js",
    "start": 1569674588593,
    "end": 1569674588593,
    "duration": 0,
    "pid": 36232,
    "index": 57
  },
  {
    "name": "Require(49) node_modules/_egg-mongoose@3.2.0@egg-mongoose/app.js",
    "start": 1569674588593,
    "end": 1569674588593,
    "duration": 0,
    "pid": 36232,
    "index": 58
  },
  {
    "name": "Require(50) node_modules/_egg-jwt@3.1.6@egg-jwt/app.js",
    "start": 1569674588593,
    "end": 1569674588594,
    "duration": 1,
    "pid": 36232,
    "index": 59
  },
  {
    "name": "Require(51) node_modules/_egg-router-group@1.1.0@egg-router-group/app.js",
    "start": 1569674588594,
    "end": 1569674588594,
    "duration": 0,
    "pid": 36232,
    "index": 60
  },
  {
    "name": "Before Start in node_modules/_egg-watcher@3.1.0@egg-watcher/lib/init.js:15:14",
    "start": 1569674588603,
    "end": 1569674588939,
    "duration": 336,
    "pid": 36232,
    "index": 61
  },
  {
    "name": "Before Start in node_modules/_egg-mongoose@3.2.0@egg-mongoose/lib/mongoose.js:91:7",
    "start": 1569674588822,
    "end": 1569674588936,
    "duration": 114,
    "pid": 36232,
    "index": 62
  },
  {
    "name": "Before Start in node_modules/_egg-mongoose@3.2.0@egg-mongoose/lib/mongoose.js:49:9",
    "start": 1569674588823,
    "end": 1569674588917,
    "duration": 94,
    "pid": 36232,
    "index": 63
  },
  {
    "name": "Before Start in node_modules/_egg-core@4.17.3@egg-core/lib/egg.js:303:10",
    "start": 1569674588823,
    "end": 1569674588917,
    "duration": 94,
    "pid": 36232,
    "index": 64
  },
  {
    "name": "Load Service",
    "start": 1569674588823,
    "end": 1569674588850,
    "duration": 27,
    "pid": 36232,
    "index": 65
  },
  {
    "name": "Load \"service\" to Context",
    "start": 1569674588823,
    "end": 1569674588850,
    "duration": 27,
    "pid": 36232,
    "index": 66
  },
  {
    "name": "Load Middleware",
    "start": 1569674588850,
    "end": 1569674588885,
    "duration": 35,
    "pid": 36232,
    "index": 67
  },
  {
    "name": "Load \"middlewares\" to Application",
    "start": 1569674588850,
    "end": 1569674588880,
    "duration": 30,
    "pid": 36232,
    "index": 68
  },
  {
    "name": "Load Controller",
    "start": 1569674588885,
    "end": 1569674588894,
    "duration": 9,
    "pid": 36232,
    "index": 69
  },
  {
    "name": "Load \"controller\" to Application",
    "start": 1569674588885,
    "end": 1569674588893,
    "duration": 8,
    "pid": 36232,
    "index": 70
  },
  {
    "name": "Load Router",
    "start": 1569674588894,
    "end": 1569674588896,
    "duration": 2,
    "pid": 36232,
    "index": 71
  },
  {
    "name": "Require(52) app/router.js",
    "start": 1569674588894,
    "end": 1569674588894,
    "duration": 0,
    "pid": 36232,
    "index": 72
  },
  {
    "name": "Load \"model\" to Application",
    "start": 1569674588904,
    "end": 1569674588916,
    "duration": 12,
    "pid": 36232,
    "index": 73
  }
]