[
  {
    "name": "Application Start",
    "start": 1569680138607,
    "end": 1569680139119,
    "duration": 512,
    "pid": 38452,
    "index": 0
  },
  {
    "name": "Load Plugin",
    "start": 1569680138611,
    "end": 1569680138618,
    "duration": 7,
    "pid": 38452,
    "index": 1
  },
  {
    "name": "Load Config",
    "start": 1569680138618,
    "end": 1569680138633,
    "duration": 15,
    "pid": 38452,
    "index": 2
  },
  {
    "name": "Require(0) config/config.default.js",
    "start": 1569680138619,
    "end": 1569680138619,
    "duration": 0,
    "pid": 38452,
    "index": 3
  },
  {
    "name": "Require(1) node_modules/_egg-session@3.1.0@egg-session/config/config.default.js",
    "start": 1569680138620,
    "end": 1569680138620,
    "duration": 0,
    "pid": 38452,
    "index": 4
  },
  {
    "name": "Require(2) node_modules/_egg-security@2.6.1@egg-security/config/config.default.js",
    "start": 1569680138621,
    "end": 1569680138623,
    "duration": 2,
    "pid": 38452,
    "index": 5
  },
  {
    "name": "Require(3) node_modules/_egg-jsonp@2.0.0@egg-jsonp/config/config.default.js",
    "start": 1569680138623,
    "end": 1569680138623,
    "duration": 0,
    "pid": 38452,
    "index": 6
  },
  {
    "name": "Require(4) node_modules/_egg-onerror@2.1.0@egg-onerror/config/config.default.js",
    "start": 1569680138624,
    "end": 1569680138624,
    "duration": 0,
    "pid": 38452,
    "index": 7
  },
  {
    "name": "Require(5) node_modules/_egg-i18n@2.1.1@egg-i18n/config/config.default.js",
    "start": 1569680138624,
    "end": 1569680138624,
    "duration": 0,
    "pid": 38452,
    "index": 8
  },
  {
    "name": "Require(6) node_modules/_egg-watcher@3.1.0@egg-watcher/config/config.default.js",
    "start": 1569680138625,
    "end": 1569680138625,
    "duration": 0,
    "pid": 38452,
    "index": 9
  },
  {
    "name": "Require(7) node_modules/_egg-schedule@3.6.4@egg-schedule/config/config.default.js",
    "start": 1569680138625,
    "end": 1569680138625,
    "duration": 0,
    "pid": 38452,
    "index": 10
  },
  {
    "name": "Require(8) node_modules/_egg-multipart@2.9.0@egg-multipart/config/config.default.js",
    "start": 1569680138625,
    "end": 1569680138625,
    "duration": 0,
    "pid": 38452,
    "index": 11
  },
  {
    "name": "Require(9) node_modules/_egg-development@2.4.3@egg-development/config/config.default.js",
    "start": 1569680138626,
    "end": 1569680138626,
    "duration": 0,
    "pid": 38452,
    "index": 12
  },
  {
    "name": "Require(10) node_modules/_egg-logrotator@3.1.0@egg-logrotator/config/config.default.js",
    "start": 1569680138626,
    "end": 1569680138626,
    "duration": 0,
    "pid": 38452,
    "index": 13
  },
  {
    "name": "Require(11) node_modules/_egg-static@2.2.0@egg-static/config/config.default.js",
    "start": 1569680138626,
    "end": 1569680138626,
    "duration": 0,
    "pid": 38452,
    "index": 14
  },
  {
    "name": "Require(12) node_modules/_egg-view@2.1.2@egg-view/config/config.default.js",
    "start": 1569680138627,
    "end": 1569680138627,
    "duration": 0,
    "pid": 38452,
    "index": 15
  },
  {
    "name": "Require(13) node_modules/_egg-mongoose@3.2.0@egg-mongoose/config/config.default.js",
    "start": 1569680138627,
    "end": 1569680138627,
    "duration": 0,
    "pid": 38452,
    "index": 16
  },
  {
    "name": "Require(14) node_modules/_egg-jwt@3.1.6@egg-jwt/config/config.default.js",
    "start": 1569680138627,
    "end": 1569680138627,
    "duration": 0,
    "pid": 38452,
    "index": 17
  },
  {
    "name": "Require(15) node_modules/_egg-router-group@1.1.0@egg-router-group/config/config.default.js",
    "start": 1569680138628,
    "end": 1569680138628,
    "duration": 0,
    "pid": 38452,
    "index": 18
  },
  {
    "name": "Require(16) node_modules/_egg@2.23.0@egg/config/config.default.js",
    "start": 1569680138628,
    "end": 1569680138629,
    "duration": 1,
    "pid": 38452,
    "index": 19
  },
  {
    "name": "Require(17) config/config.default.js",
    "start": 1569680138630,
    "end": 1569680138630,
    "duration": 0,
    "pid": 38452,
    "index": 20
  },
  {
    "name": "Require(18) node_modules/_egg-security@2.6.1@egg-security/config/config.local.js",
    "start": 1569680138630,
    "end": 1569680138631,
    "duration": 1,
    "pid": 38452,
    "index": 21
  },
  {
    "name": "Require(19) node_modules/_egg-watcher@3.1.0@egg-watcher/config/config.local.js",
    "start": 1569680138632,
    "end": 1569680138632,
    "duration": 0,
    "pid": 38452,
    "index": 22
  },
  {
    "name": "Require(20) node_modules/_egg-view@2.1.2@egg-view/config/config.local.js",
    "start": 1569680138633,
    "end": 1569680138633,
    "duration": 0,
    "pid": 38452,
    "index": 23
  },
  {
    "name": "Require(21) node_modules/_egg@2.23.0@egg/config/config.local.js",
    "start": 1569680138633,
    "end": 1569680138633,
    "duration": 0,
    "pid": 38452,
    "index": 24
  },
  {
    "name": "Load extend/application.js",
    "start": 1569680138635,
    "end": 1569680138661,
    "duration": 26,
    "pid": 38452,
    "index": 25
  },
  {
    "name": "Require(22) node_modules/_egg-session@3.1.0@egg-session/app/extend/application.js",
    "start": 1569680138635,
    "end": 1569680138635,
    "duration": 0,
    "pid": 38452,
    "index": 26
  },
  {
    "name": "Require(23) node_modules/_egg-security@2.6.1@egg-security/app/extend/application.js",
    "start": 1569680138635,
    "end": 1569680138636,
    "duration": 1,
    "pid": 38452,
    "index": 27
  },
  {
    "name": "Require(24) node_modules/_egg-jsonp@2.0.0@egg-jsonp/app/extend/application.js",
    "start": 1569680138636,
    "end": 1569680138637,
    "duration": 1,
    "pid": 38452,
    "index": 28
  },
  {
    "name": "Require(25) node_modules/_egg-logrotator@3.1.0@egg-logrotator/app/extend/application.js",
    "start": 1569680138637,
    "end": 1569680138638,
    "duration": 1,
    "pid": 38452,
    "index": 29
  },
  {
    "name": "Require(26) node_modules/_egg-view@2.1.2@egg-view/app/extend/application.js",
    "start": 1569680138638,
    "end": 1569680138639,
    "duration": 1,
    "pid": 38452,
    "index": 30
  },
  {
    "name": "Require(27) node_modules/_egg-jwt@3.1.6@egg-jwt/app/extend/application.js",
    "start": 1569680138639,
    "end": 1569680138661,
    "duration": 22,
    "pid": 38452,
    "index": 31
  },
  {
    "name": "Load extend/request.js",
    "start": 1569680138661,
    "end": 1569680138663,
    "duration": 2,
    "pid": 38452,
    "index": 32
  },
  {
    "name": "Require(28) node_modules/_egg@2.23.0@egg/app/extend/request.js",
    "start": 1569680138662,
    "end": 1569680138663,
    "duration": 1,
    "pid": 38452,
    "index": 33
  },
  {
    "name": "Load extend/response.js",
    "start": 1569680138663,
    "end": 1569680138665,
    "duration": 2,
    "pid": 38452,
    "index": 34
  },
  {
    "name": "Require(29) node_modules/_egg@2.23.0@egg/app/extend/response.js",
    "start": 1569680138664,
    "end": 1569680138664,
    "duration": 0,
    "pid": 38452,
    "index": 35
  },
  {
    "name": "Load extend/context.js",
    "start": 1569680138665,
    "end": 1569680138706,
    "duration": 41,
    "pid": 38452,
    "index": 36
  },
  {
    "name": "Require(30) node_modules/_egg-security@2.6.1@egg-security/app/extend/context.js",
    "start": 1569680138665,
    "end": 1569680138669,
    "duration": 4,
    "pid": 38452,
    "index": 37
  },
  {
    "name": "Require(31) node_modules/_egg-jsonp@2.0.0@egg-jsonp/app/extend/context.js",
    "start": 1569680138669,
    "end": 1569680138670,
    "duration": 1,
    "pid": 38452,
    "index": 38
  },
  {
    "name": "Require(32) node_modules/_egg-i18n@2.1.1@egg-i18n/app/extend/context.js",
    "start": 1569680138670,
    "end": 1569680138670,
    "duration": 0,
    "pid": 38452,
    "index": 39
  },
  {
    "name": "Require(33) node_modules/_egg-multipart@2.9.0@egg-multipart/app/extend/context.js",
    "start": 1569680138671,
    "end": 1569680138703,
    "duration": 32,
    "pid": 38452,
    "index": 40
  },
  {
    "name": "Require(34) node_modules/_egg-view@2.1.2@egg-view/app/extend/context.js",
    "start": 1569680138703,
    "end": 1569680138704,
    "duration": 1,
    "pid": 38452,
    "index": 41
  },
  {
    "name": "Require(35) node_modules/_egg-mongoose@3.2.0@egg-mongoose/app/extend/context.js",
    "start": 1569680138704,
    "end": 1569680138704,
    "duration": 0,
    "pid": 38452,
    "index": 42
  },
  {
    "name": "Require(36) node_modules/_egg@2.23.0@egg/app/extend/context.js",
    "start": 1569680138704,
    "end": 1569680138705,
    "duration": 1,
    "pid": 38452,
    "index": 43
  },
  {
    "name": "Load extend/helper.js",
    "start": 1569680138706,
    "end": 1569680138715,
    "duration": 9,
    "pid": 38452,
    "index": 44
  },
  {
    "name": "Require(37) node_modules/_egg-security@2.6.1@egg-security/app/extend/helper.js",
    "start": 1569680138706,
    "end": 1569680138713,
    "duration": 7,
    "pid": 38452,
    "index": 45
  },
  {
    "name": "Require(38) node_modules/_egg@2.23.0@egg/app/extend/helper.js",
    "start": 1569680138714,
    "end": 1569680138714,
    "duration": 0,
    "pid": 38452,
    "index": 46
  },
  {
    "name": "Load app.js",
    "start": 1569680138715,
    "end": 1569680138729,
    "duration": 14,
    "pid": 38452,
    "index": 47
  },
  {
    "name": "Require(39) node_modules/_egg-session@3.1.0@egg-session/app.js",
    "start": 1569680138715,
    "end": 1569680138715,
    "duration": 0,
    "pid": 38452,
    "index": 48
  },
  {
    "name": "Require(40) node_modules/_egg-security@2.6.1@egg-security/app.js",
    "start": 1569680138715,
    "end": 1569680138716,
    "duration": 1,
    "pid": 38452,
    "index": 49
  },
  {
    "name": "Require(41) node_modules/_egg-onerror@2.1.0@egg-onerror/app.js",
    "start": 1569680138716,
    "end": 1569680138720,
    "duration": 4,
    "pid": 38452,
    "index": 50
  },
  {
    "name": "Require(42) node_modules/_egg-i18n@2.1.1@egg-i18n/app.js",
    "start": 1569680138720,
    "end": 1569680138723,
    "duration": 3,
    "pid": 38452,
    "index": 51
  },
  {
    "name": "Require(43) node_modules/_egg-watcher@3.1.0@egg-watcher/app.js",
    "start": 1569680138723,
    "end": 1569680138724,
    "duration": 1,
    "pid": 38452,
    "index": 52
  },
  {
    "name": "Require(44) node_modules/_egg-schedule@3.6.4@egg-schedule/app.js",
    "start": 1569680138724,
    "end": 1569680138725,
    "duration": 1,
    "pid": 38452,
    "index": 53
  },
  {
    "name": "Require(45) node_modules/_egg-multipart@2.9.0@egg-multipart/app.js",
    "start": 1569680138725,
    "end": 1569680138726,
    "duration": 1,
    "pid": 38452,
    "index": 54
  },
  {
    "name": "Require(46) node_modules/_egg-development@2.4.3@egg-development/app.js",
    "start": 1569680138726,
    "end": 1569680138726,
    "duration": 0,
    "pid": 38452,
    "index": 55
  },
  {
    "name": "Require(47) node_modules/_egg-logrotator@3.1.0@egg-logrotator/app.js",
    "start": 1569680138726,
    "end": 1569680138726,
    "duration": 0,
    "pid": 38452,
    "index": 56
  },
  {
    "name": "Require(48) node_modules/_egg-static@2.2.0@egg-static/app.js",
    "start": 1569680138726,
    "end": 1569680138727,
    "duration": 1,
    "pid": 38452,
    "index": 57
  },
  {
    "name": "Require(49) node_modules/_egg-mongoose@3.2.0@egg-mongoose/app.js",
    "start": 1569680138727,
    "end": 1569680138727,
    "duration": 0,
    "pid": 38452,
    "index": 58
  },
  {
    "name": "Require(50) node_modules/_egg-jwt@3.1.6@egg-jwt/app.js",
    "start": 1569680138727,
    "end": 1569680138727,
    "duration": 0,
    "pid": 38452,
    "index": 59
  },
  {
    "name": "Require(51) node_modules/_egg-router-group@1.1.0@egg-router-group/app.js",
    "start": 1569680138727,
    "end": 1569680138728,
    "duration": 1,
    "pid": 38452,
    "index": 60
  },
  {
    "name": "Before Start in node_modules/_egg-watcher@3.1.0@egg-watcher/lib/init.js:15:14",
    "start": 1569680138738,
    "end": 1569680139113,
    "duration": 375,
    "pid": 38452,
    "index": 61
  },
  {
    "name": "Before Start in node_modules/_egg-mongoose@3.2.0@egg-mongoose/lib/mongoose.js:91:7",
    "start": 1569680138967,
    "end": 1569680139109,
    "duration": 142,
    "pid": 38452,
    "index": 62
  },
  {
    "name": "Before Start in node_modules/_egg-mongoose@3.2.0@egg-mongoose/lib/mongoose.js:49:9",
    "start": 1569680138968,
    "end": 1569680139087,
    "duration": 119,
    "pid": 38452,
    "index": 63
  },
  {
    "name": "Before Start in node_modules/_egg-core@4.17.3@egg-core/lib/egg.js:303:10",
    "start": 1569680138969,
    "end": 1569680139088,
    "duration": 119,
    "pid": 38452,
    "index": 64
  },
  {
    "name": "Load Service",
    "start": 1569680138970,
    "end": 1569680139006,
    "duration": 36,
    "pid": 38452,
    "index": 65
  },
  {
    "name": "Load \"service\" to Context",
    "start": 1569680138970,
    "end": 1569680139006,
    "duration": 36,
    "pid": 38452,
    "index": 66
  },
  {
    "name": "Load Middleware",
    "start": 1569680139006,
    "end": 1569680139054,
    "duration": 48,
    "pid": 38452,
    "index": 67
  },
  {
    "name": "Load \"middlewares\" to Application",
    "start": 1569680139006,
    "end": 1569680139048,
    "duration": 42,
    "pid": 38452,
    "index": 68
  },
  {
    "name": "Load Controller",
    "start": 1569680139055,
    "end": 1569680139062,
    "duration": 7,
    "pid": 38452,
    "index": 69
  },
  {
    "name": "Load \"controller\" to Application",
    "start": 1569680139055,
    "end": 1569680139062,
    "duration": 7,
    "pid": 38452,
    "index": 70
  },
  {
    "name": "Load Router",
    "start": 1569680139062,
    "end": 1569680139065,
    "duration": 3,
    "pid": 38452,
    "index": 71
  },
  {
    "name": "Require(52) app/router.js",
    "start": 1569680139062,
    "end": 1569680139062,
    "duration": 0,
    "pid": 38452,
    "index": 72
  },
  {
    "name": "Load \"model\" to Application",
    "start": 1569680139073,
    "end": 1569680139086,
    "duration": 13,
    "pid": 38452,
    "index": 73
  }
]