[
  {
    "name": "Application Start",
    "start": 1569679960594,
    "end": 1569679961153,
    "duration": 559,
    "pid": 38333,
    "index": 0
  },
  {
    "name": "Load Plugin",
    "start": 1569679960598,
    "end": 1569679960606,
    "duration": 8,
    "pid": 38333,
    "index": 1
  },
  {
    "name": "Load Config",
    "start": 1569679960606,
    "end": 1569679960621,
    "duration": 15,
    "pid": 38333,
    "index": 2
  },
  {
    "name": "Require(0) config/config.default.js",
    "start": 1569679960607,
    "end": 1569679960607,
    "duration": 0,
    "pid": 38333,
    "index": 3
  },
  {
    "name": "Require(1) node_modules/_egg-session@3.1.0@egg-session/config/config.default.js",
    "start": 1569679960608,
    "end": 1569679960608,
    "duration": 0,
    "pid": 38333,
    "index": 4
  },
  {
    "name": "Require(2) node_modules/_egg-security@2.6.1@egg-security/config/config.default.js",
    "start": 1569679960609,
    "end": 1569679960611,
    "duration": 2,
    "pid": 38333,
    "index": 5
  },
  {
    "name": "Require(3) node_modules/_egg-jsonp@2.0.0@egg-jsonp/config/config.default.js",
    "start": 1569679960611,
    "end": 1569679960611,
    "duration": 0,
    "pid": 38333,
    "index": 6
  },
  {
    "name": "Require(4) node_modules/_egg-onerror@2.1.0@egg-onerror/config/config.default.js",
    "start": 1569679960612,
    "end": 1569679960612,
    "duration": 0,
    "pid": 38333,
    "index": 7
  },
  {
    "name": "Require(5) node_modules/_egg-i18n@2.1.1@egg-i18n/config/config.default.js",
    "start": 1569679960612,
    "end": 1569679960612,
    "duration": 0,
    "pid": 38333,
    "index": 8
  },
  {
    "name": "Require(6) node_modules/_egg-watcher@3.1.0@egg-watcher/config/config.default.js",
    "start": 1569679960612,
    "end": 1569679960612,
    "duration": 0,
    "pid": 38333,
    "index": 9
  },
  {
    "name": "Require(7) node_modules/_egg-schedule@3.6.4@egg-schedule/config/config.default.js",
    "start": 1569679960613,
    "end": 1569679960613,
    "duration": 0,
    "pid": 38333,
    "index": 10
  },
  {
    "name": "Require(8) node_modules/_egg-multipart@2.9.0@egg-multipart/config/config.default.js",
    "start": 1569679960613,
    "end": 1569679960613,
    "duration": 0,
    "pid": 38333,
    "index": 11
  },
  {
    "name": "Require(9) node_modules/_egg-development@2.4.3@egg-development/config/config.default.js",
    "start": 1569679960614,
    "end": 1569679960614,
    "duration": 0,
    "pid": 38333,
    "index": 12
  },
  {
    "name": "Require(10) node_modules/_egg-logrotator@3.1.0@egg-logrotator/config/config.default.js",
    "start": 1569679960614,
    "end": 1569679960615,
    "duration": 1,
    "pid": 38333,
    "index": 13
  },
  {
    "name": "Require(11) node_modules/_egg-static@2.2.0@egg-static/config/config.default.js",
    "start": 1569679960615,
    "end": 1569679960616,
    "duration": 1,
    "pid": 38333,
    "index": 14
  },
  {
    "name": "Require(12) node_modules/_egg-view@2.1.2@egg-view/config/config.default.js",
    "start": 1569679960616,
    "end": 1569679960616,
    "duration": 0,
    "pid": 38333,
    "index": 15
  },
  {
    "name": "Require(13) node_modules/_egg-mongoose@3.2.0@egg-mongoose/config/config.default.js",
    "start": 1569679960617,
    "end": 1569679960617,
    "duration": 0,
    "pid": 38333,
    "index": 16
  },
  {
    "name": "Require(14) node_modules/_egg-jwt@3.1.6@egg-jwt/config/config.default.js",
    "start": 1569679960617,
    "end": 1569679960617,
    "duration": 0,
    "pid": 38333,
    "index": 17
  },
  {
    "name": "Require(15) node_modules/_egg-router-group@1.1.0@egg-router-group/config/config.default.js",
    "start": 1569679960617,
    "end": 1569679960618,
    "duration": 1,
    "pid": 38333,
    "index": 18
  },
  {
    "name": "Require(16) node_modules/_egg@2.23.0@egg/config/config.default.js",
    "start": 1569679960618,
    "end": 1569679960618,
    "duration": 0,
    "pid": 38333,
    "index": 19
  },
  {
    "name": "Require(17) config/config.default.js",
    "start": 1569679960619,
    "end": 1569679960619,
    "duration": 0,
    "pid": 38333,
    "index": 20
  },
  {
    "name": "Require(18) node_modules/_egg-security@2.6.1@egg-security/config/config.local.js",
    "start": 1569679960619,
    "end": 1569679960620,
    "duration": 1,
    "pid": 38333,
    "index": 21
  },
  {
    "name": "Require(19) node_modules/_egg-watcher@3.1.0@egg-watcher/config/config.local.js",
    "start": 1569679960620,
    "end": 1569679960620,
    "duration": 0,
    "pid": 38333,
    "index": 22
  },
  {
    "name": "Require(20) node_modules/_egg-view@2.1.2@egg-view/config/config.local.js",
    "start": 1569679960620,
    "end": 1569679960620,
    "duration": 0,
    "pid": 38333,
    "index": 23
  },
  {
    "name": "Require(21) node_modules/_egg@2.23.0@egg/config/config.local.js",
    "start": 1569679960621,
    "end": 1569679960621,
    "duration": 0,
    "pid": 38333,
    "index": 24
  },
  {
    "name": "Load extend/application.js",
    "start": 1569679960622,
    "end": 1569679960655,
    "duration": 33,
    "pid": 38333,
    "index": 25
  },
  {
    "name": "Require(22) node_modules/_egg-session@3.1.0@egg-session/app/extend/application.js",
    "start": 1569679960623,
    "end": 1569679960623,
    "duration": 0,
    "pid": 38333,
    "index": 26
  },
  {
    "name": "Require(23) node_modules/_egg-security@2.6.1@egg-security/app/extend/application.js",
    "start": 1569679960623,
    "end": 1569679960624,
    "duration": 1,
    "pid": 38333,
    "index": 27
  },
  {
    "name": "Require(24) node_modules/_egg-jsonp@2.0.0@egg-jsonp/app/extend/application.js",
    "start": 1569679960624,
    "end": 1569679960624,
    "duration": 0,
    "pid": 38333,
    "index": 28
  },
  {
    "name": "Require(25) node_modules/_egg-logrotator@3.1.0@egg-logrotator/app/extend/application.js",
    "start": 1569679960625,
    "end": 1569679960626,
    "duration": 1,
    "pid": 38333,
    "index": 29
  },
  {
    "name": "Require(26) node_modules/_egg-view@2.1.2@egg-view/app/extend/application.js",
    "start": 1569679960626,
    "end": 1569679960626,
    "duration": 0,
    "pid": 38333,
    "index": 30
  },
  {
    "name": "Require(27) node_modules/_egg-jwt@3.1.6@egg-jwt/app/extend/application.js",
    "start": 1569679960626,
    "end": 1569679960654,
    "duration": 28,
    "pid": 38333,
    "index": 31
  },
  {
    "name": "Load extend/request.js",
    "start": 1569679960655,
    "end": 1569679960657,
    "duration": 2,
    "pid": 38333,
    "index": 32
  },
  {
    "name": "Require(28) node_modules/_egg@2.23.0@egg/app/extend/request.js",
    "start": 1569679960655,
    "end": 1569679960656,
    "duration": 1,
    "pid": 38333,
    "index": 33
  },
  {
    "name": "Load extend/response.js",
    "start": 1569679960657,
    "end": 1569679960658,
    "duration": 1,
    "pid": 38333,
    "index": 34
  },
  {
    "name": "Require(29) node_modules/_egg@2.23.0@egg/app/extend/response.js",
    "start": 1569679960657,
    "end": 1569679960658,
    "duration": 1,
    "pid": 38333,
    "index": 35
  },
  {
    "name": "Load extend/context.js",
    "start": 1569679960658,
    "end": 1569679960706,
    "duration": 48,
    "pid": 38333,
    "index": 36
  },
  {
    "name": "Require(30) node_modules/_egg-security@2.6.1@egg-security/app/extend/context.js",
    "start": 1569679960658,
    "end": 1569679960663,
    "duration": 5,
    "pid": 38333,
    "index": 37
  },
  {
    "name": "Require(31) node_modules/_egg-jsonp@2.0.0@egg-jsonp/app/extend/context.js",
    "start": 1569679960663,
    "end": 1569679960664,
    "duration": 1,
    "pid": 38333,
    "index": 38
  },
  {
    "name": "Require(32) node_modules/_egg-i18n@2.1.1@egg-i18n/app/extend/context.js",
    "start": 1569679960664,
    "end": 1569679960665,
    "duration": 1,
    "pid": 38333,
    "index": 39
  },
  {
    "name": "Require(33) node_modules/_egg-multipart@2.9.0@egg-multipart/app/extend/context.js",
    "start": 1569679960665,
    "end": 1569679960704,
    "duration": 39,
    "pid": 38333,
    "index": 40
  },
  {
    "name": "Require(34) node_modules/_egg-view@2.1.2@egg-view/app/extend/context.js",
    "start": 1569679960704,
    "end": 1569679960705,
    "duration": 1,
    "pid": 38333,
    "index": 41
  },
  {
    "name": "Require(35) node_modules/_egg-mongoose@3.2.0@egg-mongoose/app/extend/context.js",
    "start": 1569679960705,
    "end": 1569679960705,
    "duration": 0,
    "pid": 38333,
    "index": 42
  },
  {
    "name": "Require(36) node_modules/_egg@2.23.0@egg/app/extend/context.js",
    "start": 1569679960705,
    "end": 1569679960706,
    "duration": 1,
    "pid": 38333,
    "index": 43
  },
  {
    "name": "Load extend/helper.js",
    "start": 1569679960707,
    "end": 1569679960717,
    "duration": 10,
    "pid": 38333,
    "index": 44
  },
  {
    "name": "Require(37) node_modules/_egg-security@2.6.1@egg-security/app/extend/helper.js",
    "start": 1569679960707,
    "end": 1569679960715,
    "duration": 8,
    "pid": 38333,
    "index": 45
  },
  {
    "name": "Require(38) node_modules/_egg@2.23.0@egg/app/extend/helper.js",
    "start": 1569679960716,
    "end": 1569679960716,
    "duration": 0,
    "pid": 38333,
    "index": 46
  },
  {
    "name": "Load app.js",
    "start": 1569679960718,
    "end": 1569679960734,
    "duration": 16,
    "pid": 38333,
    "index": 47
  },
  {
    "name": "Require(39) node_modules/_egg-session@3.1.0@egg-session/app.js",
    "start": 1569679960718,
    "end": 1569679960718,
    "duration": 0,
    "pid": 38333,
    "index": 48
  },
  {
    "name": "Require(40) node_modules/_egg-security@2.6.1@egg-security/app.js",
    "start": 1569679960718,
    "end": 1569679960720,
    "duration": 2,
    "pid": 38333,
    "index": 49
  },
  {
    "name": "Require(41) node_modules/_egg-onerror@2.1.0@egg-onerror/app.js",
    "start": 1569679960720,
    "end": 1569679960724,
    "duration": 4,
    "pid": 38333,
    "index": 50
  },
  {
    "name": "Require(42) node_modules/_egg-i18n@2.1.1@egg-i18n/app.js",
    "start": 1569679960724,
    "end": 1569679960727,
    "duration": 3,
    "pid": 38333,
    "index": 51
  },
  {
    "name": "Require(43) node_modules/_egg-watcher@3.1.0@egg-watcher/app.js",
    "start": 1569679960727,
    "end": 1569679960729,
    "duration": 2,
    "pid": 38333,
    "index": 52
  },
  {
    "name": "Require(44) node_modules/_egg-schedule@3.6.4@egg-schedule/app.js",
    "start": 1569679960729,
    "end": 1569679960729,
    "duration": 0,
    "pid": 38333,
    "index": 53
  },
  {
    "name": "Require(45) node_modules/_egg-multipart@2.9.0@egg-multipart/app.js",
    "start": 1569679960729,
    "end": 1569679960730,
    "duration": 1,
    "pid": 38333,
    "index": 54
  },
  {
    "name": "Require(46) node_modules/_egg-development@2.4.3@egg-development/app.js",
    "start": 1569679960731,
    "end": 1569679960731,
    "duration": 0,
    "pid": 38333,
    "index": 55
  },
  {
    "name": "Require(47) node_modules/_egg-logrotator@3.1.0@egg-logrotator/app.js",
    "start": 1569679960731,
    "end": 1569679960731,
    "duration": 0,
    "pid": 38333,
    "index": 56
  },
  {
    "name": "Require(48) node_modules/_egg-static@2.2.0@egg-static/app.js",
    "start": 1569679960731,
    "end": 1569679960731,
    "duration": 0,
    "pid": 38333,
    "index": 57
  },
  {
    "name": "Require(49) node_modules/_egg-mongoose@3.2.0@egg-mongoose/app.js",
    "start": 1569679960731,
    "end": 1569679960731,
    "duration": 0,
    "pid": 38333,
    "index": 58
  },
  {
    "name": "Require(50) node_modules/_egg-jwt@3.1.6@egg-jwt/app.js",
    "start": 1569679960732,
    "end": 1569679960732,
    "duration": 0,
    "pid": 38333,
    "index": 59
  },
  {
    "name": "Require(51) node_modules/_egg-router-group@1.1.0@egg-router-group/app.js",
    "start": 1569679960732,
    "end": 1569679960733,
    "duration": 1,
    "pid": 38333,
    "index": 60
  },
  {
    "name": "Before Start in node_modules/_egg-watcher@3.1.0@egg-watcher/lib/init.js:15:14",
    "start": 1569679960745,
    "end": 1569679961147,
    "duration": 402,
    "pid": 38333,
    "index": 61
  },
  {
    "name": "Before Start in node_modules/_egg-mongoose@3.2.0@egg-mongoose/lib/mongoose.js:91:7",
    "start": 1569679961008,
    "end": 1569679961145,
    "duration": 137,
    "pid": 38333,
    "index": 62
  },
  {
    "name": "Before Start in node_modules/_egg-mongoose@3.2.0@egg-mongoose/lib/mongoose.js:49:9",
    "start": 1569679961009,
    "end": 1569679961125,
    "duration": 116,
    "pid": 38333,
    "index": 63
  },
  {
    "name": "Before Start in node_modules/_egg-core@4.17.3@egg-core/lib/egg.js:303:10",
    "start": 1569679961009,
    "end": 1569679961125,
    "duration": 116,
    "pid": 38333,
    "index": 64
  },
  {
    "name": "Load Service",
    "start": 1569679961010,
    "end": 1569679961046,
    "duration": 36,
    "pid": 38333,
    "index": 65
  },
  {
    "name": "Load \"service\" to Context",
    "start": 1569679961010,
    "end": 1569679961046,
    "duration": 36,
    "pid": 38333,
    "index": 66
  },
  {
    "name": "Load Middleware",
    "start": 1569679961046,
    "end": 1569679961089,
    "duration": 43,
    "pid": 38333,
    "index": 67
  },
  {
    "name": "Load \"middlewares\" to Application",
    "start": 1569679961047,
    "end": 1569679961084,
    "duration": 37,
    "pid": 38333,
    "index": 68
  },
  {
    "name": "Load Controller",
    "start": 1569679961090,
    "end": 1569679961097,
    "duration": 7,
    "pid": 38333,
    "index": 69
  },
  {
    "name": "Load \"controller\" to Application",
    "start": 1569679961090,
    "end": 1569679961097,
    "duration": 7,
    "pid": 38333,
    "index": 70
  },
  {
    "name": "Load Router",
    "start": 1569679961097,
    "end": 1569679961101,
    "duration": 4,
    "pid": 38333,
    "index": 71
  },
  {
    "name": "Require(52) app/router.js",
    "start": 1569679961097,
    "end": 1569679961097,
    "duration": 0,
    "pid": 38333,
    "index": 72
  },
  {
    "name": "Load \"model\" to Application",
    "start": 1569679961110,
    "end": 1569679961124,
    "duration": 14,
    "pid": 38333,
    "index": 73
  }
]