[
  {
    "name": "Application Start",
    "start": 1569679532249,
    "end": 1569679532787,
    "duration": 538,
    "pid": 38135,
    "index": 0
  },
  {
    "name": "Load Plugin",
    "start": 1569679532253,
    "end": 1569679532261,
    "duration": 8,
    "pid": 38135,
    "index": 1
  },
  {
    "name": "Load Config",
    "start": 1569679532261,
    "end": 1569679532275,
    "duration": 14,
    "pid": 38135,
    "index": 2
  },
  {
    "name": "Require(0) config/config.default.js",
    "start": 1569679532262,
    "end": 1569679532262,
    "duration": 0,
    "pid": 38135,
    "index": 3
  },
  {
    "name": "Require(1) node_modules/_egg-session@3.1.0@egg-session/config/config.default.js",
    "start": 1569679532263,
    "end": 1569679532264,
    "duration": 1,
    "pid": 38135,
    "index": 4
  },
  {
    "name": "Require(2) node_modules/_egg-security@2.6.1@egg-security/config/config.default.js",
    "start": 1569679532264,
    "end": 1569679532266,
    "duration": 2,
    "pid": 38135,
    "index": 5
  },
  {
    "name": "Require(3) node_modules/_egg-jsonp@2.0.0@egg-jsonp/config/config.default.js",
    "start": 1569679532267,
    "end": 1569679532267,
    "duration": 0,
    "pid": 38135,
    "index": 6
  },
  {
    "name": "Require(4) node_modules/_egg-onerror@2.1.0@egg-onerror/config/config.default.js",
    "start": 1569679532267,
    "end": 1569679532267,
    "duration": 0,
    "pid": 38135,
    "index": 7
  },
  {
    "name": "Require(5) node_modules/_egg-i18n@2.1.1@egg-i18n/config/config.default.js",
    "start": 1569679532267,
    "end": 1569679532268,
    "duration": 1,
    "pid": 38135,
    "index": 8
  },
  {
    "name": "Require(6) node_modules/_egg-watcher@3.1.0@egg-watcher/config/config.default.js",
    "start": 1569679532268,
    "end": 1569679532268,
    "duration": 0,
    "pid": 38135,
    "index": 9
  },
  {
    "name": "Require(7) node_modules/_egg-schedule@3.6.4@egg-schedule/config/config.default.js",
    "start": 1569679532268,
    "end": 1569679532268,
    "duration": 0,
    "pid": 38135,
    "index": 10
  },
  {
    "name": "Require(8) node_modules/_egg-multipart@2.9.0@egg-multipart/config/config.default.js",
    "start": 1569679532269,
    "end": 1569679532269,
    "duration": 0,
    "pid": 38135,
    "index": 11
  },
  {
    "name": "Require(9) node_modules/_egg-development@2.4.3@egg-development/config/config.default.js",
    "start": 1569679532269,
    "end": 1569679532270,
    "duration": 1,
    "pid": 38135,
    "index": 12
  },
  {
    "name": "Require(10) node_modules/_egg-logrotator@3.1.0@egg-logrotator/config/config.default.js",
    "start": 1569679532270,
    "end": 1569679532270,
    "duration": 0,
    "pid": 38135,
    "index": 13
  },
  {
    "name": "Require(11) node_modules/_egg-static@2.2.0@egg-static/config/config.default.js",
    "start": 1569679532271,
    "end": 1569679532271,
    "duration": 0,
    "pid": 38135,
    "index": 14
  },
  {
    "name": "Require(12) node_modules/_egg-view@2.1.2@egg-view/config/config.default.js",
    "start": 1569679532271,
    "end": 1569679532271,
    "duration": 0,
    "pid": 38135,
    "index": 15
  },
  {
    "name": "Require(13) node_modules/_egg-mongoose@3.2.0@egg-mongoose/config/config.default.js",
    "start": 1569679532271,
    "end": 1569679532271,
    "duration": 0,
    "pid": 38135,
    "index": 16
  },
  {
    "name": "Require(14) node_modules/_egg-jwt@3.1.6@egg-jwt/config/config.default.js",
    "start": 1569679532272,
    "end": 1569679532272,
    "duration": 0,
    "pid": 38135,
    "index": 17
  },
  {
    "name": "Require(15) node_modules/_egg-router-group@1.1.0@egg-router-group/config/config.default.js",
    "start": 1569679532272,
    "end": 1569679532272,
    "duration": 0,
    "pid": 38135,
    "index": 18
  },
  {
    "name": "Require(16) node_modules/_egg@2.23.0@egg/config/config.default.js",
    "start": 1569679532272,
    "end": 1569679532273,
    "duration": 1,
    "pid": 38135,
    "index": 19
  },
  {
    "name": "Require(17) config/config.default.js",
    "start": 1569679532274,
    "end": 1569679532274,
    "duration": 0,
    "pid": 38135,
    "index": 20
  },
  {
    "name": "Require(18) node_modules/_egg-security@2.6.1@egg-security/config/config.local.js",
    "start": 1569679532274,
    "end": 1569679532274,
    "duration": 0,
    "pid": 38135,
    "index": 21
  },
  {
    "name": "Require(19) node_modules/_egg-watcher@3.1.0@egg-watcher/config/config.local.js",
    "start": 1569679532274,
    "end": 1569679532274,
    "duration": 0,
    "pid": 38135,
    "index": 22
  },
  {
    "name": "Require(20) node_modules/_egg-view@2.1.2@egg-view/config/config.local.js",
    "start": 1569679532275,
    "end": 1569679532275,
    "duration": 0,
    "pid": 38135,
    "index": 23
  },
  {
    "name": "Require(21) node_modules/_egg@2.23.0@egg/config/config.local.js",
    "start": 1569679532275,
    "end": 1569679532275,
    "duration": 0,
    "pid": 38135,
    "index": 24
  },
  {
    "name": "Load extend/application.js",
    "start": 1569679532277,
    "end": 1569679532307,
    "duration": 30,
    "pid": 38135,
    "index": 25
  },
  {
    "name": "Require(22) node_modules/_egg-session@3.1.0@egg-session/app/extend/application.js",
    "start": 1569679532277,
    "end": 1569679532277,
    "duration": 0,
    "pid": 38135,
    "index": 26
  },
  {
    "name": "Require(23) node_modules/_egg-security@2.6.1@egg-security/app/extend/application.js",
    "start": 1569679532277,
    "end": 1569679532278,
    "duration": 1,
    "pid": 38135,
    "index": 27
  },
  {
    "name": "Require(24) node_modules/_egg-jsonp@2.0.0@egg-jsonp/app/extend/application.js",
    "start": 1569679532278,
    "end": 1569679532279,
    "duration": 1,
    "pid": 38135,
    "index": 28
  },
  {
    "name": "Require(25) node_modules/_egg-logrotator@3.1.0@egg-logrotator/app/extend/application.js",
    "start": 1569679532279,
    "end": 1569679532280,
    "duration": 1,
    "pid": 38135,
    "index": 29
  },
  {
    "name": "Require(26) node_modules/_egg-view@2.1.2@egg-view/app/extend/application.js",
    "start": 1569679532280,
    "end": 1569679532281,
    "duration": 1,
    "pid": 38135,
    "index": 30
  },
  {
    "name": "Require(27) node_modules/_egg-jwt@3.1.6@egg-jwt/app/extend/application.js",
    "start": 1569679532281,
    "end": 1569679532307,
    "duration": 26,
    "pid": 38135,
    "index": 31
  },
  {
    "name": "Load extend/request.js",
    "start": 1569679532307,
    "end": 1569679532309,
    "duration": 2,
    "pid": 38135,
    "index": 32
  },
  {
    "name": "Require(28) node_modules/_egg@2.23.0@egg/app/extend/request.js",
    "start": 1569679532308,
    "end": 1569679532309,
    "duration": 1,
    "pid": 38135,
    "index": 33
  },
  {
    "name": "Load extend/response.js",
    "start": 1569679532309,
    "end": 1569679532311,
    "duration": 2,
    "pid": 38135,
    "index": 34
  },
  {
    "name": "Require(29) node_modules/_egg@2.23.0@egg/app/extend/response.js",
    "start": 1569679532310,
    "end": 1569679532310,
    "duration": 0,
    "pid": 38135,
    "index": 35
  },
  {
    "name": "Load extend/context.js",
    "start": 1569679532311,
    "end": 1569679532359,
    "duration": 48,
    "pid": 38135,
    "index": 36
  },
  {
    "name": "Require(30) node_modules/_egg-security@2.6.1@egg-security/app/extend/context.js",
    "start": 1569679532311,
    "end": 1569679532316,
    "duration": 5,
    "pid": 38135,
    "index": 37
  },
  {
    "name": "Require(31) node_modules/_egg-jsonp@2.0.0@egg-jsonp/app/extend/context.js",
    "start": 1569679532316,
    "end": 1569679532317,
    "duration": 1,
    "pid": 38135,
    "index": 38
  },
  {
    "name": "Require(32) node_modules/_egg-i18n@2.1.1@egg-i18n/app/extend/context.js",
    "start": 1569679532317,
    "end": 1569679532317,
    "duration": 0,
    "pid": 38135,
    "index": 39
  },
  {
    "name": "Require(33) node_modules/_egg-multipart@2.9.0@egg-multipart/app/extend/context.js",
    "start": 1569679532317,
    "end": 1569679532354,
    "duration": 37,
    "pid": 38135,
    "index": 40
  },
  {
    "name": "Require(34) node_modules/_egg-view@2.1.2@egg-view/app/extend/context.js",
    "start": 1569679532354,
    "end": 1569679532356,
    "duration": 2,
    "pid": 38135,
    "index": 41
  },
  {
    "name": "Require(35) node_modules/_egg-mongoose@3.2.0@egg-mongoose/app/extend/context.js",
    "start": 1569679532356,
    "end": 1569679532356,
    "duration": 0,
    "pid": 38135,
    "index": 42
  },
  {
    "name": "Require(36) node_modules/_egg@2.23.0@egg/app/extend/context.js",
    "start": 1569679532356,
    "end": 1569679532358,
    "duration": 2,
    "pid": 38135,
    "index": 43
  },
  {
    "name": "Load extend/helper.js",
    "start": 1569679532359,
    "end": 1569679532370,
    "duration": 11,
    "pid": 38135,
    "index": 44
  },
  {
    "name": "Require(37) node_modules/_egg-security@2.6.1@egg-security/app/extend/helper.js",
    "start": 1569679532359,
    "end": 1569679532368,
    "duration": 9,
    "pid": 38135,
    "index": 45
  },
  {
    "name": "Require(38) node_modules/_egg@2.23.0@egg/app/extend/helper.js",
    "start": 1569679532369,
    "end": 1569679532369,
    "duration": 0,
    "pid": 38135,
    "index": 46
  },
  {
    "name": "Load app.js",
    "start": 1569679532370,
    "end": 1569679532385,
    "duration": 15,
    "pid": 38135,
    "index": 47
  },
  {
    "name": "Require(39) node_modules/_egg-session@3.1.0@egg-session/app.js",
    "start": 1569679532371,
    "end": 1569679532371,
    "duration": 0,
    "pid": 38135,
    "index": 48
  },
  {
    "name": "Require(40) node_modules/_egg-security@2.6.1@egg-security/app.js",
    "start": 1569679532371,
    "end": 1569679532372,
    "duration": 1,
    "pid": 38135,
    "index": 49
  },
  {
    "name": "Require(41) node_modules/_egg-onerror@2.1.0@egg-onerror/app.js",
    "start": 1569679532372,
    "end": 1569679532376,
    "duration": 4,
    "pid": 38135,
    "index": 50
  },
  {
    "name": "Require(42) node_modules/_egg-i18n@2.1.1@egg-i18n/app.js",
    "start": 1569679532377,
    "end": 1569679532379,
    "duration": 2,
    "pid": 38135,
    "index": 51
  },
  {
    "name": "Require(43) node_modules/_egg-watcher@3.1.0@egg-watcher/app.js",
    "start": 1569679532379,
    "end": 1569679532381,
    "duration": 2,
    "pid": 38135,
    "index": 52
  },
  {
    "name": "Require(44) node_modules/_egg-schedule@3.6.4@egg-schedule/app.js",
    "start": 1569679532381,
    "end": 1569679532382,
    "duration": 1,
    "pid": 38135,
    "index": 53
  },
  {
    "name": "Require(45) node_modules/_egg-multipart@2.9.0@egg-multipart/app.js",
    "start": 1569679532382,
    "end": 1569679532383,
    "duration": 1,
    "pid": 38135,
    "index": 54
  },
  {
    "name": "Require(46) node_modules/_egg-development@2.4.3@egg-development/app.js",
    "start": 1569679532383,
    "end": 1569679532383,
    "duration": 0,
    "pid": 38135,
    "index": 55
  },
  {
    "name": "Require(47) node_modules/_egg-logrotator@3.1.0@egg-logrotator/app.js",
    "start": 1569679532383,
    "end": 1569679532383,
    "duration": 0,
    "pid": 38135,
    "index": 56
  },
  {
    "name": "Require(48) node_modules/_egg-static@2.2.0@egg-static/app.js",
    "start": 1569679532383,
    "end": 1569679532383,
    "duration": 0,
    "pid": 38135,
    "index": 57
  },
  {
    "name": "Require(49) node_modules/_egg-mongoose@3.2.0@egg-mongoose/app.js",
    "start": 1569679532384,
    "end": 1569679532384,
    "duration": 0,
    "pid": 38135,
    "index": 58
  },
  {
    "name": "Require(50) node_modules/_egg-jwt@3.1.6@egg-jwt/app.js",
    "start": 1569679532384,
    "end": 1569679532384,
    "duration": 0,
    "pid": 38135,
    "index": 59
  },
  {
    "name": "Require(51) node_modules/_egg-router-group@1.1.0@egg-router-group/app.js",
    "start": 1569679532384,
    "end": 1569679532385,
    "duration": 1,
    "pid": 38135,
    "index": 60
  },
  {
    "name": "Before Start in node_modules/_egg-watcher@3.1.0@egg-watcher/lib/init.js:15:14",
    "start": 1569679532395,
    "end": 1569679532781,
    "duration": 386,
    "pid": 38135,
    "index": 61
  },
  {
    "name": "Before Start in node_modules/_egg-mongoose@3.2.0@egg-mongoose/lib/mongoose.js:91:7",
    "start": 1569679532647,
    "end": 1569679532778,
    "duration": 131,
    "pid": 38135,
    "index": 62
  },
  {
    "name": "Before Start in node_modules/_egg-mongoose@3.2.0@egg-mongoose/lib/mongoose.js:49:9",
    "start": 1569679532647,
    "end": 1569679532756,
    "duration": 109,
    "pid": 38135,
    "index": 63
  },
  {
    "name": "Before Start in node_modules/_egg-core@4.17.3@egg-core/lib/egg.js:303:10",
    "start": 1569679532647,
    "end": 1569679532756,
    "duration": 109,
    "pid": 38135,
    "index": 64
  },
  {
    "name": "Load Service",
    "start": 1569679532648,
    "end": 1569679532678,
    "duration": 30,
    "pid": 38135,
    "index": 65
  },
  {
    "name": "Load \"service\" to Context",
    "start": 1569679532648,
    "end": 1569679532678,
    "duration": 30,
    "pid": 38135,
    "index": 66
  },
  {
    "name": "Load Middleware",
    "start": 1569679532679,
    "end": 1569679532721,
    "duration": 42,
    "pid": 38135,
    "index": 67
  },
  {
    "name": "Load \"middlewares\" to Application",
    "start": 1569679532679,
    "end": 1569679532715,
    "duration": 36,
    "pid": 38135,
    "index": 68
  },
  {
    "name": "Load Controller",
    "start": 1569679532721,
    "end": 1569679532728,
    "duration": 7,
    "pid": 38135,
    "index": 69
  },
  {
    "name": "Load \"controller\" to Application",
    "start": 1569679532721,
    "end": 1569679532728,
    "duration": 7,
    "pid": 38135,
    "index": 70
  },
  {
    "name": "Load Router",
    "start": 1569679532728,
    "end": 1569679532730,
    "duration": 2,
    "pid": 38135,
    "index": 71
  },
  {
    "name": "Require(52) app/router.js",
    "start": 1569679532728,
    "end": 1569679532728,
    "duration": 0,
    "pid": 38135,
    "index": 72
  },
  {
    "name": "Load \"model\" to Application",
    "start": 1569679532740,
    "end": 1569679532755,
    "duration": 15,
    "pid": 38135,
    "index": 73
  }
]