[
  {
    "name": "Application Start",
    "start": 1569675604090,
    "end": 1569675604646,
    "duration": 556,
    "pid": 36718,
    "index": 0
  },
  {
    "name": "Load Plugin",
    "start": 1569675604094,
    "end": 1569675604104,
    "duration": 10,
    "pid": 36718,
    "index": 1
  },
  {
    "name": "Load Config",
    "start": 1569675604104,
    "end": 1569675604122,
    "duration": 18,
    "pid": 36718,
    "index": 2
  },
  {
    "name": "Require(0) config/config.default.js",
    "start": 1569675604105,
    "end": 1569675604105,
    "duration": 0,
    "pid": 36718,
    "index": 3
  },
  {
    "name": "Require(1) node_modules/_egg-session@3.1.0@egg-session/config/config.default.js",
    "start": 1569675604107,
    "end": 1569675604107,
    "duration": 0,
    "pid": 36718,
    "index": 4
  },
  {
    "name": "Require(2) node_modules/_egg-security@2.6.1@egg-security/config/config.default.js",
    "start": 1569675604107,
    "end": 1569675604109,
    "duration": 2,
    "pid": 36718,
    "index": 5
  },
  {
    "name": "Require(3) node_modules/_egg-jsonp@2.0.0@egg-jsonp/config/config.default.js",
    "start": 1569675604110,
    "end": 1569675604110,
    "duration": 0,
    "pid": 36718,
    "index": 6
  },
  {
    "name": "Require(4) node_modules/_egg-onerror@2.1.0@egg-onerror/config/config.default.js",
    "start": 1569675604111,
    "end": 1569675604111,
    "duration": 0,
    "pid": 36718,
    "index": 7
  },
  {
    "name": "Require(5) node_modules/_egg-i18n@2.1.1@egg-i18n/config/config.default.js",
    "start": 1569675604111,
    "end": 1569675604112,
    "duration": 1,
    "pid": 36718,
    "index": 8
  },
  {
    "name": "Require(6) node_modules/_egg-watcher@3.1.0@egg-watcher/config/config.default.js",
    "start": 1569675604112,
    "end": 1569675604112,
    "duration": 0,
    "pid": 36718,
    "index": 9
  },
  {
    "name": "Require(7) node_modules/_egg-schedule@3.6.4@egg-schedule/config/config.default.js",
    "start": 1569675604113,
    "end": 1569675604113,
    "duration": 0,
    "pid": 36718,
    "index": 10
  },
  {
    "name": "Require(8) node_modules/_egg-multipart@2.9.0@egg-multipart/config/config.default.js",
    "start": 1569675604113,
    "end": 1569675604113,
    "duration": 0,
    "pid": 36718,
    "index": 11
  },
  {
    "name": "Require(9) node_modules/_egg-development@2.4.3@egg-development/config/config.default.js",
    "start": 1569675604114,
    "end": 1569675604114,
    "duration": 0,
    "pid": 36718,
    "index": 12
  },
  {
    "name": "Require(10) node_modules/_egg-logrotator@3.1.0@egg-logrotator/config/config.default.js",
    "start": 1569675604114,
    "end": 1569675604115,
    "duration": 1,
    "pid": 36718,
    "index": 13
  },
  {
    "name": "Require(11) node_modules/_egg-static@2.2.0@egg-static/config/config.default.js",
    "start": 1569675604115,
    "end": 1569675604115,
    "duration": 0,
    "pid": 36718,
    "index": 14
  },
  {
    "name": "Require(12) node_modules/_egg-view@2.1.2@egg-view/config/config.default.js",
    "start": 1569675604116,
    "end": 1569675604116,
    "duration": 0,
    "pid": 36718,
    "index": 15
  },
  {
    "name": "Require(13) node_modules/_egg-mongoose@3.2.0@egg-mongoose/config/config.default.js",
    "start": 1569675604116,
    "end": 1569675604116,
    "duration": 0,
    "pid": 36718,
    "index": 16
  },
  {
    "name": "Require(14) node_modules/_egg-jwt@3.1.6@egg-jwt/config/config.default.js",
    "start": 1569675604116,
    "end": 1569675604117,
    "duration": 1,
    "pid": 36718,
    "index": 17
  },
  {
    "name": "Require(15) node_modules/_egg-router-group@1.1.0@egg-router-group/config/config.default.js",
    "start": 1569675604117,
    "end": 1569675604117,
    "duration": 0,
    "pid": 36718,
    "index": 18
  },
  {
    "name": "Require(16) node_modules/_egg@2.23.0@egg/config/config.default.js",
    "start": 1569675604117,
    "end": 1569675604118,
    "duration": 1,
    "pid": 36718,
    "index": 19
  },
  {
    "name": "Require(17) config/config.default.js",
    "start": 1569675604119,
    "end": 1569675604119,
    "duration": 0,
    "pid": 36718,
    "index": 20
  },
  {
    "name": "Require(18) node_modules/_egg-security@2.6.1@egg-security/config/config.local.js",
    "start": 1569675604120,
    "end": 1569675604120,
    "duration": 0,
    "pid": 36718,
    "index": 21
  },
  {
    "name": "Require(19) node_modules/_egg-watcher@3.1.0@egg-watcher/config/config.local.js",
    "start": 1569675604120,
    "end": 1569675604121,
    "duration": 1,
    "pid": 36718,
    "index": 22
  },
  {
    "name": "Require(20) node_modules/_egg-view@2.1.2@egg-view/config/config.local.js",
    "start": 1569675604121,
    "end": 1569675604121,
    "duration": 0,
    "pid": 36718,
    "index": 23
  },
  {
    "name": "Require(21) node_modules/_egg@2.23.0@egg/config/config.local.js",
    "start": 1569675604121,
    "end": 1569675604122,
    "duration": 1,
    "pid": 36718,
    "index": 24
  },
  {
    "name": "Load extend/application.js",
    "start": 1569675604123,
    "end": 1569675604156,
    "duration": 33,
    "pid": 36718,
    "index": 25
  },
  {
    "name": "Require(22) node_modules/_egg-session@3.1.0@egg-session/app/extend/application.js",
    "start": 1569675604123,
    "end": 1569675604124,
    "duration": 1,
    "pid": 36718,
    "index": 26
  },
  {
    "name": "Require(23) node_modules/_egg-security@2.6.1@egg-security/app/extend/application.js",
    "start": 1569675604124,
    "end": 1569675604125,
    "duration": 1,
    "pid": 36718,
    "index": 27
  },
  {
    "name": "Require(24) node_modules/_egg-jsonp@2.0.0@egg-jsonp/app/extend/application.js",
    "start": 1569675604125,
    "end": 1569675604126,
    "duration": 1,
    "pid": 36718,
    "index": 28
  },
  {
    "name": "Require(25) node_modules/_egg-logrotator@3.1.0@egg-logrotator/app/extend/application.js",
    "start": 1569675604126,
    "end": 1569675604127,
    "duration": 1,
    "pid": 36718,
    "index": 29
  },
  {
    "name": "Require(26) node_modules/_egg-view@2.1.2@egg-view/app/extend/application.js",
    "start": 1569675604127,
    "end": 1569675604128,
    "duration": 1,
    "pid": 36718,
    "index": 30
  },
  {
    "name": "Require(27) node_modules/_egg-jwt@3.1.6@egg-jwt/app/extend/application.js",
    "start": 1569675604128,
    "end": 1569675604155,
    "duration": 27,
    "pid": 36718,
    "index": 31
  },
  {
    "name": "Load extend/request.js",
    "start": 1569675604156,
    "end": 1569675604158,
    "duration": 2,
    "pid": 36718,
    "index": 32
  },
  {
    "name": "Require(28) node_modules/_egg@2.23.0@egg/app/extend/request.js",
    "start": 1569675604156,
    "end": 1569675604157,
    "duration": 1,
    "pid": 36718,
    "index": 33
  },
  {
    "name": "Load extend/response.js",
    "start": 1569675604158,
    "end": 1569675604159,
    "duration": 1,
    "pid": 36718,
    "index": 34
  },
  {
    "name": "Require(29) node_modules/_egg@2.23.0@egg/app/extend/response.js",
    "start": 1569675604158,
    "end": 1569675604159,
    "duration": 1,
    "pid": 36718,
    "index": 35
  },
  {
    "name": "Load extend/context.js",
    "start": 1569675604159,
    "end": 1569675604210,
    "duration": 51,
    "pid": 36718,
    "index": 36
  },
  {
    "name": "Require(30) node_modules/_egg-security@2.6.1@egg-security/app/extend/context.js",
    "start": 1569675604160,
    "end": 1569675604164,
    "duration": 4,
    "pid": 36718,
    "index": 37
  },
  {
    "name": "Require(31) node_modules/_egg-jsonp@2.0.0@egg-jsonp/app/extend/context.js",
    "start": 1569675604164,
    "end": 1569675604165,
    "duration": 1,
    "pid": 36718,
    "index": 38
  },
  {
    "name": "Require(32) node_modules/_egg-i18n@2.1.1@egg-i18n/app/extend/context.js",
    "start": 1569675604165,
    "end": 1569675604165,
    "duration": 0,
    "pid": 36718,
    "index": 39
  },
  {
    "name": "Require(33) node_modules/_egg-multipart@2.9.0@egg-multipart/app/extend/context.js",
    "start": 1569675604166,
    "end": 1569675604207,
    "duration": 41,
    "pid": 36718,
    "index": 40
  },
  {
    "name": "Require(34) node_modules/_egg-view@2.1.2@egg-view/app/extend/context.js",
    "start": 1569675604207,
    "end": 1569675604208,
    "duration": 1,
    "pid": 36718,
    "index": 41
  },
  {
    "name": "Require(35) node_modules/_egg-mongoose@3.2.0@egg-mongoose/app/extend/context.js",
    "start": 1569675604208,
    "end": 1569675604208,
    "duration": 0,
    "pid": 36718,
    "index": 42
  },
  {
    "name": "Require(36) node_modules/_egg@2.23.0@egg/app/extend/context.js",
    "start": 1569675604209,
    "end": 1569675604209,
    "duration": 0,
    "pid": 36718,
    "index": 43
  },
  {
    "name": "Load extend/helper.js",
    "start": 1569675604210,
    "end": 1569675604221,
    "duration": 11,
    "pid": 36718,
    "index": 44
  },
  {
    "name": "Require(37) node_modules/_egg-security@2.6.1@egg-security/app/extend/helper.js",
    "start": 1569675604210,
    "end": 1569675604219,
    "duration": 9,
    "pid": 36718,
    "index": 45
  },
  {
    "name": "Require(38) node_modules/_egg@2.23.0@egg/app/extend/helper.js",
    "start": 1569675604220,
    "end": 1569675604220,
    "duration": 0,
    "pid": 36718,
    "index": 46
  },
  {
    "name": "Load app.js",
    "start": 1569675604221,
    "end": 1569675604237,
    "duration": 16,
    "pid": 36718,
    "index": 47
  },
  {
    "name": "Require(39) node_modules/_egg-session@3.1.0@egg-session/app.js",
    "start": 1569675604221,
    "end": 1569675604222,
    "duration": 1,
    "pid": 36718,
    "index": 48
  },
  {
    "name": "Require(40) node_modules/_egg-security@2.6.1@egg-security/app.js",
    "start": 1569675604222,
    "end": 1569675604223,
    "duration": 1,
    "pid": 36718,
    "index": 49
  },
  {
    "name": "Require(41) node_modules/_egg-onerror@2.1.0@egg-onerror/app.js",
    "start": 1569675604223,
    "end": 1569675604228,
    "duration": 5,
    "pid": 36718,
    "index": 50
  },
  {
    "name": "Require(42) node_modules/_egg-i18n@2.1.1@egg-i18n/app.js",
    "start": 1569675604228,
    "end": 1569675604231,
    "duration": 3,
    "pid": 36718,
    "index": 51
  },
  {
    "name": "Require(43) node_modules/_egg-watcher@3.1.0@egg-watcher/app.js",
    "start": 1569675604231,
    "end": 1569675604232,
    "duration": 1,
    "pid": 36718,
    "index": 52
  },
  {
    "name": "Require(44) node_modules/_egg-schedule@3.6.4@egg-schedule/app.js",
    "start": 1569675604232,
    "end": 1569675604233,
    "duration": 1,
    "pid": 36718,
    "index": 53
  },
  {
    "name": "Require(45) node_modules/_egg-multipart@2.9.0@egg-multipart/app.js",
    "start": 1569675604233,
    "end": 1569675604234,
    "duration": 1,
    "pid": 36718,
    "index": 54
  },
  {
    "name": "Require(46) node_modules/_egg-development@2.4.3@egg-development/app.js",
    "start": 1569675604234,
    "end": 1569675604235,
    "duration": 1,
    "pid": 36718,
    "index": 55
  },
  {
    "name": "Require(47) node_modules/_egg-logrotator@3.1.0@egg-logrotator/app.js",
    "start": 1569675604235,
    "end": 1569675604235,
    "duration": 0,
    "pid": 36718,
    "index": 56
  },
  {
    "name": "Require(48) node_modules/_egg-static@2.2.0@egg-static/app.js",
    "start": 1569675604235,
    "end": 1569675604235,
    "duration": 0,
    "pid": 36718,
    "index": 57
  },
  {
    "name": "Require(49) node_modules/_egg-mongoose@3.2.0@egg-mongoose/app.js",
    "start": 1569675604235,
    "end": 1569675604236,
    "duration": 1,
    "pid": 36718,
    "index": 58
  },
  {
    "name": "Require(50) node_modules/_egg-jwt@3.1.6@egg-jwt/app.js",
    "start": 1569675604236,
    "end": 1569675604236,
    "duration": 0,
    "pid": 36718,
    "index": 59
  },
  {
    "name": "Require(51) node_modules/_egg-router-group@1.1.0@egg-router-group/app.js",
    "start": 1569675604236,
    "end": 1569675604237,
    "duration": 1,
    "pid": 36718,
    "index": 60
  },
  {
    "name": "Before Start in node_modules/_egg-watcher@3.1.0@egg-watcher/lib/init.js:15:14",
    "start": 1569675604247,
    "end": 1569675604645,
    "duration": 398,
    "pid": 36718,
    "index": 61
  },
  {
    "name": "Before Start in node_modules/_egg-mongoose@3.2.0@egg-mongoose/lib/mongoose.js:91:7",
    "start": 1569675604522,
    "end": 1569675604643,
    "duration": 121,
    "pid": 36718,
    "index": 62
  },
  {
    "name": "Before Start in node_modules/_egg-mongoose@3.2.0@egg-mongoose/lib/mongoose.js:49:9",
    "start": 1569675604522,
    "end": 1569675604624,
    "duration": 102,
    "pid": 36718,
    "index": 63
  },
  {
    "name": "Before Start in node_modules/_egg-core@4.17.3@egg-core/lib/egg.js:303:10",
    "start": 1569675604523,
    "end": 1569675604624,
    "duration": 101,
    "pid": 36718,
    "index": 64
  },
  {
    "name": "Load Service",
    "start": 1569675604523,
    "end": 1569675604554,
    "duration": 31,
    "pid": 36718,
    "index": 65
  },
  {
    "name": "Load \"service\" to Context",
    "start": 1569675604523,
    "end": 1569675604554,
    "duration": 31,
    "pid": 36718,
    "index": 66
  },
  {
    "name": "Load Middleware",
    "start": 1569675604555,
    "end": 1569675604593,
    "duration": 38,
    "pid": 36718,
    "index": 67
  },
  {
    "name": "Load \"middlewares\" to Application",
    "start": 1569675604555,
    "end": 1569675604588,
    "duration": 33,
    "pid": 36718,
    "index": 68
  },
  {
    "name": "Load Controller",
    "start": 1569675604593,
    "end": 1569675604600,
    "duration": 7,
    "pid": 36718,
    "index": 69
  },
  {
    "name": "Load \"controller\" to Application",
    "start": 1569675604593,
    "end": 1569675604600,
    "duration": 7,
    "pid": 36718,
    "index": 70
  },
  {
    "name": "Load Router",
    "start": 1569675604600,
    "end": 1569675604602,
    "duration": 2,
    "pid": 36718,
    "index": 71
  },
  {
    "name": "Require(52) app/router.js",
    "start": 1569675604600,
    "end": 1569675604600,
    "duration": 0,
    "pid": 36718,
    "index": 72
  },
  {
    "name": "Load \"model\" to Application",
    "start": 1569675604610,
    "end": 1569675604624,
    "duration": 14,
    "pid": 36718,
    "index": 73
  }
]