[
  {
    "name": "Application Start",
    "start": 1569680713978,
    "end": 1569680714497,
    "duration": 519,
    "pid": 38702,
    "index": 0
  },
  {
    "name": "Load Plugin",
    "start": 1569680713982,
    "end": 1569680713990,
    "duration": 8,
    "pid": 38702,
    "index": 1
  },
  {
    "name": "Load Config",
    "start": 1569680713990,
    "end": 1569680714004,
    "duration": 14,
    "pid": 38702,
    "index": 2
  },
  {
    "name": "Require(0) config/config.default.js",
    "start": 1569680713990,
    "end": 1569680713991,
    "duration": 1,
    "pid": 38702,
    "index": 3
  },
  {
    "name": "Require(1) node_modules/_egg-session@3.1.0@egg-session/config/config.default.js",
    "start": 1569680713992,
    "end": 1569680713992,
    "duration": 0,
    "pid": 38702,
    "index": 4
  },
  {
    "name": "Require(2) node_modules/_egg-security@2.6.1@egg-security/config/config.default.js",
    "start": 1569680713993,
    "end": 1569680713995,
    "duration": 2,
    "pid": 38702,
    "index": 5
  },
  {
    "name": "Require(3) node_modules/_egg-jsonp@2.0.0@egg-jsonp/config/config.default.js",
    "start": 1569680713995,
    "end": 1569680713996,
    "duration": 1,
    "pid": 38702,
    "index": 6
  },
  {
    "name": "Require(4) node_modules/_egg-onerror@2.1.0@egg-onerror/config/config.default.js",
    "start": 1569680713996,
    "end": 1569680713996,
    "duration": 0,
    "pid": 38702,
    "index": 7
  },
  {
    "name": "Require(5) node_modules/_egg-i18n@2.1.1@egg-i18n/config/config.default.js",
    "start": 1569680713996,
    "end": 1569680713996,
    "duration": 0,
    "pid": 38702,
    "index": 8
  },
  {
    "name": "Require(6) node_modules/_egg-watcher@3.1.0@egg-watcher/config/config.default.js",
    "start": 1569680713997,
    "end": 1569680713997,
    "duration": 0,
    "pid": 38702,
    "index": 9
  },
  {
    "name": "Require(7) node_modules/_egg-schedule@3.6.4@egg-schedule/config/config.default.js",
    "start": 1569680713997,
    "end": 1569680713997,
    "duration": 0,
    "pid": 38702,
    "index": 10
  },
  {
    "name": "Require(8) node_modules/_egg-multipart@2.9.0@egg-multipart/config/config.default.js",
    "start": 1569680713997,
    "end": 1569680713998,
    "duration": 1,
    "pid": 38702,
    "index": 11
  },
  {
    "name": "Require(9) node_modules/_egg-development@2.4.3@egg-development/config/config.default.js",
    "start": 1569680713998,
    "end": 1569680713998,
    "duration": 0,
    "pid": 38702,
    "index": 12
  },
  {
    "name": "Require(10) node_modules/_egg-logrotator@3.1.0@egg-logrotator/config/config.default.js",
    "start": 1569680713998,
    "end": 1569680713998,
    "duration": 0,
    "pid": 38702,
    "index": 13
  },
  {
    "name": "Require(11) node_modules/_egg-static@2.2.0@egg-static/config/config.default.js",
    "start": 1569680713999,
    "end": 1569680713999,
    "duration": 0,
    "pid": 38702,
    "index": 14
  },
  {
    "name": "Require(12) node_modules/_egg-view@2.1.2@egg-view/config/config.default.js",
    "start": 1569680713999,
    "end": 1569680713999,
    "duration": 0,
    "pid": 38702,
    "index": 15
  },
  {
    "name": "Require(13) node_modules/_egg-mongoose@3.2.0@egg-mongoose/config/config.default.js",
    "start": 1569680713999,
    "end": 1569680714000,
    "duration": 1,
    "pid": 38702,
    "index": 16
  },
  {
    "name": "Require(14) node_modules/_egg-jwt@3.1.6@egg-jwt/config/config.default.js",
    "start": 1569680714000,
    "end": 1569680714000,
    "duration": 0,
    "pid": 38702,
    "index": 17
  },
  {
    "name": "Require(15) node_modules/_egg-router-group@1.1.0@egg-router-group/config/config.default.js",
    "start": 1569680714000,
    "end": 1569680714000,
    "duration": 0,
    "pid": 38702,
    "index": 18
  },
  {
    "name": "Require(16) node_modules/_egg@2.23.0@egg/config/config.default.js",
    "start": 1569680714000,
    "end": 1569680714001,
    "duration": 1,
    "pid": 38702,
    "index": 19
  },
  {
    "name": "Require(17) config/config.default.js",
    "start": 1569680714002,
    "end": 1569680714002,
    "duration": 0,
    "pid": 38702,
    "index": 20
  },
  {
    "name": "Require(18) node_modules/_egg-security@2.6.1@egg-security/config/config.local.js",
    "start": 1569680714002,
    "end": 1569680714003,
    "duration": 1,
    "pid": 38702,
    "index": 21
  },
  {
    "name": "Require(19) node_modules/_egg-watcher@3.1.0@egg-watcher/config/config.local.js",
    "start": 1569680714003,
    "end": 1569680714003,
    "duration": 0,
    "pid": 38702,
    "index": 22
  },
  {
    "name": "Require(20) node_modules/_egg-view@2.1.2@egg-view/config/config.local.js",
    "start": 1569680714003,
    "end": 1569680714003,
    "duration": 0,
    "pid": 38702,
    "index": 23
  },
  {
    "name": "Require(21) node_modules/_egg@2.23.0@egg/config/config.local.js",
    "start": 1569680714004,
    "end": 1569680714004,
    "duration": 0,
    "pid": 38702,
    "index": 24
  },
  {
    "name": "Load extend/application.js",
    "start": 1569680714005,
    "end": 1569680714036,
    "duration": 31,
    "pid": 38702,
    "index": 25
  },
  {
    "name": "Require(22) node_modules/_egg-session@3.1.0@egg-session/app/extend/application.js",
    "start": 1569680714006,
    "end": 1569680714006,
    "duration": 0,
    "pid": 38702,
    "index": 26
  },
  {
    "name": "Require(23) node_modules/_egg-security@2.6.1@egg-security/app/extend/application.js",
    "start": 1569680714006,
    "end": 1569680714007,
    "duration": 1,
    "pid": 38702,
    "index": 27
  },
  {
    "name": "Require(24) node_modules/_egg-jsonp@2.0.0@egg-jsonp/app/extend/application.js",
    "start": 1569680714007,
    "end": 1569680714007,
    "duration": 0,
    "pid": 38702,
    "index": 28
  },
  {
    "name": "Require(25) node_modules/_egg-logrotator@3.1.0@egg-logrotator/app/extend/application.js",
    "start": 1569680714008,
    "end": 1569680714009,
    "duration": 1,
    "pid": 38702,
    "index": 29
  },
  {
    "name": "Require(26) node_modules/_egg-view@2.1.2@egg-view/app/extend/application.js",
    "start": 1569680714009,
    "end": 1569680714009,
    "duration": 0,
    "pid": 38702,
    "index": 30
  },
  {
    "name": "Require(27) node_modules/_egg-jwt@3.1.6@egg-jwt/app/extend/application.js",
    "start": 1569680714010,
    "end": 1569680714035,
    "duration": 25,
    "pid": 38702,
    "index": 31
  },
  {
    "name": "Load extend/request.js",
    "start": 1569680714036,
    "end": 1569680714038,
    "duration": 2,
    "pid": 38702,
    "index": 32
  },
  {
    "name": "Require(28) node_modules/_egg@2.23.0@egg/app/extend/request.js",
    "start": 1569680714036,
    "end": 1569680714037,
    "duration": 1,
    "pid": 38702,
    "index": 33
  },
  {
    "name": "Load extend/response.js",
    "start": 1569680714038,
    "end": 1569680714040,
    "duration": 2,
    "pid": 38702,
    "index": 34
  },
  {
    "name": "Require(29) node_modules/_egg@2.23.0@egg/app/extend/response.js",
    "start": 1569680714038,
    "end": 1569680714039,
    "duration": 1,
    "pid": 38702,
    "index": 35
  },
  {
    "name": "Load extend/context.js",
    "start": 1569680714040,
    "end": 1569680714082,
    "duration": 42,
    "pid": 38702,
    "index": 36
  },
  {
    "name": "Require(30) node_modules/_egg-security@2.6.1@egg-security/app/extend/context.js",
    "start": 1569680714040,
    "end": 1569680714045,
    "duration": 5,
    "pid": 38702,
    "index": 37
  },
  {
    "name": "Require(31) node_modules/_egg-jsonp@2.0.0@egg-jsonp/app/extend/context.js",
    "start": 1569680714045,
    "end": 1569680714046,
    "duration": 1,
    "pid": 38702,
    "index": 38
  },
  {
    "name": "Require(32) node_modules/_egg-i18n@2.1.1@egg-i18n/app/extend/context.js",
    "start": 1569680714046,
    "end": 1569680714046,
    "duration": 0,
    "pid": 38702,
    "index": 39
  },
  {
    "name": "Require(33) node_modules/_egg-multipart@2.9.0@egg-multipart/app/extend/context.js",
    "start": 1569680714046,
    "end": 1569680714080,
    "duration": 34,
    "pid": 38702,
    "index": 40
  },
  {
    "name": "Require(34) node_modules/_egg-view@2.1.2@egg-view/app/extend/context.js",
    "start": 1569680714080,
    "end": 1569680714080,
    "duration": 0,
    "pid": 38702,
    "index": 41
  },
  {
    "name": "Require(35) node_modules/_egg-mongoose@3.2.0@egg-mongoose/app/extend/context.js",
    "start": 1569680714080,
    "end": 1569680714081,
    "duration": 1,
    "pid": 38702,
    "index": 42
  },
  {
    "name": "Require(36) node_modules/_egg@2.23.0@egg/app/extend/context.js",
    "start": 1569680714081,
    "end": 1569680714081,
    "duration": 0,
    "pid": 38702,
    "index": 43
  },
  {
    "name": "Load extend/helper.js",
    "start": 1569680714082,
    "end": 1569680714091,
    "duration": 9,
    "pid": 38702,
    "index": 44
  },
  {
    "name": "Require(37) node_modules/_egg-security@2.6.1@egg-security/app/extend/helper.js",
    "start": 1569680714082,
    "end": 1569680714090,
    "duration": 8,
    "pid": 38702,
    "index": 45
  },
  {
    "name": "Require(38) node_modules/_egg@2.23.0@egg/app/extend/helper.js",
    "start": 1569680714091,
    "end": 1569680714091,
    "duration": 0,
    "pid": 38702,
    "index": 46
  },
  {
    "name": "Load app.js",
    "start": 1569680714092,
    "end": 1569680714108,
    "duration": 16,
    "pid": 38702,
    "index": 47
  },
  {
    "name": "Require(39) node_modules/_egg-session@3.1.0@egg-session/app.js",
    "start": 1569680714092,
    "end": 1569680714092,
    "duration": 0,
    "pid": 38702,
    "index": 48
  },
  {
    "name": "Require(40) node_modules/_egg-security@2.6.1@egg-security/app.js",
    "start": 1569680714092,
    "end": 1569680714093,
    "duration": 1,
    "pid": 38702,
    "index": 49
  },
  {
    "name": "Require(41) node_modules/_egg-onerror@2.1.0@egg-onerror/app.js",
    "start": 1569680714093,
    "end": 1569680714098,
    "duration": 5,
    "pid": 38702,
    "index": 50
  },
  {
    "name": "Require(42) node_modules/_egg-i18n@2.1.1@egg-i18n/app.js",
    "start": 1569680714099,
    "end": 1569680714102,
    "duration": 3,
    "pid": 38702,
    "index": 51
  },
  {
    "name": "Require(43) node_modules/_egg-watcher@3.1.0@egg-watcher/app.js",
    "start": 1569680714102,
    "end": 1569680714103,
    "duration": 1,
    "pid": 38702,
    "index": 52
  },
  {
    "name": "Require(44) node_modules/_egg-schedule@3.6.4@egg-schedule/app.js",
    "start": 1569680714103,
    "end": 1569680714104,
    "duration": 1,
    "pid": 38702,
    "index": 53
  },
  {
    "name": "Require(45) node_modules/_egg-multipart@2.9.0@egg-multipart/app.js",
    "start": 1569680714104,
    "end": 1569680714105,
    "duration": 1,
    "pid": 38702,
    "index": 54
  },
  {
    "name": "Require(46) node_modules/_egg-development@2.4.3@egg-development/app.js",
    "start": 1569680714105,
    "end": 1569680714106,
    "duration": 1,
    "pid": 38702,
    "index": 55
  },
  {
    "name": "Require(47) node_modules/_egg-logrotator@3.1.0@egg-logrotator/app.js",
    "start": 1569680714106,
    "end": 1569680714106,
    "duration": 0,
    "pid": 38702,
    "index": 56
  },
  {
    "name": "Require(48) node_modules/_egg-static@2.2.0@egg-static/app.js",
    "start": 1569680714106,
    "end": 1569680714106,
    "duration": 0,
    "pid": 38702,
    "index": 57
  },
  {
    "name": "Require(49) node_modules/_egg-mongoose@3.2.0@egg-mongoose/app.js",
    "start": 1569680714106,
    "end": 1569680714106,
    "duration": 0,
    "pid": 38702,
    "index": 58
  },
  {
    "name": "Require(50) node_modules/_egg-jwt@3.1.6@egg-jwt/app.js",
    "start": 1569680714107,
    "end": 1569680714107,
    "duration": 0,
    "pid": 38702,
    "index": 59
  },
  {
    "name": "Require(51) node_modules/_egg-router-group@1.1.0@egg-router-group/app.js",
    "start": 1569680714107,
    "end": 1569680714108,
    "duration": 1,
    "pid": 38702,
    "index": 60
  },
  {
    "name": "Before Start in node_modules/_egg-watcher@3.1.0@egg-watcher/lib/init.js:15:14",
    "start": 1569680714119,
    "end": 1569680714496,
    "duration": 377,
    "pid": 38702,
    "index": 61
  },
  {
    "name": "Before Start in node_modules/_egg-mongoose@3.2.0@egg-mongoose/lib/mongoose.js:91:7",
    "start": 1569680714357,
    "end": 1569680714493,
    "duration": 136,
    "pid": 38702,
    "index": 62
  },
  {
    "name": "Before Start in node_modules/_egg-mongoose@3.2.0@egg-mongoose/lib/mongoose.js:49:9",
    "start": 1569680714357,
    "end": 1569680714466,
    "duration": 109,
    "pid": 38702,
    "index": 63
  },
  {
    "name": "Before Start in node_modules/_egg-core@4.17.3@egg-core/lib/egg.js:303:10",
    "start": 1569680714358,
    "end": 1569680714466,
    "duration": 108,
    "pid": 38702,
    "index": 64
  },
  {
    "name": "Load Service",
    "start": 1569680714358,
    "end": 1569680714389,
    "duration": 31,
    "pid": 38702,
    "index": 65
  },
  {
    "name": "Load \"service\" to Context",
    "start": 1569680714358,
    "end": 1569680714389,
    "duration": 31,
    "pid": 38702,
    "index": 66
  },
  {
    "name": "Load Middleware",
    "start": 1569680714390,
    "end": 1569680714430,
    "duration": 40,
    "pid": 38702,
    "index": 67
  },
  {
    "name": "Load \"middlewares\" to Application",
    "start": 1569680714390,
    "end": 1569680714424,
    "duration": 34,
    "pid": 38702,
    "index": 68
  },
  {
    "name": "Load Controller",
    "start": 1569680714430,
    "end": 1569680714438,
    "duration": 8,
    "pid": 38702,
    "index": 69
  },
  {
    "name": "Load \"controller\" to Application",
    "start": 1569680714431,
    "end": 1569680714438,
    "duration": 7,
    "pid": 38702,
    "index": 70
  },
  {
    "name": "Load Router",
    "start": 1569680714438,
    "end": 1569680714441,
    "duration": 3,
    "pid": 38702,
    "index": 71
  },
  {
    "name": "Require(52) app/router.js",
    "start": 1569680714438,
    "end": 1569680714439,
    "duration": 1,
    "pid": 38702,
    "index": 72
  },
  {
    "name": "Load \"model\" to Application",
    "start": 1569680714452,
    "end": 1569680714465,
    "duration": 13,
    "pid": 38702,
    "index": 73
  }
]