[
  {
    "name": "Application Start",
    "start": 1569679973786,
    "end": 1569679974289,
    "duration": 503,
    "pid": 38337,
    "index": 0
  },
  {
    "name": "Load Plugin",
    "start": 1569679973790,
    "end": 1569679973798,
    "duration": 8,
    "pid": 38337,
    "index": 1
  },
  {
    "name": "Load Config",
    "start": 1569679973798,
    "end": 1569679973811,
    "duration": 13,
    "pid": 38337,
    "index": 2
  },
  {
    "name": "Require(0) config/config.default.js",
    "start": 1569679973799,
    "end": 1569679973799,
    "duration": 0,
    "pid": 38337,
    "index": 3
  },
  {
    "name": "Require(1) node_modules/_egg-session@3.1.0@egg-session/config/config.default.js",
    "start": 1569679973800,
    "end": 1569679973800,
    "duration": 0,
    "pid": 38337,
    "index": 4
  },
  {
    "name": "Require(2) node_modules/_egg-security@2.6.1@egg-security/config/config.default.js",
    "start": 1569679973801,
    "end": 1569679973803,
    "duration": 2,
    "pid": 38337,
    "index": 5
  },
  {
    "name": "Require(3) node_modules/_egg-jsonp@2.0.0@egg-jsonp/config/config.default.js",
    "start": 1569679973803,
    "end": 1569679973804,
    "duration": 1,
    "pid": 38337,
    "index": 6
  },
  {
    "name": "Require(4) node_modules/_egg-onerror@2.1.0@egg-onerror/config/config.default.js",
    "start": 1569679973804,
    "end": 1569679973804,
    "duration": 0,
    "pid": 38337,
    "index": 7
  },
  {
    "name": "Require(5) node_modules/_egg-i18n@2.1.1@egg-i18n/config/config.default.js",
    "start": 1569679973804,
    "end": 1569679973804,
    "duration": 0,
    "pid": 38337,
    "index": 8
  },
  {
    "name": "Require(6) node_modules/_egg-watcher@3.1.0@egg-watcher/config/config.default.js",
    "start": 1569679973804,
    "end": 1569679973805,
    "duration": 1,
    "pid": 38337,
    "index": 9
  },
  {
    "name": "Require(7) node_modules/_egg-schedule@3.6.4@egg-schedule/config/config.default.js",
    "start": 1569679973805,
    "end": 1569679973805,
    "duration": 0,
    "pid": 38337,
    "index": 10
  },
  {
    "name": "Require(8) node_modules/_egg-multipart@2.9.0@egg-multipart/config/config.default.js",
    "start": 1569679973805,
    "end": 1569679973805,
    "duration": 0,
    "pid": 38337,
    "index": 11
  },
  {
    "name": "Require(9) node_modules/_egg-development@2.4.3@egg-development/config/config.default.js",
    "start": 1569679973806,
    "end": 1569679973806,
    "duration": 0,
    "pid": 38337,
    "index": 12
  },
  {
    "name": "Require(10) node_modules/_egg-logrotator@3.1.0@egg-logrotator/config/config.default.js",
    "start": 1569679973806,
    "end": 1569679973806,
    "duration": 0,
    "pid": 38337,
    "index": 13
  },
  {
    "name": "Require(11) node_modules/_egg-static@2.2.0@egg-static/config/config.default.js",
    "start": 1569679973806,
    "end": 1569679973806,
    "duration": 0,
    "pid": 38337,
    "index": 14
  },
  {
    "name": "Require(12) node_modules/_egg-view@2.1.2@egg-view/config/config.default.js",
    "start": 1569679973807,
    "end": 1569679973807,
    "duration": 0,
    "pid": 38337,
    "index": 15
  },
  {
    "name": "Require(13) node_modules/_egg-mongoose@3.2.0@egg-mongoose/config/config.default.js",
    "start": 1569679973807,
    "end": 1569679973807,
    "duration": 0,
    "pid": 38337,
    "index": 16
  },
  {
    "name": "Require(14) node_modules/_egg-jwt@3.1.6@egg-jwt/config/config.default.js",
    "start": 1569679973807,
    "end": 1569679973808,
    "duration": 1,
    "pid": 38337,
    "index": 17
  },
  {
    "name": "Require(15) node_modules/_egg-router-group@1.1.0@egg-router-group/config/config.default.js",
    "start": 1569679973808,
    "end": 1569679973808,
    "duration": 0,
    "pid": 38337,
    "index": 18
  },
  {
    "name": "Require(16) node_modules/_egg@2.23.0@egg/config/config.default.js",
    "start": 1569679973808,
    "end": 1569679973808,
    "duration": 0,
    "pid": 38337,
    "index": 19
  },
  {
    "name": "Require(17) config/config.default.js",
    "start": 1569679973809,
    "end": 1569679973809,
    "duration": 0,
    "pid": 38337,
    "index": 20
  },
  {
    "name": "Require(18) node_modules/_egg-security@2.6.1@egg-security/config/config.local.js",
    "start": 1569679973810,
    "end": 1569679973810,
    "duration": 0,
    "pid": 38337,
    "index": 21
  },
  {
    "name": "Require(19) node_modules/_egg-watcher@3.1.0@egg-watcher/config/config.local.js",
    "start": 1569679973810,
    "end": 1569679973810,
    "duration": 0,
    "pid": 38337,
    "index": 22
  },
  {
    "name": "Require(20) node_modules/_egg-view@2.1.2@egg-view/config/config.local.js",
    "start": 1569679973811,
    "end": 1569679973811,
    "duration": 0,
    "pid": 38337,
    "index": 23
  },
  {
    "name": "Require(21) node_modules/_egg@2.23.0@egg/config/config.local.js",
    "start": 1569679973811,
    "end": 1569679973811,
    "duration": 0,
    "pid": 38337,
    "index": 24
  },
  {
    "name": "Load extend/application.js",
    "start": 1569679973812,
    "end": 1569679973840,
    "duration": 28,
    "pid": 38337,
    "index": 25
  },
  {
    "name": "Require(22) node_modules/_egg-session@3.1.0@egg-session/app/extend/application.js",
    "start": 1569679973813,
    "end": 1569679973813,
    "duration": 0,
    "pid": 38337,
    "index": 26
  },
  {
    "name": "Require(23) node_modules/_egg-security@2.6.1@egg-security/app/extend/application.js",
    "start": 1569679973813,
    "end": 1569679973813,
    "duration": 0,
    "pid": 38337,
    "index": 27
  },
  {
    "name": "Require(24) node_modules/_egg-jsonp@2.0.0@egg-jsonp/app/extend/application.js",
    "start": 1569679973813,
    "end": 1569679973814,
    "duration": 1,
    "pid": 38337,
    "index": 28
  },
  {
    "name": "Require(25) node_modules/_egg-logrotator@3.1.0@egg-logrotator/app/extend/application.js",
    "start": 1569679973814,
    "end": 1569679973815,
    "duration": 1,
    "pid": 38337,
    "index": 29
  },
  {
    "name": "Require(26) node_modules/_egg-view@2.1.2@egg-view/app/extend/application.js",
    "start": 1569679973815,
    "end": 1569679973816,
    "duration": 1,
    "pid": 38337,
    "index": 30
  },
  {
    "name": "Require(27) node_modules/_egg-jwt@3.1.6@egg-jwt/app/extend/application.js",
    "start": 1569679973816,
    "end": 1569679973840,
    "duration": 24,
    "pid": 38337,
    "index": 31
  },
  {
    "name": "Load extend/request.js",
    "start": 1569679973840,
    "end": 1569679973842,
    "duration": 2,
    "pid": 38337,
    "index": 32
  },
  {
    "name": "Require(28) node_modules/_egg@2.23.0@egg/app/extend/request.js",
    "start": 1569679973841,
    "end": 1569679973842,
    "duration": 1,
    "pid": 38337,
    "index": 33
  },
  {
    "name": "Load extend/response.js",
    "start": 1569679973843,
    "end": 1569679973844,
    "duration": 1,
    "pid": 38337,
    "index": 34
  },
  {
    "name": "Require(29) node_modules/_egg@2.23.0@egg/app/extend/response.js",
    "start": 1569679973843,
    "end": 1569679973844,
    "duration": 1,
    "pid": 38337,
    "index": 35
  },
  {
    "name": "Load extend/context.js",
    "start": 1569679973844,
    "end": 1569679973886,
    "duration": 42,
    "pid": 38337,
    "index": 36
  },
  {
    "name": "Require(30) node_modules/_egg-security@2.6.1@egg-security/app/extend/context.js",
    "start": 1569679973844,
    "end": 1569679973849,
    "duration": 5,
    "pid": 38337,
    "index": 37
  },
  {
    "name": "Require(31) node_modules/_egg-jsonp@2.0.0@egg-jsonp/app/extend/context.js",
    "start": 1569679973849,
    "end": 1569679973849,
    "duration": 0,
    "pid": 38337,
    "index": 38
  },
  {
    "name": "Require(32) node_modules/_egg-i18n@2.1.1@egg-i18n/app/extend/context.js",
    "start": 1569679973850,
    "end": 1569679973850,
    "duration": 0,
    "pid": 38337,
    "index": 39
  },
  {
    "name": "Require(33) node_modules/_egg-multipart@2.9.0@egg-multipart/app/extend/context.js",
    "start": 1569679973850,
    "end": 1569679973883,
    "duration": 33,
    "pid": 38337,
    "index": 40
  },
  {
    "name": "Require(34) node_modules/_egg-view@2.1.2@egg-view/app/extend/context.js",
    "start": 1569679973883,
    "end": 1569679973884,
    "duration": 1,
    "pid": 38337,
    "index": 41
  },
  {
    "name": "Require(35) node_modules/_egg-mongoose@3.2.0@egg-mongoose/app/extend/context.js",
    "start": 1569679973884,
    "end": 1569679973884,
    "duration": 0,
    "pid": 38337,
    "index": 42
  },
  {
    "name": "Require(36) node_modules/_egg@2.23.0@egg/app/extend/context.js",
    "start": 1569679973884,
    "end": 1569679973885,
    "duration": 1,
    "pid": 38337,
    "index": 43
  },
  {
    "name": "Load extend/helper.js",
    "start": 1569679973886,
    "end": 1569679973897,
    "duration": 11,
    "pid": 38337,
    "index": 44
  },
  {
    "name": "Require(37) node_modules/_egg-security@2.6.1@egg-security/app/extend/helper.js",
    "start": 1569679973886,
    "end": 1569679973894,
    "duration": 8,
    "pid": 38337,
    "index": 45
  },
  {
    "name": "Require(38) node_modules/_egg@2.23.0@egg/app/extend/helper.js",
    "start": 1569679973894,
    "end": 1569679973895,
    "duration": 1,
    "pid": 38337,
    "index": 46
  },
  {
    "name": "Load app.js",
    "start": 1569679973897,
    "end": 1569679973911,
    "duration": 14,
    "pid": 38337,
    "index": 47
  },
  {
    "name": "Require(39) node_modules/_egg-session@3.1.0@egg-session/app.js",
    "start": 1569679973897,
    "end": 1569679973897,
    "duration": 0,
    "pid": 38337,
    "index": 48
  },
  {
    "name": "Require(40) node_modules/_egg-security@2.6.1@egg-security/app.js",
    "start": 1569679973897,
    "end": 1569679973898,
    "duration": 1,
    "pid": 38337,
    "index": 49
  },
  {
    "name": "Require(41) node_modules/_egg-onerror@2.1.0@egg-onerror/app.js",
    "start": 1569679973898,
    "end": 1569679973903,
    "duration": 5,
    "pid": 38337,
    "index": 50
  },
  {
    "name": "Require(42) node_modules/_egg-i18n@2.1.1@egg-i18n/app.js",
    "start": 1569679973903,
    "end": 1569679973905,
    "duration": 2,
    "pid": 38337,
    "index": 51
  },
  {
    "name": "Require(43) node_modules/_egg-watcher@3.1.0@egg-watcher/app.js",
    "start": 1569679973905,
    "end": 1569679973907,
    "duration": 2,
    "pid": 38337,
    "index": 52
  },
  {
    "name": "Require(44) node_modules/_egg-schedule@3.6.4@egg-schedule/app.js",
    "start": 1569679973907,
    "end": 1569679973908,
    "duration": 1,
    "pid": 38337,
    "index": 53
  },
  {
    "name": "Require(45) node_modules/_egg-multipart@2.9.0@egg-multipart/app.js",
    "start": 1569679973908,
    "end": 1569679973909,
    "duration": 1,
    "pid": 38337,
    "index": 54
  },
  {
    "name": "Require(46) node_modules/_egg-development@2.4.3@egg-development/app.js",
    "start": 1569679973909,
    "end": 1569679973909,
    "duration": 0,
    "pid": 38337,
    "index": 55
  },
  {
    "name": "Require(47) node_modules/_egg-logrotator@3.1.0@egg-logrotator/app.js",
    "start": 1569679973909,
    "end": 1569679973909,
    "duration": 0,
    "pid": 38337,
    "index": 56
  },
  {
    "name": "Require(48) node_modules/_egg-static@2.2.0@egg-static/app.js",
    "start": 1569679973909,
    "end": 1569679973909,
    "duration": 0,
    "pid": 38337,
    "index": 57
  },
  {
    "name": "Require(49) node_modules/_egg-mongoose@3.2.0@egg-mongoose/app.js",
    "start": 1569679973910,
    "end": 1569679973910,
    "duration": 0,
    "pid": 38337,
    "index": 58
  },
  {
    "name": "Require(50) node_modules/_egg-jwt@3.1.6@egg-jwt/app.js",
    "start": 1569679973910,
    "end": 1569679973910,
    "duration": 0,
    "pid": 38337,
    "index": 59
  },
  {
    "name": "Require(51) node_modules/_egg-router-group@1.1.0@egg-router-group/app.js",
    "start": 1569679973910,
    "end": 1569679973911,
    "duration": 1,
    "pid": 38337,
    "index": 60
  },
  {
    "name": "Before Start in node_modules/_egg-watcher@3.1.0@egg-watcher/lib/init.js:15:14",
    "start": 1569679973920,
    "end": 1569679974284,
    "duration": 364,
    "pid": 38337,
    "index": 61
  },
  {
    "name": "Before Start in node_modules/_egg-mongoose@3.2.0@egg-mongoose/lib/mongoose.js:91:7",
    "start": 1569679974149,
    "end": 1569679974281,
    "duration": 132,
    "pid": 38337,
    "index": 62
  },
  {
    "name": "Before Start in node_modules/_egg-mongoose@3.2.0@egg-mongoose/lib/mongoose.js:49:9",
    "start": 1569679974149,
    "end": 1569679974255,
    "duration": 106,
    "pid": 38337,
    "index": 63
  },
  {
    "name": "Before Start in node_modules/_egg-core@4.17.3@egg-core/lib/egg.js:303:10",
    "start": 1569679974149,
    "end": 1569679974255,
    "duration": 106,
    "pid": 38337,
    "index": 64
  },
  {
    "name": "Load Service",
    "start": 1569679974149,
    "end": 1569679974180,
    "duration": 31,
    "pid": 38337,
    "index": 65
  },
  {
    "name": "Load \"service\" to Context",
    "start": 1569679974150,
    "end": 1569679974180,
    "duration": 30,
    "pid": 38337,
    "index": 66
  },
  {
    "name": "Load Middleware",
    "start": 1569679974180,
    "end": 1569679974218,
    "duration": 38,
    "pid": 38337,
    "index": 67
  },
  {
    "name": "Load \"middlewares\" to Application",
    "start": 1569679974180,
    "end": 1569679974213,
    "duration": 33,
    "pid": 38337,
    "index": 68
  },
  {
    "name": "Load Controller",
    "start": 1569679974218,
    "end": 1569679974225,
    "duration": 7,
    "pid": 38337,
    "index": 69
  },
  {
    "name": "Load \"controller\" to Application",
    "start": 1569679974218,
    "end": 1569679974225,
    "duration": 7,
    "pid": 38337,
    "index": 70
  },
  {
    "name": "Load Router",
    "start": 1569679974225,
    "end": 1569679974229,
    "duration": 4,
    "pid": 38337,
    "index": 71
  },
  {
    "name": "Require(52) app/router.js",
    "start": 1569679974225,
    "end": 1569679974226,
    "duration": 1,
    "pid": 38337,
    "index": 72
  },
  {
    "name": "Load \"model\" to Application",
    "start": 1569679974239,
    "end": 1569679974254,
    "duration": 15,
    "pid": 38337,
    "index": 73
  }
]