[
  {
    "name": "Application Start",
    "start": 1569679187127,
    "end": 1569679187633,
    "duration": 506,
    "pid": 38001,
    "index": 0
  },
  {
    "name": "Load Plugin",
    "start": 1569679187130,
    "end": 1569679187138,
    "duration": 8,
    "pid": 38001,
    "index": 1
  },
  {
    "name": "Load Config",
    "start": 1569679187138,
    "end": 1569679187153,
    "duration": 15,
    "pid": 38001,
    "index": 2
  },
  {
    "name": "Require(0) config/config.default.js",
    "start": 1569679187138,
    "end": 1569679187139,
    "duration": 1,
    "pid": 38001,
    "index": 3
  },
  {
    "name": "Require(1) node_modules/_egg-session@3.1.0@egg-session/config/config.default.js",
    "start": 1569679187140,
    "end": 1569679187140,
    "duration": 0,
    "pid": 38001,
    "index": 4
  },
  {
    "name": "Require(2) node_modules/_egg-security@2.6.1@egg-security/config/config.default.js",
    "start": 1569679187140,
    "end": 1569679187142,
    "duration": 2,
    "pid": 38001,
    "index": 5
  },
  {
    "name": "Require(3) node_modules/_egg-jsonp@2.0.0@egg-jsonp/config/config.default.js",
    "start": 1569679187143,
    "end": 1569679187143,
    "duration": 0,
    "pid": 38001,
    "index": 6
  },
  {
    "name": "Require(4) node_modules/_egg-onerror@2.1.0@egg-onerror/config/config.default.js",
    "start": 1569679187143,
    "end": 1569679187144,
    "duration": 1,
    "pid": 38001,
    "index": 7
  },
  {
    "name": "Require(5) node_modules/_egg-i18n@2.1.1@egg-i18n/config/config.default.js",
    "start": 1569679187144,
    "end": 1569679187144,
    "duration": 0,
    "pid": 38001,
    "index": 8
  },
  {
    "name": "Require(6) node_modules/_egg-watcher@3.1.0@egg-watcher/config/config.default.js",
    "start": 1569679187144,
    "end": 1569679187145,
    "duration": 1,
    "pid": 38001,
    "index": 9
  },
  {
    "name": "Require(7) node_modules/_egg-schedule@3.6.4@egg-schedule/config/config.default.js",
    "start": 1569679187145,
    "end": 1569679187145,
    "duration": 0,
    "pid": 38001,
    "index": 10
  },
  {
    "name": "Require(8) node_modules/_egg-multipart@2.9.0@egg-multipart/config/config.default.js",
    "start": 1569679187145,
    "end": 1569679187146,
    "duration": 1,
    "pid": 38001,
    "index": 11
  },
  {
    "name": "Require(9) node_modules/_egg-development@2.4.3@egg-development/config/config.default.js",
    "start": 1569679187146,
    "end": 1569679187146,
    "duration": 0,
    "pid": 38001,
    "index": 12
  },
  {
    "name": "Require(10) node_modules/_egg-logrotator@3.1.0@egg-logrotator/config/config.default.js",
    "start": 1569679187147,
    "end": 1569679187147,
    "duration": 0,
    "pid": 38001,
    "index": 13
  },
  {
    "name": "Require(11) node_modules/_egg-static@2.2.0@egg-static/config/config.default.js",
    "start": 1569679187147,
    "end": 1569679187147,
    "duration": 0,
    "pid": 38001,
    "index": 14
  },
  {
    "name": "Require(12) node_modules/_egg-view@2.1.2@egg-view/config/config.default.js",
    "start": 1569679187148,
    "end": 1569679187148,
    "duration": 0,
    "pid": 38001,
    "index": 15
  },
  {
    "name": "Require(13) node_modules/_egg-mongoose@3.2.0@egg-mongoose/config/config.default.js",
    "start": 1569679187148,
    "end": 1569679187148,
    "duration": 0,
    "pid": 38001,
    "index": 16
  },
  {
    "name": "Require(14) node_modules/_egg-jwt@3.1.6@egg-jwt/config/config.default.js",
    "start": 1569679187148,
    "end": 1569679187149,
    "duration": 1,
    "pid": 38001,
    "index": 17
  },
  {
    "name": "Require(15) node_modules/_egg-router-group@1.1.0@egg-router-group/config/config.default.js",
    "start": 1569679187149,
    "end": 1569679187149,
    "duration": 0,
    "pid": 38001,
    "index": 18
  },
  {
    "name": "Require(16) node_modules/_egg@2.23.0@egg/config/config.default.js",
    "start": 1569679187149,
    "end": 1569679187150,
    "duration": 1,
    "pid": 38001,
    "index": 19
  },
  {
    "name": "Require(17) config/config.default.js",
    "start": 1569679187151,
    "end": 1569679187151,
    "duration": 0,
    "pid": 38001,
    "index": 20
  },
  {
    "name": "Require(18) node_modules/_egg-security@2.6.1@egg-security/config/config.local.js",
    "start": 1569679187151,
    "end": 1569679187151,
    "duration": 0,
    "pid": 38001,
    "index": 21
  },
  {
    "name": "Require(19) node_modules/_egg-watcher@3.1.0@egg-watcher/config/config.local.js",
    "start": 1569679187151,
    "end": 1569679187152,
    "duration": 1,
    "pid": 38001,
    "index": 22
  },
  {
    "name": "Require(20) node_modules/_egg-view@2.1.2@egg-view/config/config.local.js",
    "start": 1569679187152,
    "end": 1569679187152,
    "duration": 0,
    "pid": 38001,
    "index": 23
  },
  {
    "name": "Require(21) node_modules/_egg@2.23.0@egg/config/config.local.js",
    "start": 1569679187152,
    "end": 1569679187153,
    "duration": 1,
    "pid": 38001,
    "index": 24
  },
  {
    "name": "Load extend/application.js",
    "start": 1569679187154,
    "end": 1569679187182,
    "duration": 28,
    "pid": 38001,
    "index": 25
  },
  {
    "name": "Require(22) node_modules/_egg-session@3.1.0@egg-session/app/extend/application.js",
    "start": 1569679187154,
    "end": 1569679187154,
    "duration": 0,
    "pid": 38001,
    "index": 26
  },
  {
    "name": "Require(23) node_modules/_egg-security@2.6.1@egg-security/app/extend/application.js",
    "start": 1569679187155,
    "end": 1569679187155,
    "duration": 0,
    "pid": 38001,
    "index": 27
  },
  {
    "name": "Require(24) node_modules/_egg-jsonp@2.0.0@egg-jsonp/app/extend/application.js",
    "start": 1569679187155,
    "end": 1569679187156,
    "duration": 1,
    "pid": 38001,
    "index": 28
  },
  {
    "name": "Require(25) node_modules/_egg-logrotator@3.1.0@egg-logrotator/app/extend/application.js",
    "start": 1569679187156,
    "end": 1569679187157,
    "duration": 1,
    "pid": 38001,
    "index": 29
  },
  {
    "name": "Require(26) node_modules/_egg-view@2.1.2@egg-view/app/extend/application.js",
    "start": 1569679187157,
    "end": 1569679187158,
    "duration": 1,
    "pid": 38001,
    "index": 30
  },
  {
    "name": "Require(27) node_modules/_egg-jwt@3.1.6@egg-jwt/app/extend/application.js",
    "start": 1569679187158,
    "end": 1569679187181,
    "duration": 23,
    "pid": 38001,
    "index": 31
  },
  {
    "name": "Load extend/request.js",
    "start": 1569679187182,
    "end": 1569679187183,
    "duration": 1,
    "pid": 38001,
    "index": 32
  },
  {
    "name": "Require(28) node_modules/_egg@2.23.0@egg/app/extend/request.js",
    "start": 1569679187182,
    "end": 1569679187183,
    "duration": 1,
    "pid": 38001,
    "index": 33
  },
  {
    "name": "Load extend/response.js",
    "start": 1569679187183,
    "end": 1569679187185,
    "duration": 2,
    "pid": 38001,
    "index": 34
  },
  {
    "name": "Require(29) node_modules/_egg@2.23.0@egg/app/extend/response.js",
    "start": 1569679187184,
    "end": 1569679187185,
    "duration": 1,
    "pid": 38001,
    "index": 35
  },
  {
    "name": "Load extend/context.js",
    "start": 1569679187185,
    "end": 1569679187225,
    "duration": 40,
    "pid": 38001,
    "index": 36
  },
  {
    "name": "Require(30) node_modules/_egg-security@2.6.1@egg-security/app/extend/context.js",
    "start": 1569679187185,
    "end": 1569679187190,
    "duration": 5,
    "pid": 38001,
    "index": 37
  },
  {
    "name": "Require(31) node_modules/_egg-jsonp@2.0.0@egg-jsonp/app/extend/context.js",
    "start": 1569679187190,
    "end": 1569679187190,
    "duration": 0,
    "pid": 38001,
    "index": 38
  },
  {
    "name": "Require(32) node_modules/_egg-i18n@2.1.1@egg-i18n/app/extend/context.js",
    "start": 1569679187191,
    "end": 1569679187191,
    "duration": 0,
    "pid": 38001,
    "index": 39
  },
  {
    "name": "Require(33) node_modules/_egg-multipart@2.9.0@egg-multipart/app/extend/context.js",
    "start": 1569679187191,
    "end": 1569679187222,
    "duration": 31,
    "pid": 38001,
    "index": 40
  },
  {
    "name": "Require(34) node_modules/_egg-view@2.1.2@egg-view/app/extend/context.js",
    "start": 1569679187222,
    "end": 1569679187223,
    "duration": 1,
    "pid": 38001,
    "index": 41
  },
  {
    "name": "Require(35) node_modules/_egg-mongoose@3.2.0@egg-mongoose/app/extend/context.js",
    "start": 1569679187223,
    "end": 1569679187223,
    "duration": 0,
    "pid": 38001,
    "index": 42
  },
  {
    "name": "Require(36) node_modules/_egg@2.23.0@egg/app/extend/context.js",
    "start": 1569679187223,
    "end": 1569679187224,
    "duration": 1,
    "pid": 38001,
    "index": 43
  },
  {
    "name": "Load extend/helper.js",
    "start": 1569679187225,
    "end": 1569679187236,
    "duration": 11,
    "pid": 38001,
    "index": 44
  },
  {
    "name": "Require(37) node_modules/_egg-security@2.6.1@egg-security/app/extend/helper.js",
    "start": 1569679187225,
    "end": 1569679187234,
    "duration": 9,
    "pid": 38001,
    "index": 45
  },
  {
    "name": "Require(38) node_modules/_egg@2.23.0@egg/app/extend/helper.js",
    "start": 1569679187235,
    "end": 1569679187236,
    "duration": 1,
    "pid": 38001,
    "index": 46
  },
  {
    "name": "Load app.js",
    "start": 1569679187236,
    "end": 1569679187252,
    "duration": 16,
    "pid": 38001,
    "index": 47
  },
  {
    "name": "Require(39) node_modules/_egg-session@3.1.0@egg-session/app.js",
    "start": 1569679187237,
    "end": 1569679187237,
    "duration": 0,
    "pid": 38001,
    "index": 48
  },
  {
    "name": "Require(40) node_modules/_egg-security@2.6.1@egg-security/app.js",
    "start": 1569679187237,
    "end": 1569679187238,
    "duration": 1,
    "pid": 38001,
    "index": 49
  },
  {
    "name": "Require(41) node_modules/_egg-onerror@2.1.0@egg-onerror/app.js",
    "start": 1569679187238,
    "end": 1569679187243,
    "duration": 5,
    "pid": 38001,
    "index": 50
  },
  {
    "name": "Require(42) node_modules/_egg-i18n@2.1.1@egg-i18n/app.js",
    "start": 1569679187244,
    "end": 1569679187246,
    "duration": 2,
    "pid": 38001,
    "index": 51
  },
  {
    "name": "Require(43) node_modules/_egg-watcher@3.1.0@egg-watcher/app.js",
    "start": 1569679187246,
    "end": 1569679187248,
    "duration": 2,
    "pid": 38001,
    "index": 52
  },
  {
    "name": "Require(44) node_modules/_egg-schedule@3.6.4@egg-schedule/app.js",
    "start": 1569679187248,
    "end": 1569679187248,
    "duration": 0,
    "pid": 38001,
    "index": 53
  },
  {
    "name": "Require(45) node_modules/_egg-multipart@2.9.0@egg-multipart/app.js",
    "start": 1569679187249,
    "end": 1569679187250,
    "duration": 1,
    "pid": 38001,
    "index": 54
  },
  {
    "name": "Require(46) node_modules/_egg-development@2.4.3@egg-development/app.js",
    "start": 1569679187250,
    "end": 1569679187250,
    "duration": 0,
    "pid": 38001,
    "index": 55
  },
  {
    "name": "Require(47) node_modules/_egg-logrotator@3.1.0@egg-logrotator/app.js",
    "start": 1569679187250,
    "end": 1569679187250,
    "duration": 0,
    "pid": 38001,
    "index": 56
  },
  {
    "name": "Require(48) node_modules/_egg-static@2.2.0@egg-static/app.js",
    "start": 1569679187250,
    "end": 1569679187250,
    "duration": 0,
    "pid": 38001,
    "index": 57
  },
  {
    "name": "Require(49) node_modules/_egg-mongoose@3.2.0@egg-mongoose/app.js",
    "start": 1569679187250,
    "end": 1569679187250,
    "duration": 0,
    "pid": 38001,
    "index": 58
  },
  {
    "name": "Require(50) node_modules/_egg-jwt@3.1.6@egg-jwt/app.js",
    "start": 1569679187251,
    "end": 1569679187251,
    "duration": 0,
    "pid": 38001,
    "index": 59
  },
  {
    "name": "Require(51) node_modules/_egg-router-group@1.1.0@egg-router-group/app.js",
    "start": 1569679187251,
    "end": 1569679187251,
    "duration": 0,
    "pid": 38001,
    "index": 60
  },
  {
    "name": "Before Start in node_modules/_egg-watcher@3.1.0@egg-watcher/lib/init.js:15:14",
    "start": 1569679187262,
    "end": 1569679187626,
    "duration": 364,
    "pid": 38001,
    "index": 61
  },
  {
    "name": "Before Start in node_modules/_egg-mongoose@3.2.0@egg-mongoose/lib/mongoose.js:91:7",
    "start": 1569679187497,
    "end": 1569679187623,
    "duration": 126,
    "pid": 38001,
    "index": 62
  },
  {
    "name": "Before Start in node_modules/_egg-mongoose@3.2.0@egg-mongoose/lib/mongoose.js:49:9",
    "start": 1569679187498,
    "end": 1569679187602,
    "duration": 104,
    "pid": 38001,
    "index": 63
  },
  {
    "name": "Before Start in node_modules/_egg-core@4.17.3@egg-core/lib/egg.js:303:10",
    "start": 1569679187498,
    "end": 1569679187602,
    "duration": 104,
    "pid": 38001,
    "index": 64
  },
  {
    "name": "Load Service",
    "start": 1569679187498,
    "end": 1569679187528,
    "duration": 30,
    "pid": 38001,
    "index": 65
  },
  {
    "name": "Load \"service\" to Context",
    "start": 1569679187498,
    "end": 1569679187528,
    "duration": 30,
    "pid": 38001,
    "index": 66
  },
  {
    "name": "Load Middleware",
    "start": 1569679187528,
    "end": 1569679187569,
    "duration": 41,
    "pid": 38001,
    "index": 67
  },
  {
    "name": "Load \"middlewares\" to Application",
    "start": 1569679187528,
    "end": 1569679187564,
    "duration": 36,
    "pid": 38001,
    "index": 68
  },
  {
    "name": "Load Controller",
    "start": 1569679187570,
    "end": 1569679187577,
    "duration": 7,
    "pid": 38001,
    "index": 69
  },
  {
    "name": "Load \"controller\" to Application",
    "start": 1569679187570,
    "end": 1569679187577,
    "duration": 7,
    "pid": 38001,
    "index": 70
  },
  {
    "name": "Load Router",
    "start": 1569679187577,
    "end": 1569679187580,
    "duration": 3,
    "pid": 38001,
    "index": 71
  },
  {
    "name": "Require(52) app/router.js",
    "start": 1569679187577,
    "end": 1569679187577,
    "duration": 0,
    "pid": 38001,
    "index": 72
  },
  {
    "name": "Load \"model\" to Application",
    "start": 1569679187588,
    "end": 1569679187601,
    "duration": 13,
    "pid": 38001,
    "index": 73
  }
]