[
  {
    "name": "Application Start",
    "start": 1569675796177,
    "end": 1569675796642,
    "duration": 465,
    "pid": 36791,
    "index": 0
  },
  {
    "name": "Load Plugin",
    "start": 1569675796181,
    "end": 1569675796188,
    "duration": 7,
    "pid": 36791,
    "index": 1
  },
  {
    "name": "Load Config",
    "start": 1569675796188,
    "end": 1569675796203,
    "duration": 15,
    "pid": 36791,
    "index": 2
  },
  {
    "name": "Require(0) config/config.default.js",
    "start": 1569675796189,
    "end": 1569675796189,
    "duration": 0,
    "pid": 36791,
    "index": 3
  },
  {
    "name": "Require(1) node_modules/_egg-session@3.1.0@egg-session/config/config.default.js",
    "start": 1569675796190,
    "end": 1569675796190,
    "duration": 0,
    "pid": 36791,
    "index": 4
  },
  {
    "name": "Require(2) node_modules/_egg-security@2.6.1@egg-security/config/config.default.js",
    "start": 1569675796191,
    "end": 1569675796193,
    "duration": 2,
    "pid": 36791,
    "index": 5
  },
  {
    "name": "Require(3) node_modules/_egg-jsonp@2.0.0@egg-jsonp/config/config.default.js",
    "start": 1569675796194,
    "end": 1569675796194,
    "duration": 0,
    "pid": 36791,
    "index": 6
  },
  {
    "name": "Require(4) node_modules/_egg-onerror@2.1.0@egg-onerror/config/config.default.js",
    "start": 1569675796194,
    "end": 1569675796195,
    "duration": 1,
    "pid": 36791,
    "index": 7
  },
  {
    "name": "Require(5) node_modules/_egg-i18n@2.1.1@egg-i18n/config/config.default.js",
    "start": 1569675796195,
    "end": 1569675796195,
    "duration": 0,
    "pid": 36791,
    "index": 8
  },
  {
    "name": "Require(6) node_modules/_egg-watcher@3.1.0@egg-watcher/config/config.default.js",
    "start": 1569675796195,
    "end": 1569675796196,
    "duration": 1,
    "pid": 36791,
    "index": 9
  },
  {
    "name": "Require(7) node_modules/_egg-schedule@3.6.4@egg-schedule/config/config.default.js",
    "start": 1569675796196,
    "end": 1569675796196,
    "duration": 0,
    "pid": 36791,
    "index": 10
  },
  {
    "name": "Require(8) node_modules/_egg-multipart@2.9.0@egg-multipart/config/config.default.js",
    "start": 1569675796196,
    "end": 1569675796197,
    "duration": 1,
    "pid": 36791,
    "index": 11
  },
  {
    "name": "Require(9) node_modules/_egg-development@2.4.3@egg-development/config/config.default.js",
    "start": 1569675796197,
    "end": 1569675796197,
    "duration": 0,
    "pid": 36791,
    "index": 12
  },
  {
    "name": "Require(10) node_modules/_egg-logrotator@3.1.0@egg-logrotator/config/config.default.js",
    "start": 1569675796197,
    "end": 1569675796198,
    "duration": 1,
    "pid": 36791,
    "index": 13
  },
  {
    "name": "Require(11) node_modules/_egg-static@2.2.0@egg-static/config/config.default.js",
    "start": 1569675796198,
    "end": 1569675796198,
    "duration": 0,
    "pid": 36791,
    "index": 14
  },
  {
    "name": "Require(12) node_modules/_egg-view@2.1.2@egg-view/config/config.default.js",
    "start": 1569675796198,
    "end": 1569675796198,
    "duration": 0,
    "pid": 36791,
    "index": 15
  },
  {
    "name": "Require(13) node_modules/_egg-mongoose@3.2.0@egg-mongoose/config/config.default.js",
    "start": 1569675796199,
    "end": 1569675796199,
    "duration": 0,
    "pid": 36791,
    "index": 16
  },
  {
    "name": "Require(14) node_modules/_egg-jwt@3.1.6@egg-jwt/config/config.default.js",
    "start": 1569675796199,
    "end": 1569675796199,
    "duration": 0,
    "pid": 36791,
    "index": 17
  },
  {
    "name": "Require(15) node_modules/_egg-router-group@1.1.0@egg-router-group/config/config.default.js",
    "start": 1569675796199,
    "end": 1569675796200,
    "duration": 1,
    "pid": 36791,
    "index": 18
  },
  {
    "name": "Require(16) node_modules/_egg@2.23.0@egg/config/config.default.js",
    "start": 1569675796200,
    "end": 1569675796200,
    "duration": 0,
    "pid": 36791,
    "index": 19
  },
  {
    "name": "Require(17) config/config.default.js",
    "start": 1569675796201,
    "end": 1569675796201,
    "duration": 0,
    "pid": 36791,
    "index": 20
  },
  {
    "name": "Require(18) node_modules/_egg-security@2.6.1@egg-security/config/config.local.js",
    "start": 1569675796202,
    "end": 1569675796202,
    "duration": 0,
    "pid": 36791,
    "index": 21
  },
  {
    "name": "Require(19) node_modules/_egg-watcher@3.1.0@egg-watcher/config/config.local.js",
    "start": 1569675796202,
    "end": 1569675796202,
    "duration": 0,
    "pid": 36791,
    "index": 22
  },
  {
    "name": "Require(20) node_modules/_egg-view@2.1.2@egg-view/config/config.local.js",
    "start": 1569675796203,
    "end": 1569675796203,
    "duration": 0,
    "pid": 36791,
    "index": 23
  },
  {
    "name": "Require(21) node_modules/_egg@2.23.0@egg/config/config.local.js",
    "start": 1569675796203,
    "end": 1569675796203,
    "duration": 0,
    "pid": 36791,
    "index": 24
  },
  {
    "name": "Load extend/application.js",
    "start": 1569675796205,
    "end": 1569675796233,
    "duration": 28,
    "pid": 36791,
    "index": 25
  },
  {
    "name": "Require(22) node_modules/_egg-session@3.1.0@egg-session/app/extend/application.js",
    "start": 1569675796205,
    "end": 1569675796205,
    "duration": 0,
    "pid": 36791,
    "index": 26
  },
  {
    "name": "Require(23) node_modules/_egg-security@2.6.1@egg-security/app/extend/application.js",
    "start": 1569675796205,
    "end": 1569675796206,
    "duration": 1,
    "pid": 36791,
    "index": 27
  },
  {
    "name": "Require(24) node_modules/_egg-jsonp@2.0.0@egg-jsonp/app/extend/application.js",
    "start": 1569675796206,
    "end": 1569675796206,
    "duration": 0,
    "pid": 36791,
    "index": 28
  },
  {
    "name": "Require(25) node_modules/_egg-logrotator@3.1.0@egg-logrotator/app/extend/application.js",
    "start": 1569675796207,
    "end": 1569675796208,
    "duration": 1,
    "pid": 36791,
    "index": 29
  },
  {
    "name": "Require(26) node_modules/_egg-view@2.1.2@egg-view/app/extend/application.js",
    "start": 1569675796208,
    "end": 1569675796208,
    "duration": 0,
    "pid": 36791,
    "index": 30
  },
  {
    "name": "Require(27) node_modules/_egg-jwt@3.1.6@egg-jwt/app/extend/application.js",
    "start": 1569675796209,
    "end": 1569675796232,
    "duration": 23,
    "pid": 36791,
    "index": 31
  },
  {
    "name": "Load extend/request.js",
    "start": 1569675796233,
    "end": 1569675796234,
    "duration": 1,
    "pid": 36791,
    "index": 32
  },
  {
    "name": "Require(28) node_modules/_egg@2.23.0@egg/app/extend/request.js",
    "start": 1569675796233,
    "end": 1569675796234,
    "duration": 1,
    "pid": 36791,
    "index": 33
  },
  {
    "name": "Load extend/response.js",
    "start": 1569675796234,
    "end": 1569675796236,
    "duration": 2,
    "pid": 36791,
    "index": 34
  },
  {
    "name": "Require(29) node_modules/_egg@2.23.0@egg/app/extend/response.js",
    "start": 1569675796235,
    "end": 1569675796236,
    "duration": 1,
    "pid": 36791,
    "index": 35
  },
  {
    "name": "Load extend/context.js",
    "start": 1569675796236,
    "end": 1569675796276,
    "duration": 40,
    "pid": 36791,
    "index": 36
  },
  {
    "name": "Require(30) node_modules/_egg-security@2.6.1@egg-security/app/extend/context.js",
    "start": 1569675796236,
    "end": 1569675796241,
    "duration": 5,
    "pid": 36791,
    "index": 37
  },
  {
    "name": "Require(31) node_modules/_egg-jsonp@2.0.0@egg-jsonp/app/extend/context.js",
    "start": 1569675796241,
    "end": 1569675796241,
    "duration": 0,
    "pid": 36791,
    "index": 38
  },
  {
    "name": "Require(32) node_modules/_egg-i18n@2.1.1@egg-i18n/app/extend/context.js",
    "start": 1569675796241,
    "end": 1569675796242,
    "duration": 1,
    "pid": 36791,
    "index": 39
  },
  {
    "name": "Require(33) node_modules/_egg-multipart@2.9.0@egg-multipart/app/extend/context.js",
    "start": 1569675796242,
    "end": 1569675796273,
    "duration": 31,
    "pid": 36791,
    "index": 40
  },
  {
    "name": "Require(34) node_modules/_egg-view@2.1.2@egg-view/app/extend/context.js",
    "start": 1569675796273,
    "end": 1569675796274,
    "duration": 1,
    "pid": 36791,
    "index": 41
  },
  {
    "name": "Require(35) node_modules/_egg-mongoose@3.2.0@egg-mongoose/app/extend/context.js",
    "start": 1569675796274,
    "end": 1569675796274,
    "duration": 0,
    "pid": 36791,
    "index": 42
  },
  {
    "name": "Require(36) node_modules/_egg@2.23.0@egg/app/extend/context.js",
    "start": 1569675796274,
    "end": 1569675796275,
    "duration": 1,
    "pid": 36791,
    "index": 43
  },
  {
    "name": "Load extend/helper.js",
    "start": 1569675796276,
    "end": 1569675796285,
    "duration": 9,
    "pid": 36791,
    "index": 44
  },
  {
    "name": "Require(37) node_modules/_egg-security@2.6.1@egg-security/app/extend/helper.js",
    "start": 1569675796276,
    "end": 1569675796283,
    "duration": 7,
    "pid": 36791,
    "index": 45
  },
  {
    "name": "Require(38) node_modules/_egg@2.23.0@egg/app/extend/helper.js",
    "start": 1569675796284,
    "end": 1569675796284,
    "duration": 0,
    "pid": 36791,
    "index": 46
  },
  {
    "name": "Load app.js",
    "start": 1569675796285,
    "end": 1569675796299,
    "duration": 14,
    "pid": 36791,
    "index": 47
  },
  {
    "name": "Require(39) node_modules/_egg-session@3.1.0@egg-session/app.js",
    "start": 1569675796285,
    "end": 1569675796285,
    "duration": 0,
    "pid": 36791,
    "index": 48
  },
  {
    "name": "Require(40) node_modules/_egg-security@2.6.1@egg-security/app.js",
    "start": 1569675796285,
    "end": 1569675796286,
    "duration": 1,
    "pid": 36791,
    "index": 49
  },
  {
    "name": "Require(41) node_modules/_egg-onerror@2.1.0@egg-onerror/app.js",
    "start": 1569675796286,
    "end": 1569675796291,
    "duration": 5,
    "pid": 36791,
    "index": 50
  },
  {
    "name": "Require(42) node_modules/_egg-i18n@2.1.1@egg-i18n/app.js",
    "start": 1569675796291,
    "end": 1569675796294,
    "duration": 3,
    "pid": 36791,
    "index": 51
  },
  {
    "name": "Require(43) node_modules/_egg-watcher@3.1.0@egg-watcher/app.js",
    "start": 1569675796294,
    "end": 1569675796295,
    "duration": 1,
    "pid": 36791,
    "index": 52
  },
  {
    "name": "Require(44) node_modules/_egg-schedule@3.6.4@egg-schedule/app.js",
    "start": 1569675796295,
    "end": 1569675796296,
    "duration": 1,
    "pid": 36791,
    "index": 53
  },
  {
    "name": "Require(45) node_modules/_egg-multipart@2.9.0@egg-multipart/app.js",
    "start": 1569675796296,
    "end": 1569675796297,
    "duration": 1,
    "pid": 36791,
    "index": 54
  },
  {
    "name": "Require(46) node_modules/_egg-development@2.4.3@egg-development/app.js",
    "start": 1569675796297,
    "end": 1569675796297,
    "duration": 0,
    "pid": 36791,
    "index": 55
  },
  {
    "name": "Require(47) node_modules/_egg-logrotator@3.1.0@egg-logrotator/app.js",
    "start": 1569675796297,
    "end": 1569675796297,
    "duration": 0,
    "pid": 36791,
    "index": 56
  },
  {
    "name": "Require(48) node_modules/_egg-static@2.2.0@egg-static/app.js",
    "start": 1569675796297,
    "end": 1569675796298,
    "duration": 1,
    "pid": 36791,
    "index": 57
  },
  {
    "name": "Require(49) node_modules/_egg-mongoose@3.2.0@egg-mongoose/app.js",
    "start": 1569675796298,
    "end": 1569675796298,
    "duration": 0,
    "pid": 36791,
    "index": 58
  },
  {
    "name": "Require(50) node_modules/_egg-jwt@3.1.6@egg-jwt/app.js",
    "start": 1569675796298,
    "end": 1569675796298,
    "duration": 0,
    "pid": 36791,
    "index": 59
  },
  {
    "name": "Require(51) node_modules/_egg-router-group@1.1.0@egg-router-group/app.js",
    "start": 1569675796298,
    "end": 1569675796299,
    "duration": 1,
    "pid": 36791,
    "index": 60
  },
  {
    "name": "Before Start in node_modules/_egg-watcher@3.1.0@egg-watcher/lib/init.js:15:14",
    "start": 1569675796308,
    "end": 1569675796642,
    "duration": 334,
    "pid": 36791,
    "index": 61
  },
  {
    "name": "Before Start in node_modules/_egg-mongoose@3.2.0@egg-mongoose/lib/mongoose.js:91:7",
    "start": 1569675796522,
    "end": 1569675796639,
    "duration": 117,
    "pid": 36791,
    "index": 62
  },
  {
    "name": "Before Start in node_modules/_egg-mongoose@3.2.0@egg-mongoose/lib/mongoose.js:49:9",
    "start": 1569675796522,
    "end": 1569675796620,
    "duration": 98,
    "pid": 36791,
    "index": 63
  },
  {
    "name": "Before Start in node_modules/_egg-core@4.17.3@egg-core/lib/egg.js:303:10",
    "start": 1569675796522,
    "end": 1569675796620,
    "duration": 98,
    "pid": 36791,
    "index": 64
  },
  {
    "name": "Load Service",
    "start": 1569675796523,
    "end": 1569675796550,
    "duration": 27,
    "pid": 36791,
    "index": 65
  },
  {
    "name": "Load \"service\" to Context",
    "start": 1569675796523,
    "end": 1569675796550,
    "duration": 27,
    "pid": 36791,
    "index": 66
  },
  {
    "name": "Load Middleware",
    "start": 1569675796550,
    "end": 1569675796587,
    "duration": 37,
    "pid": 36791,
    "index": 67
  },
  {
    "name": "Load \"middlewares\" to Application",
    "start": 1569675796551,
    "end": 1569675796583,
    "duration": 32,
    "pid": 36791,
    "index": 68
  },
  {
    "name": "Load Controller",
    "start": 1569675796587,
    "end": 1569675796594,
    "duration": 7,
    "pid": 36791,
    "index": 69
  },
  {
    "name": "Load \"controller\" to Application",
    "start": 1569675796588,
    "end": 1569675796594,
    "duration": 6,
    "pid": 36791,
    "index": 70
  },
  {
    "name": "Load Router",
    "start": 1569675796594,
    "end": 1569675796596,
    "duration": 2,
    "pid": 36791,
    "index": 71
  },
  {
    "name": "Require(52) app/router.js",
    "start": 1569675796594,
    "end": 1569675796594,
    "duration": 0,
    "pid": 36791,
    "index": 72
  },
  {
    "name": "Load \"model\" to Application",
    "start": 1569675796606,
    "end": 1569675796619,
    "duration": 13,
    "pid": 36791,
    "index": 73
  }
]