[
  {
    "name": "Application Start",
    "start": 1569680387087,
    "end": 1569680387603,
    "duration": 516,
    "pid": 38541,
    "index": 0
  },
  {
    "name": "Load Plugin",
    "start": 1569680387091,
    "end": 1569680387099,
    "duration": 8,
    "pid": 38541,
    "index": 1
  },
  {
    "name": "Load Config",
    "start": 1569680387100,
    "end": 1569680387115,
    "duration": 15,
    "pid": 38541,
    "index": 2
  },
  {
    "name": "Require(0) config/config.default.js",
    "start": 1569680387100,
    "end": 1569680387101,
    "duration": 1,
    "pid": 38541,
    "index": 3
  },
  {
    "name": "Require(1) node_modules/_egg-session@3.1.0@egg-session/config/config.default.js",
    "start": 1569680387102,
    "end": 1569680387103,
    "duration": 1,
    "pid": 38541,
    "index": 4
  },
  {
    "name": "Require(2) node_modules/_egg-security@2.6.1@egg-security/config/config.default.js",
    "start": 1569680387103,
    "end": 1569680387105,
    "duration": 2,
    "pid": 38541,
    "index": 5
  },
  {
    "name": "Require(3) node_modules/_egg-jsonp@2.0.0@egg-jsonp/config/config.default.js",
    "start": 1569680387106,
    "end": 1569680387106,
    "duration": 0,
    "pid": 38541,
    "index": 6
  },
  {
    "name": "Require(4) node_modules/_egg-onerror@2.1.0@egg-onerror/config/config.default.js",
    "start": 1569680387106,
    "end": 1569680387106,
    "duration": 0,
    "pid": 38541,
    "index": 7
  },
  {
    "name": "Require(5) node_modules/_egg-i18n@2.1.1@egg-i18n/config/config.default.js",
    "start": 1569680387106,
    "end": 1569680387107,
    "duration": 1,
    "pid": 38541,
    "index": 8
  },
  {
    "name": "Require(6) node_modules/_egg-watcher@3.1.0@egg-watcher/config/config.default.js",
    "start": 1569680387107,
    "end": 1569680387107,
    "duration": 0,
    "pid": 38541,
    "index": 9
  },
  {
    "name": "Require(7) node_modules/_egg-schedule@3.6.4@egg-schedule/config/config.default.js",
    "start": 1569680387107,
    "end": 1569680387107,
    "duration": 0,
    "pid": 38541,
    "index": 10
  },
  {
    "name": "Require(8) node_modules/_egg-multipart@2.9.0@egg-multipart/config/config.default.js",
    "start": 1569680387108,
    "end": 1569680387108,
    "duration": 0,
    "pid": 38541,
    "index": 11
  },
  {
    "name": "Require(9) node_modules/_egg-development@2.4.3@egg-development/config/config.default.js",
    "start": 1569680387108,
    "end": 1569680387108,
    "duration": 0,
    "pid": 38541,
    "index": 12
  },
  {
    "name": "Require(10) node_modules/_egg-logrotator@3.1.0@egg-logrotator/config/config.default.js",
    "start": 1569680387108,
    "end": 1569680387109,
    "duration": 1,
    "pid": 38541,
    "index": 13
  },
  {
    "name": "Require(11) node_modules/_egg-static@2.2.0@egg-static/config/config.default.js",
    "start": 1569680387109,
    "end": 1569680387109,
    "duration": 0,
    "pid": 38541,
    "index": 14
  },
  {
    "name": "Require(12) node_modules/_egg-view@2.1.2@egg-view/config/config.default.js",
    "start": 1569680387109,
    "end": 1569680387109,
    "duration": 0,
    "pid": 38541,
    "index": 15
  },
  {
    "name": "Require(13) node_modules/_egg-mongoose@3.2.0@egg-mongoose/config/config.default.js",
    "start": 1569680387109,
    "end": 1569680387110,
    "duration": 1,
    "pid": 38541,
    "index": 16
  },
  {
    "name": "Require(14) node_modules/_egg-jwt@3.1.6@egg-jwt/config/config.default.js",
    "start": 1569680387110,
    "end": 1569680387110,
    "duration": 0,
    "pid": 38541,
    "index": 17
  },
  {
    "name": "Require(15) node_modules/_egg-router-group@1.1.0@egg-router-group/config/config.default.js",
    "start": 1569680387110,
    "end": 1569680387110,
    "duration": 0,
    "pid": 38541,
    "index": 18
  },
  {
    "name": "Require(16) node_modules/_egg@2.23.0@egg/config/config.default.js",
    "start": 1569680387110,
    "end": 1569680387111,
    "duration": 1,
    "pid": 38541,
    "index": 19
  },
  {
    "name": "Require(17) config/config.default.js",
    "start": 1569680387112,
    "end": 1569680387112,
    "duration": 0,
    "pid": 38541,
    "index": 20
  },
  {
    "name": "Require(18) node_modules/_egg-security@2.6.1@egg-security/config/config.local.js",
    "start": 1569680387112,
    "end": 1569680387112,
    "duration": 0,
    "pid": 38541,
    "index": 21
  },
  {
    "name": "Require(19) node_modules/_egg-watcher@3.1.0@egg-watcher/config/config.local.js",
    "start": 1569680387113,
    "end": 1569680387113,
    "duration": 0,
    "pid": 38541,
    "index": 22
  },
  {
    "name": "Require(20) node_modules/_egg-view@2.1.2@egg-view/config/config.local.js",
    "start": 1569680387114,
    "end": 1569680387114,
    "duration": 0,
    "pid": 38541,
    "index": 23
  },
  {
    "name": "Require(21) node_modules/_egg@2.23.0@egg/config/config.local.js",
    "start": 1569680387114,
    "end": 1569680387114,
    "duration": 0,
    "pid": 38541,
    "index": 24
  },
  {
    "name": "Load extend/application.js",
    "start": 1569680387116,
    "end": 1569680387146,
    "duration": 30,
    "pid": 38541,
    "index": 25
  },
  {
    "name": "Require(22) node_modules/_egg-session@3.1.0@egg-session/app/extend/application.js",
    "start": 1569680387116,
    "end": 1569680387116,
    "duration": 0,
    "pid": 38541,
    "index": 26
  },
  {
    "name": "Require(23) node_modules/_egg-security@2.6.1@egg-security/app/extend/application.js",
    "start": 1569680387117,
    "end": 1569680387117,
    "duration": 0,
    "pid": 38541,
    "index": 27
  },
  {
    "name": "Require(24) node_modules/_egg-jsonp@2.0.0@egg-jsonp/app/extend/application.js",
    "start": 1569680387117,
    "end": 1569680387118,
    "duration": 1,
    "pid": 38541,
    "index": 28
  },
  {
    "name": "Require(25) node_modules/_egg-logrotator@3.1.0@egg-logrotator/app/extend/application.js",
    "start": 1569680387118,
    "end": 1569680387119,
    "duration": 1,
    "pid": 38541,
    "index": 29
  },
  {
    "name": "Require(26) node_modules/_egg-view@2.1.2@egg-view/app/extend/application.js",
    "start": 1569680387119,
    "end": 1569680387120,
    "duration": 1,
    "pid": 38541,
    "index": 30
  },
  {
    "name": "Require(27) node_modules/_egg-jwt@3.1.6@egg-jwt/app/extend/application.js",
    "start": 1569680387120,
    "end": 1569680387145,
    "duration": 25,
    "pid": 38541,
    "index": 31
  },
  {
    "name": "Load extend/request.js",
    "start": 1569680387146,
    "end": 1569680387148,
    "duration": 2,
    "pid": 38541,
    "index": 32
  },
  {
    "name": "Require(28) node_modules/_egg@2.23.0@egg/app/extend/request.js",
    "start": 1569680387147,
    "end": 1569680387148,
    "duration": 1,
    "pid": 38541,
    "index": 33
  },
  {
    "name": "Load extend/response.js",
    "start": 1569680387148,
    "end": 1569680387151,
    "duration": 3,
    "pid": 38541,
    "index": 34
  },
  {
    "name": "Require(29) node_modules/_egg@2.23.0@egg/app/extend/response.js",
    "start": 1569680387149,
    "end": 1569680387150,
    "duration": 1,
    "pid": 38541,
    "index": 35
  },
  {
    "name": "Load extend/context.js",
    "start": 1569680387151,
    "end": 1569680387195,
    "duration": 44,
    "pid": 38541,
    "index": 36
  },
  {
    "name": "Require(30) node_modules/_egg-security@2.6.1@egg-security/app/extend/context.js",
    "start": 1569680387151,
    "end": 1569680387156,
    "duration": 5,
    "pid": 38541,
    "index": 37
  },
  {
    "name": "Require(31) node_modules/_egg-jsonp@2.0.0@egg-jsonp/app/extend/context.js",
    "start": 1569680387156,
    "end": 1569680387157,
    "duration": 1,
    "pid": 38541,
    "index": 38
  },
  {
    "name": "Require(32) node_modules/_egg-i18n@2.1.1@egg-i18n/app/extend/context.js",
    "start": 1569680387157,
    "end": 1569680387157,
    "duration": 0,
    "pid": 38541,
    "index": 39
  },
  {
    "name": "Require(33) node_modules/_egg-multipart@2.9.0@egg-multipart/app/extend/context.js",
    "start": 1569680387157,
    "end": 1569680387190,
    "duration": 33,
    "pid": 38541,
    "index": 40
  },
  {
    "name": "Require(34) node_modules/_egg-view@2.1.2@egg-view/app/extend/context.js",
    "start": 1569680387192,
    "end": 1569680387193,
    "duration": 1,
    "pid": 38541,
    "index": 41
  },
  {
    "name": "Require(35) node_modules/_egg-mongoose@3.2.0@egg-mongoose/app/extend/context.js",
    "start": 1569680387193,
    "end": 1569680387193,
    "duration": 0,
    "pid": 38541,
    "index": 42
  },
  {
    "name": "Require(36) node_modules/_egg@2.23.0@egg/app/extend/context.js",
    "start": 1569680387193,
    "end": 1569680387194,
    "duration": 1,
    "pid": 38541,
    "index": 43
  },
  {
    "name": "Load extend/helper.js",
    "start": 1569680387195,
    "end": 1569680387206,
    "duration": 11,
    "pid": 38541,
    "index": 44
  },
  {
    "name": "Require(37) node_modules/_egg-security@2.6.1@egg-security/app/extend/helper.js",
    "start": 1569680387195,
    "end": 1569680387204,
    "duration": 9,
    "pid": 38541,
    "index": 45
  },
  {
    "name": "Require(38) node_modules/_egg@2.23.0@egg/app/extend/helper.js",
    "start": 1569680387205,
    "end": 1569680387205,
    "duration": 0,
    "pid": 38541,
    "index": 46
  },
  {
    "name": "Load app.js",
    "start": 1569680387206,
    "end": 1569680387221,
    "duration": 15,
    "pid": 38541,
    "index": 47
  },
  {
    "name": "Require(39) node_modules/_egg-session@3.1.0@egg-session/app.js",
    "start": 1569680387206,
    "end": 1569680387206,
    "duration": 0,
    "pid": 38541,
    "index": 48
  },
  {
    "name": "Require(40) node_modules/_egg-security@2.6.1@egg-security/app.js",
    "start": 1569680387206,
    "end": 1569680387207,
    "duration": 1,
    "pid": 38541,
    "index": 49
  },
  {
    "name": "Require(41) node_modules/_egg-onerror@2.1.0@egg-onerror/app.js",
    "start": 1569680387207,
    "end": 1569680387212,
    "duration": 5,
    "pid": 38541,
    "index": 50
  },
  {
    "name": "Require(42) node_modules/_egg-i18n@2.1.1@egg-i18n/app.js",
    "start": 1569680387212,
    "end": 1569680387215,
    "duration": 3,
    "pid": 38541,
    "index": 51
  },
  {
    "name": "Require(43) node_modules/_egg-watcher@3.1.0@egg-watcher/app.js",
    "start": 1569680387215,
    "end": 1569680387217,
    "duration": 2,
    "pid": 38541,
    "index": 52
  },
  {
    "name": "Require(44) node_modules/_egg-schedule@3.6.4@egg-schedule/app.js",
    "start": 1569680387217,
    "end": 1569680387218,
    "duration": 1,
    "pid": 38541,
    "index": 53
  },
  {
    "name": "Require(45) node_modules/_egg-multipart@2.9.0@egg-multipart/app.js",
    "start": 1569680387218,
    "end": 1569680387219,
    "duration": 1,
    "pid": 38541,
    "index": 54
  },
  {
    "name": "Require(46) node_modules/_egg-development@2.4.3@egg-development/app.js",
    "start": 1569680387219,
    "end": 1569680387219,
    "duration": 0,
    "pid": 38541,
    "index": 55
  },
  {
    "name": "Require(47) node_modules/_egg-logrotator@3.1.0@egg-logrotator/app.js",
    "start": 1569680387219,
    "end": 1569680387219,
    "duration": 0,
    "pid": 38541,
    "index": 56
  },
  {
    "name": "Require(48) node_modules/_egg-static@2.2.0@egg-static/app.js",
    "start": 1569680387219,
    "end": 1569680387220,
    "duration": 1,
    "pid": 38541,
    "index": 57
  },
  {
    "name": "Require(49) node_modules/_egg-mongoose@3.2.0@egg-mongoose/app.js",
    "start": 1569680387220,
    "end": 1569680387220,
    "duration": 0,
    "pid": 38541,
    "index": 58
  },
  {
    "name": "Require(50) node_modules/_egg-jwt@3.1.6@egg-jwt/app.js",
    "start": 1569680387220,
    "end": 1569680387220,
    "duration": 0,
    "pid": 38541,
    "index": 59
  },
  {
    "name": "Require(51) node_modules/_egg-router-group@1.1.0@egg-router-group/app.js",
    "start": 1569680387220,
    "end": 1569680387221,
    "duration": 1,
    "pid": 38541,
    "index": 60
  },
  {
    "name": "Before Start in node_modules/_egg-watcher@3.1.0@egg-watcher/lib/init.js:15:14",
    "start": 1569680387231,
    "end": 1569680387599,
    "duration": 368,
    "pid": 38541,
    "index": 61
  },
  {
    "name": "Before Start in node_modules/_egg-mongoose@3.2.0@egg-mongoose/lib/mongoose.js:91:7",
    "start": 1569680387461,
    "end": 1569680387596,
    "duration": 135,
    "pid": 38541,
    "index": 62
  },
  {
    "name": "Before Start in node_modules/_egg-mongoose@3.2.0@egg-mongoose/lib/mongoose.js:49:9",
    "start": 1569680387462,
    "end": 1569680387573,
    "duration": 111,
    "pid": 38541,
    "index": 63
  },
  {
    "name": "Before Start in node_modules/_egg-core@4.17.3@egg-core/lib/egg.js:303:10",
    "start": 1569680387462,
    "end": 1569680387573,
    "duration": 111,
    "pid": 38541,
    "index": 64
  },
  {
    "name": "Load Service",
    "start": 1569680387462,
    "end": 1569680387492,
    "duration": 30,
    "pid": 38541,
    "index": 65
  },
  {
    "name": "Load \"service\" to Context",
    "start": 1569680387462,
    "end": 1569680387492,
    "duration": 30,
    "pid": 38541,
    "index": 66
  },
  {
    "name": "Load Middleware",
    "start": 1569680387492,
    "end": 1569680387536,
    "duration": 44,
    "pid": 38541,
    "index": 67
  },
  {
    "name": "Load \"middlewares\" to Application",
    "start": 1569680387492,
    "end": 1569680387531,
    "duration": 39,
    "pid": 38541,
    "index": 68
  },
  {
    "name": "Load Controller",
    "start": 1569680387536,
    "end": 1569680387544,
    "duration": 8,
    "pid": 38541,
    "index": 69
  },
  {
    "name": "Load \"controller\" to Application",
    "start": 1569680387536,
    "end": 1569680387544,
    "duration": 8,
    "pid": 38541,
    "index": 70
  },
  {
    "name": "Load Router",
    "start": 1569680387544,
    "end": 1569680387547,
    "duration": 3,
    "pid": 38541,
    "index": 71
  },
  {
    "name": "Require(52) app/router.js",
    "start": 1569680387545,
    "end": 1569680387545,
    "duration": 0,
    "pid": 38541,
    "index": 72
  },
  {
    "name": "Load \"model\" to Application",
    "start": 1569680387556,
    "end": 1569680387572,
    "duration": 16,
    "pid": 38541,
    "index": 73
  }
]