[
  {
    "name": "Application Start",
    "start": 1569675659804,
    "end": 1569675660312,
    "duration": 508,
    "pid": 36735,
    "index": 0
  },
  {
    "name": "Load Plugin",
    "start": 1569675659807,
    "end": 1569675659814,
    "duration": 7,
    "pid": 36735,
    "index": 1
  },
  {
    "name": "Load Config",
    "start": 1569675659815,
    "end": 1569675659830,
    "duration": 15,
    "pid": 36735,
    "index": 2
  },
  {
    "name": "Require(0) config/config.default.js",
    "start": 1569675659815,
    "end": 1569675659816,
    "duration": 1,
    "pid": 36735,
    "index": 3
  },
  {
    "name": "Require(1) node_modules/_egg-session@3.1.0@egg-session/config/config.default.js",
    "start": 1569675659817,
    "end": 1569675659817,
    "duration": 0,
    "pid": 36735,
    "index": 4
  },
  {
    "name": "Require(2) node_modules/_egg-security@2.6.1@egg-security/config/config.default.js",
    "start": 1569675659817,
    "end": 1569675659819,
    "duration": 2,
    "pid": 36735,
    "index": 5
  },
  {
    "name": "Require(3) node_modules/_egg-jsonp@2.0.0@egg-jsonp/config/config.default.js",
    "start": 1569675659820,
    "end": 1569675659820,
    "duration": 0,
    "pid": 36735,
    "index": 6
  },
  {
    "name": "Require(4) node_modules/_egg-onerror@2.1.0@egg-onerror/config/config.default.js",
    "start": 1569675659821,
    "end": 1569675659821,
    "duration": 0,
    "pid": 36735,
    "index": 7
  },
  {
    "name": "Require(5) node_modules/_egg-i18n@2.1.1@egg-i18n/config/config.default.js",
    "start": 1569675659821,
    "end": 1569675659821,
    "duration": 0,
    "pid": 36735,
    "index": 8
  },
  {
    "name": "Require(6) node_modules/_egg-watcher@3.1.0@egg-watcher/config/config.default.js",
    "start": 1569675659822,
    "end": 1569675659822,
    "duration": 0,
    "pid": 36735,
    "index": 9
  },
  {
    "name": "Require(7) node_modules/_egg-schedule@3.6.4@egg-schedule/config/config.default.js",
    "start": 1569675659822,
    "end": 1569675659822,
    "duration": 0,
    "pid": 36735,
    "index": 10
  },
  {
    "name": "Require(8) node_modules/_egg-multipart@2.9.0@egg-multipart/config/config.default.js",
    "start": 1569675659823,
    "end": 1569675659823,
    "duration": 0,
    "pid": 36735,
    "index": 11
  },
  {
    "name": "Require(9) node_modules/_egg-development@2.4.3@egg-development/config/config.default.js",
    "start": 1569675659823,
    "end": 1569675659824,
    "duration": 1,
    "pid": 36735,
    "index": 12
  },
  {
    "name": "Require(10) node_modules/_egg-logrotator@3.1.0@egg-logrotator/config/config.default.js",
    "start": 1569675659824,
    "end": 1569675659824,
    "duration": 0,
    "pid": 36735,
    "index": 13
  },
  {
    "name": "Require(11) node_modules/_egg-static@2.2.0@egg-static/config/config.default.js",
    "start": 1569675659824,
    "end": 1569675659825,
    "duration": 1,
    "pid": 36735,
    "index": 14
  },
  {
    "name": "Require(12) node_modules/_egg-view@2.1.2@egg-view/config/config.default.js",
    "start": 1569675659825,
    "end": 1569675659825,
    "duration": 0,
    "pid": 36735,
    "index": 15
  },
  {
    "name": "Require(13) node_modules/_egg-mongoose@3.2.0@egg-mongoose/config/config.default.js",
    "start": 1569675659825,
    "end": 1569675659826,
    "duration": 1,
    "pid": 36735,
    "index": 16
  },
  {
    "name": "Require(14) node_modules/_egg-jwt@3.1.6@egg-jwt/config/config.default.js",
    "start": 1569675659826,
    "end": 1569675659826,
    "duration": 0,
    "pid": 36735,
    "index": 17
  },
  {
    "name": "Require(15) node_modules/_egg-router-group@1.1.0@egg-router-group/config/config.default.js",
    "start": 1569675659826,
    "end": 1569675659826,
    "duration": 0,
    "pid": 36735,
    "index": 18
  },
  {
    "name": "Require(16) node_modules/_egg@2.23.0@egg/config/config.default.js",
    "start": 1569675659826,
    "end": 1569675659827,
    "duration": 1,
    "pid": 36735,
    "index": 19
  },
  {
    "name": "Require(17) config/config.default.js",
    "start": 1569675659828,
    "end": 1569675659828,
    "duration": 0,
    "pid": 36735,
    "index": 20
  },
  {
    "name": "Require(18) node_modules/_egg-security@2.6.1@egg-security/config/config.local.js",
    "start": 1569675659828,
    "end": 1569675659828,
    "duration": 0,
    "pid": 36735,
    "index": 21
  },
  {
    "name": "Require(19) node_modules/_egg-watcher@3.1.0@egg-watcher/config/config.local.js",
    "start": 1569675659828,
    "end": 1569675659829,
    "duration": 1,
    "pid": 36735,
    "index": 22
  },
  {
    "name": "Require(20) node_modules/_egg-view@2.1.2@egg-view/config/config.local.js",
    "start": 1569675659829,
    "end": 1569675659829,
    "duration": 0,
    "pid": 36735,
    "index": 23
  },
  {
    "name": "Require(21) node_modules/_egg@2.23.0@egg/config/config.local.js",
    "start": 1569675659829,
    "end": 1569675659829,
    "duration": 0,
    "pid": 36735,
    "index": 24
  },
  {
    "name": "Load extend/application.js",
    "start": 1569675659831,
    "end": 1569675659861,
    "duration": 30,
    "pid": 36735,
    "index": 25
  },
  {
    "name": "Require(22) node_modules/_egg-session@3.1.0@egg-session/app/extend/application.js",
    "start": 1569675659831,
    "end": 1569675659831,
    "duration": 0,
    "pid": 36735,
    "index": 26
  },
  {
    "name": "Require(23) node_modules/_egg-security@2.6.1@egg-security/app/extend/application.js",
    "start": 1569675659832,
    "end": 1569675659832,
    "duration": 0,
    "pid": 36735,
    "index": 27
  },
  {
    "name": "Require(24) node_modules/_egg-jsonp@2.0.0@egg-jsonp/app/extend/application.js",
    "start": 1569675659832,
    "end": 1569675659833,
    "duration": 1,
    "pid": 36735,
    "index": 28
  },
  {
    "name": "Require(25) node_modules/_egg-logrotator@3.1.0@egg-logrotator/app/extend/application.js",
    "start": 1569675659833,
    "end": 1569675659835,
    "duration": 2,
    "pid": 36735,
    "index": 29
  },
  {
    "name": "Require(26) node_modules/_egg-view@2.1.2@egg-view/app/extend/application.js",
    "start": 1569675659835,
    "end": 1569675659836,
    "duration": 1,
    "pid": 36735,
    "index": 30
  },
  {
    "name": "Require(27) node_modules/_egg-jwt@3.1.6@egg-jwt/app/extend/application.js",
    "start": 1569675659836,
    "end": 1569675659860,
    "duration": 24,
    "pid": 36735,
    "index": 31
  },
  {
    "name": "Load extend/request.js",
    "start": 1569675659861,
    "end": 1569675659862,
    "duration": 1,
    "pid": 36735,
    "index": 32
  },
  {
    "name": "Require(28) node_modules/_egg@2.23.0@egg/app/extend/request.js",
    "start": 1569675659861,
    "end": 1569675659862,
    "duration": 1,
    "pid": 36735,
    "index": 33
  },
  {
    "name": "Load extend/response.js",
    "start": 1569675659862,
    "end": 1569675659864,
    "duration": 2,
    "pid": 36735,
    "index": 34
  },
  {
    "name": "Require(29) node_modules/_egg@2.23.0@egg/app/extend/response.js",
    "start": 1569675659863,
    "end": 1569675659864,
    "duration": 1,
    "pid": 36735,
    "index": 35
  },
  {
    "name": "Load extend/context.js",
    "start": 1569675659864,
    "end": 1569675659908,
    "duration": 44,
    "pid": 36735,
    "index": 36
  },
  {
    "name": "Require(30) node_modules/_egg-security@2.6.1@egg-security/app/extend/context.js",
    "start": 1569675659865,
    "end": 1569675659870,
    "duration": 5,
    "pid": 36735,
    "index": 37
  },
  {
    "name": "Require(31) node_modules/_egg-jsonp@2.0.0@egg-jsonp/app/extend/context.js",
    "start": 1569675659870,
    "end": 1569675659871,
    "duration": 1,
    "pid": 36735,
    "index": 38
  },
  {
    "name": "Require(32) node_modules/_egg-i18n@2.1.1@egg-i18n/app/extend/context.js",
    "start": 1569675659871,
    "end": 1569675659871,
    "duration": 0,
    "pid": 36735,
    "index": 39
  },
  {
    "name": "Require(33) node_modules/_egg-multipart@2.9.0@egg-multipart/app/extend/context.js",
    "start": 1569675659871,
    "end": 1569675659905,
    "duration": 34,
    "pid": 36735,
    "index": 40
  },
  {
    "name": "Require(34) node_modules/_egg-view@2.1.2@egg-view/app/extend/context.js",
    "start": 1569675659905,
    "end": 1569675659906,
    "duration": 1,
    "pid": 36735,
    "index": 41
  },
  {
    "name": "Require(35) node_modules/_egg-mongoose@3.2.0@egg-mongoose/app/extend/context.js",
    "start": 1569675659906,
    "end": 1569675659906,
    "duration": 0,
    "pid": 36735,
    "index": 42
  },
  {
    "name": "Require(36) node_modules/_egg@2.23.0@egg/app/extend/context.js",
    "start": 1569675659906,
    "end": 1569675659907,
    "duration": 1,
    "pid": 36735,
    "index": 43
  },
  {
    "name": "Load extend/helper.js",
    "start": 1569675659908,
    "end": 1569675659917,
    "duration": 9,
    "pid": 36735,
    "index": 44
  },
  {
    "name": "Require(37) node_modules/_egg-security@2.6.1@egg-security/app/extend/helper.js",
    "start": 1569675659908,
    "end": 1569675659916,
    "duration": 8,
    "pid": 36735,
    "index": 45
  },
  {
    "name": "Require(38) node_modules/_egg@2.23.0@egg/app/extend/helper.js",
    "start": 1569675659916,
    "end": 1569675659916,
    "duration": 0,
    "pid": 36735,
    "index": 46
  },
  {
    "name": "Load app.js",
    "start": 1569675659917,
    "end": 1569675659931,
    "duration": 14,
    "pid": 36735,
    "index": 47
  },
  {
    "name": "Require(39) node_modules/_egg-session@3.1.0@egg-session/app.js",
    "start": 1569675659917,
    "end": 1569675659917,
    "duration": 0,
    "pid": 36735,
    "index": 48
  },
  {
    "name": "Require(40) node_modules/_egg-security@2.6.1@egg-security/app.js",
    "start": 1569675659917,
    "end": 1569675659918,
    "duration": 1,
    "pid": 36735,
    "index": 49
  },
  {
    "name": "Require(41) node_modules/_egg-onerror@2.1.0@egg-onerror/app.js",
    "start": 1569675659918,
    "end": 1569675659922,
    "duration": 4,
    "pid": 36735,
    "index": 50
  },
  {
    "name": "Require(42) node_modules/_egg-i18n@2.1.1@egg-i18n/app.js",
    "start": 1569675659922,
    "end": 1569675659925,
    "duration": 3,
    "pid": 36735,
    "index": 51
  },
  {
    "name": "Require(43) node_modules/_egg-watcher@3.1.0@egg-watcher/app.js",
    "start": 1569675659925,
    "end": 1569675659926,
    "duration": 1,
    "pid": 36735,
    "index": 52
  },
  {
    "name": "Require(44) node_modules/_egg-schedule@3.6.4@egg-schedule/app.js",
    "start": 1569675659926,
    "end": 1569675659927,
    "duration": 1,
    "pid": 36735,
    "index": 53
  },
  {
    "name": "Require(45) node_modules/_egg-multipart@2.9.0@egg-multipart/app.js",
    "start": 1569675659927,
    "end": 1569675659928,
    "duration": 1,
    "pid": 36735,
    "index": 54
  },
  {
    "name": "Require(46) node_modules/_egg-development@2.4.3@egg-development/app.js",
    "start": 1569675659929,
    "end": 1569675659929,
    "duration": 0,
    "pid": 36735,
    "index": 55
  },
  {
    "name": "Require(47) node_modules/_egg-logrotator@3.1.0@egg-logrotator/app.js",
    "start": 1569675659929,
    "end": 1569675659929,
    "duration": 0,
    "pid": 36735,
    "index": 56
  },
  {
    "name": "Require(48) node_modules/_egg-static@2.2.0@egg-static/app.js",
    "start": 1569675659929,
    "end": 1569675659929,
    "duration": 0,
    "pid": 36735,
    "index": 57
  },
  {
    "name": "Require(49) node_modules/_egg-mongoose@3.2.0@egg-mongoose/app.js",
    "start": 1569675659930,
    "end": 1569675659930,
    "duration": 0,
    "pid": 36735,
    "index": 58
  },
  {
    "name": "Require(50) node_modules/_egg-jwt@3.1.6@egg-jwt/app.js",
    "start": 1569675659930,
    "end": 1569675659930,
    "duration": 0,
    "pid": 36735,
    "index": 59
  },
  {
    "name": "Require(51) node_modules/_egg-router-group@1.1.0@egg-router-group/app.js",
    "start": 1569675659930,
    "end": 1569675659931,
    "duration": 1,
    "pid": 36735,
    "index": 60
  },
  {
    "name": "Before Start in node_modules/_egg-watcher@3.1.0@egg-watcher/lib/init.js:15:14",
    "start": 1569675659942,
    "end": 1569675660311,
    "duration": 369,
    "pid": 36735,
    "index": 61
  },
  {
    "name": "Before Start in node_modules/_egg-mongoose@3.2.0@egg-mongoose/lib/mongoose.js:91:7",
    "start": 1569675660180,
    "end": 1569675660308,
    "duration": 128,
    "pid": 36735,
    "index": 62
  },
  {
    "name": "Before Start in node_modules/_egg-mongoose@3.2.0@egg-mongoose/lib/mongoose.js:49:9",
    "start": 1569675660180,
    "end": 1569675660287,
    "duration": 107,
    "pid": 36735,
    "index": 63
  },
  {
    "name": "Before Start in node_modules/_egg-core@4.17.3@egg-core/lib/egg.js:303:10",
    "start": 1569675660181,
    "end": 1569675660287,
    "duration": 106,
    "pid": 36735,
    "index": 64
  },
  {
    "name": "Load Service",
    "start": 1569675660181,
    "end": 1569675660211,
    "duration": 30,
    "pid": 36735,
    "index": 65
  },
  {
    "name": "Load \"service\" to Context",
    "start": 1569675660181,
    "end": 1569675660211,
    "duration": 30,
    "pid": 36735,
    "index": 66
  },
  {
    "name": "Load Middleware",
    "start": 1569675660211,
    "end": 1569675660253,
    "duration": 42,
    "pid": 36735,
    "index": 67
  },
  {
    "name": "Load \"middlewares\" to Application",
    "start": 1569675660211,
    "end": 1569675660247,
    "duration": 36,
    "pid": 36735,
    "index": 68
  },
  {
    "name": "Load Controller",
    "start": 1569675660253,
    "end": 1569675660260,
    "duration": 7,
    "pid": 36735,
    "index": 69
  },
  {
    "name": "Load \"controller\" to Application",
    "start": 1569675660253,
    "end": 1569675660260,
    "duration": 7,
    "pid": 36735,
    "index": 70
  },
  {
    "name": "Load Router",
    "start": 1569675660261,
    "end": 1569675660263,
    "duration": 2,
    "pid": 36735,
    "index": 71
  },
  {
    "name": "Require(52) app/router.js",
    "start": 1569675660261,
    "end": 1569675660261,
    "duration": 0,
    "pid": 36735,
    "index": 72
  },
  {
    "name": "Load \"model\" to Application",
    "start": 1569675660272,
    "end": 1569675660286,
    "duration": 14,
    "pid": 36735,
    "index": 73
  }
]