[
  {
    "name": "Application Start",
    "start": 1569680289607,
    "end": 1569680290130,
    "duration": 523,
    "pid": 38509,
    "index": 0
  },
  {
    "name": "Load Plugin",
    "start": 1569680289611,
    "end": 1569680289618,
    "duration": 7,
    "pid": 38509,
    "index": 1
  },
  {
    "name": "Load Config",
    "start": 1569680289618,
    "end": 1569680289633,
    "duration": 15,
    "pid": 38509,
    "index": 2
  },
  {
    "name": "Require(0) config/config.default.js",
    "start": 1569680289619,
    "end": 1569680289619,
    "duration": 0,
    "pid": 38509,
    "index": 3
  },
  {
    "name": "Require(1) node_modules/_egg-session@3.1.0@egg-session/config/config.default.js",
    "start": 1569680289620,
    "end": 1569680289620,
    "duration": 0,
    "pid": 38509,
    "index": 4
  },
  {
    "name": "Require(2) node_modules/_egg-security@2.6.1@egg-security/config/config.default.js",
    "start": 1569680289621,
    "end": 1569680289623,
    "duration": 2,
    "pid": 38509,
    "index": 5
  },
  {
    "name": "Require(3) node_modules/_egg-jsonp@2.0.0@egg-jsonp/config/config.default.js",
    "start": 1569680289623,
    "end": 1569680289624,
    "duration": 1,
    "pid": 38509,
    "index": 6
  },
  {
    "name": "Require(4) node_modules/_egg-onerror@2.1.0@egg-onerror/config/config.default.js",
    "start": 1569680289624,
    "end": 1569680289624,
    "duration": 0,
    "pid": 38509,
    "index": 7
  },
  {
    "name": "Require(5) node_modules/_egg-i18n@2.1.1@egg-i18n/config/config.default.js",
    "start": 1569680289624,
    "end": 1569680289624,
    "duration": 0,
    "pid": 38509,
    "index": 8
  },
  {
    "name": "Require(6) node_modules/_egg-watcher@3.1.0@egg-watcher/config/config.default.js",
    "start": 1569680289625,
    "end": 1569680289625,
    "duration": 0,
    "pid": 38509,
    "index": 9
  },
  {
    "name": "Require(7) node_modules/_egg-schedule@3.6.4@egg-schedule/config/config.default.js",
    "start": 1569680289625,
    "end": 1569680289625,
    "duration": 0,
    "pid": 38509,
    "index": 10
  },
  {
    "name": "Require(8) node_modules/_egg-multipart@2.9.0@egg-multipart/config/config.default.js",
    "start": 1569680289625,
    "end": 1569680289625,
    "duration": 0,
    "pid": 38509,
    "index": 11
  },
  {
    "name": "Require(9) node_modules/_egg-development@2.4.3@egg-development/config/config.default.js",
    "start": 1569680289626,
    "end": 1569680289626,
    "duration": 0,
    "pid": 38509,
    "index": 12
  },
  {
    "name": "Require(10) node_modules/_egg-logrotator@3.1.0@egg-logrotator/config/config.default.js",
    "start": 1569680289626,
    "end": 1569680289626,
    "duration": 0,
    "pid": 38509,
    "index": 13
  },
  {
    "name": "Require(11) node_modules/_egg-static@2.2.0@egg-static/config/config.default.js",
    "start": 1569680289626,
    "end": 1569680289627,
    "duration": 1,
    "pid": 38509,
    "index": 14
  },
  {
    "name": "Require(12) node_modules/_egg-view@2.1.2@egg-view/config/config.default.js",
    "start": 1569680289627,
    "end": 1569680289627,
    "duration": 0,
    "pid": 38509,
    "index": 15
  },
  {
    "name": "Require(13) node_modules/_egg-mongoose@3.2.0@egg-mongoose/config/config.default.js",
    "start": 1569680289627,
    "end": 1569680289627,
    "duration": 0,
    "pid": 38509,
    "index": 16
  },
  {
    "name": "Require(14) node_modules/_egg-jwt@3.1.6@egg-jwt/config/config.default.js",
    "start": 1569680289627,
    "end": 1569680289628,
    "duration": 1,
    "pid": 38509,
    "index": 17
  },
  {
    "name": "Require(15) node_modules/_egg-router-group@1.1.0@egg-router-group/config/config.default.js",
    "start": 1569680289628,
    "end": 1569680289628,
    "duration": 0,
    "pid": 38509,
    "index": 18
  },
  {
    "name": "Require(16) node_modules/_egg@2.23.0@egg/config/config.default.js",
    "start": 1569680289628,
    "end": 1569680289628,
    "duration": 0,
    "pid": 38509,
    "index": 19
  },
  {
    "name": "Require(17) config/config.default.js",
    "start": 1569680289630,
    "end": 1569680289630,
    "duration": 0,
    "pid": 38509,
    "index": 20
  },
  {
    "name": "Require(18) node_modules/_egg-security@2.6.1@egg-security/config/config.local.js",
    "start": 1569680289630,
    "end": 1569680289631,
    "duration": 1,
    "pid": 38509,
    "index": 21
  },
  {
    "name": "Require(19) node_modules/_egg-watcher@3.1.0@egg-watcher/config/config.local.js",
    "start": 1569680289631,
    "end": 1569680289632,
    "duration": 1,
    "pid": 38509,
    "index": 22
  },
  {
    "name": "Require(20) node_modules/_egg-view@2.1.2@egg-view/config/config.local.js",
    "start": 1569680289632,
    "end": 1569680289632,
    "duration": 0,
    "pid": 38509,
    "index": 23
  },
  {
    "name": "Require(21) node_modules/_egg@2.23.0@egg/config/config.local.js",
    "start": 1569680289632,
    "end": 1569680289633,
    "duration": 1,
    "pid": 38509,
    "index": 24
  },
  {
    "name": "Load extend/application.js",
    "start": 1569680289634,
    "end": 1569680289669,
    "duration": 35,
    "pid": 38509,
    "index": 25
  },
  {
    "name": "Require(22) node_modules/_egg-session@3.1.0@egg-session/app/extend/application.js",
    "start": 1569680289634,
    "end": 1569680289635,
    "duration": 1,
    "pid": 38509,
    "index": 26
  },
  {
    "name": "Require(23) node_modules/_egg-security@2.6.1@egg-security/app/extend/application.js",
    "start": 1569680289635,
    "end": 1569680289635,
    "duration": 0,
    "pid": 38509,
    "index": 27
  },
  {
    "name": "Require(24) node_modules/_egg-jsonp@2.0.0@egg-jsonp/app/extend/application.js",
    "start": 1569680289635,
    "end": 1569680289636,
    "duration": 1,
    "pid": 38509,
    "index": 28
  },
  {
    "name": "Require(25) node_modules/_egg-logrotator@3.1.0@egg-logrotator/app/extend/application.js",
    "start": 1569680289637,
    "end": 1569680289637,
    "duration": 0,
    "pid": 38509,
    "index": 29
  },
  {
    "name": "Require(26) node_modules/_egg-view@2.1.2@egg-view/app/extend/application.js",
    "start": 1569680289638,
    "end": 1569680289638,
    "duration": 0,
    "pid": 38509,
    "index": 30
  },
  {
    "name": "Require(27) node_modules/_egg-jwt@3.1.6@egg-jwt/app/extend/application.js",
    "start": 1569680289638,
    "end": 1569680289669,
    "duration": 31,
    "pid": 38509,
    "index": 31
  },
  {
    "name": "Load extend/request.js",
    "start": 1569680289669,
    "end": 1569680289671,
    "duration": 2,
    "pid": 38509,
    "index": 32
  },
  {
    "name": "Require(28) node_modules/_egg@2.23.0@egg/app/extend/request.js",
    "start": 1569680289670,
    "end": 1569680289671,
    "duration": 1,
    "pid": 38509,
    "index": 33
  },
  {
    "name": "Load extend/response.js",
    "start": 1569680289672,
    "end": 1569680289674,
    "duration": 2,
    "pid": 38509,
    "index": 34
  },
  {
    "name": "Require(29) node_modules/_egg@2.23.0@egg/app/extend/response.js",
    "start": 1569680289672,
    "end": 1569680289673,
    "duration": 1,
    "pid": 38509,
    "index": 35
  },
  {
    "name": "Load extend/context.js",
    "start": 1569680289674,
    "end": 1569680289721,
    "duration": 47,
    "pid": 38509,
    "index": 36
  },
  {
    "name": "Require(30) node_modules/_egg-security@2.6.1@egg-security/app/extend/context.js",
    "start": 1569680289674,
    "end": 1569680289679,
    "duration": 5,
    "pid": 38509,
    "index": 37
  },
  {
    "name": "Require(31) node_modules/_egg-jsonp@2.0.0@egg-jsonp/app/extend/context.js",
    "start": 1569680289679,
    "end": 1569680289680,
    "duration": 1,
    "pid": 38509,
    "index": 38
  },
  {
    "name": "Require(32) node_modules/_egg-i18n@2.1.1@egg-i18n/app/extend/context.js",
    "start": 1569680289680,
    "end": 1569680289680,
    "duration": 0,
    "pid": 38509,
    "index": 39
  },
  {
    "name": "Require(33) node_modules/_egg-multipart@2.9.0@egg-multipart/app/extend/context.js",
    "start": 1569680289681,
    "end": 1569680289718,
    "duration": 37,
    "pid": 38509,
    "index": 40
  },
  {
    "name": "Require(34) node_modules/_egg-view@2.1.2@egg-view/app/extend/context.js",
    "start": 1569680289718,
    "end": 1569680289719,
    "duration": 1,
    "pid": 38509,
    "index": 41
  },
  {
    "name": "Require(35) node_modules/_egg-mongoose@3.2.0@egg-mongoose/app/extend/context.js",
    "start": 1569680289719,
    "end": 1569680289720,
    "duration": 1,
    "pid": 38509,
    "index": 42
  },
  {
    "name": "Require(36) node_modules/_egg@2.23.0@egg/app/extend/context.js",
    "start": 1569680289720,
    "end": 1569680289720,
    "duration": 0,
    "pid": 38509,
    "index": 43
  },
  {
    "name": "Load extend/helper.js",
    "start": 1569680289721,
    "end": 1569680289731,
    "duration": 10,
    "pid": 38509,
    "index": 44
  },
  {
    "name": "Require(37) node_modules/_egg-security@2.6.1@egg-security/app/extend/helper.js",
    "start": 1569680289721,
    "end": 1569680289729,
    "duration": 8,
    "pid": 38509,
    "index": 45
  },
  {
    "name": "Require(38) node_modules/_egg@2.23.0@egg/app/extend/helper.js",
    "start": 1569680289730,
    "end": 1569680289730,
    "duration": 0,
    "pid": 38509,
    "index": 46
  },
  {
    "name": "Load app.js",
    "start": 1569680289731,
    "end": 1569680289746,
    "duration": 15,
    "pid": 38509,
    "index": 47
  },
  {
    "name": "Require(39) node_modules/_egg-session@3.1.0@egg-session/app.js",
    "start": 1569680289731,
    "end": 1569680289731,
    "duration": 0,
    "pid": 38509,
    "index": 48
  },
  {
    "name": "Require(40) node_modules/_egg-security@2.6.1@egg-security/app.js",
    "start": 1569680289731,
    "end": 1569680289732,
    "duration": 1,
    "pid": 38509,
    "index": 49
  },
  {
    "name": "Require(41) node_modules/_egg-onerror@2.1.0@egg-onerror/app.js",
    "start": 1569680289732,
    "end": 1569680289737,
    "duration": 5,
    "pid": 38509,
    "index": 50
  },
  {
    "name": "Require(42) node_modules/_egg-i18n@2.1.1@egg-i18n/app.js",
    "start": 1569680289737,
    "end": 1569680289740,
    "duration": 3,
    "pid": 38509,
    "index": 51
  },
  {
    "name": "Require(43) node_modules/_egg-watcher@3.1.0@egg-watcher/app.js",
    "start": 1569680289740,
    "end": 1569680289741,
    "duration": 1,
    "pid": 38509,
    "index": 52
  },
  {
    "name": "Require(44) node_modules/_egg-schedule@3.6.4@egg-schedule/app.js",
    "start": 1569680289742,
    "end": 1569680289742,
    "duration": 0,
    "pid": 38509,
    "index": 53
  },
  {
    "name": "Require(45) node_modules/_egg-multipart@2.9.0@egg-multipart/app.js",
    "start": 1569680289742,
    "end": 1569680289743,
    "duration": 1,
    "pid": 38509,
    "index": 54
  },
  {
    "name": "Require(46) node_modules/_egg-development@2.4.3@egg-development/app.js",
    "start": 1569680289743,
    "end": 1569680289744,
    "duration": 1,
    "pid": 38509,
    "index": 55
  },
  {
    "name": "Require(47) node_modules/_egg-logrotator@3.1.0@egg-logrotator/app.js",
    "start": 1569680289744,
    "end": 1569680289744,
    "duration": 0,
    "pid": 38509,
    "index": 56
  },
  {
    "name": "Require(48) node_modules/_egg-static@2.2.0@egg-static/app.js",
    "start": 1569680289744,
    "end": 1569680289744,
    "duration": 0,
    "pid": 38509,
    "index": 57
  },
  {
    "name": "Require(49) node_modules/_egg-mongoose@3.2.0@egg-mongoose/app.js",
    "start": 1569680289744,
    "end": 1569680289744,
    "duration": 0,
    "pid": 38509,
    "index": 58
  },
  {
    "name": "Require(50) node_modules/_egg-jwt@3.1.6@egg-jwt/app.js",
    "start": 1569680289744,
    "end": 1569680289744,
    "duration": 0,
    "pid": 38509,
    "index": 59
  },
  {
    "name": "Require(51) node_modules/_egg-router-group@1.1.0@egg-router-group/app.js",
    "start": 1569680289744,
    "end": 1569680289745,
    "duration": 1,
    "pid": 38509,
    "index": 60
  },
  {
    "name": "Before Start in node_modules/_egg-watcher@3.1.0@egg-watcher/lib/init.js:15:14",
    "start": 1569680289755,
    "end": 1569680290129,
    "duration": 374,
    "pid": 38509,
    "index": 61
  },
  {
    "name": "Before Start in node_modules/_egg-mongoose@3.2.0@egg-mongoose/lib/mongoose.js:91:7",
    "start": 1569680289987,
    "end": 1569680290126,
    "duration": 139,
    "pid": 38509,
    "index": 62
  },
  {
    "name": "Before Start in node_modules/_egg-mongoose@3.2.0@egg-mongoose/lib/mongoose.js:49:9",
    "start": 1569680289988,
    "end": 1569680290104,
    "duration": 116,
    "pid": 38509,
    "index": 63
  },
  {
    "name": "Before Start in node_modules/_egg-core@4.17.3@egg-core/lib/egg.js:303:10",
    "start": 1569680289988,
    "end": 1569680290104,
    "duration": 116,
    "pid": 38509,
    "index": 64
  },
  {
    "name": "Load Service",
    "start": 1569680289988,
    "end": 1569680290023,
    "duration": 35,
    "pid": 38509,
    "index": 65
  },
  {
    "name": "Load \"service\" to Context",
    "start": 1569680289988,
    "end": 1569680290023,
    "duration": 35,
    "pid": 38509,
    "index": 66
  },
  {
    "name": "Load Middleware",
    "start": 1569680290023,
    "end": 1569680290067,
    "duration": 44,
    "pid": 38509,
    "index": 67
  },
  {
    "name": "Load \"middlewares\" to Application",
    "start": 1569680290024,
    "end": 1569680290061,
    "duration": 37,
    "pid": 38509,
    "index": 68
  },
  {
    "name": "Load Controller",
    "start": 1569680290067,
    "end": 1569680290075,
    "duration": 8,
    "pid": 38509,
    "index": 69
  },
  {
    "name": "Load \"controller\" to Application",
    "start": 1569680290067,
    "end": 1569680290075,
    "duration": 8,
    "pid": 38509,
    "index": 70
  },
  {
    "name": "Load Router",
    "start": 1569680290075,
    "end": 1569680290078,
    "duration": 3,
    "pid": 38509,
    "index": 71
  },
  {
    "name": "Require(52) app/router.js",
    "start": 1569680290075,
    "end": 1569680290075,
    "duration": 0,
    "pid": 38509,
    "index": 72
  },
  {
    "name": "Load \"model\" to Application",
    "start": 1569680290087,
    "end": 1569680290103,
    "duration": 16,
    "pid": 38509,
    "index": 73
  }
]