[
  {
    "name": "Application Start",
    "start": 1569679806563,
    "end": 1569679807082,
    "duration": 519,
    "pid": 38254,
    "index": 0
  },
  {
    "name": "Load Plugin",
    "start": 1569679806567,
    "end": 1569679806575,
    "duration": 8,
    "pid": 38254,
    "index": 1
  },
  {
    "name": "Load Config",
    "start": 1569679806576,
    "end": 1569679806590,
    "duration": 14,
    "pid": 38254,
    "index": 2
  },
  {
    "name": "Require(0) config/config.default.js",
    "start": 1569679806576,
    "end": 1569679806577,
    "duration": 1,
    "pid": 38254,
    "index": 3
  },
  {
    "name": "Require(1) node_modules/_egg-session@3.1.0@egg-session/config/config.default.js",
    "start": 1569679806578,
    "end": 1569679806578,
    "duration": 0,
    "pid": 38254,
    "index": 4
  },
  {
    "name": "Require(2) node_modules/_egg-security@2.6.1@egg-security/config/config.default.js",
    "start": 1569679806578,
    "end": 1569679806580,
    "duration": 2,
    "pid": 38254,
    "index": 5
  },
  {
    "name": "Require(3) node_modules/_egg-jsonp@2.0.0@egg-jsonp/config/config.default.js",
    "start": 1569679806581,
    "end": 1569679806581,
    "duration": 0,
    "pid": 38254,
    "index": 6
  },
  {
    "name": "Require(4) node_modules/_egg-onerror@2.1.0@egg-onerror/config/config.default.js",
    "start": 1569679806581,
    "end": 1569679806581,
    "duration": 0,
    "pid": 38254,
    "index": 7
  },
  {
    "name": "Require(5) node_modules/_egg-i18n@2.1.1@egg-i18n/config/config.default.js",
    "start": 1569679806582,
    "end": 1569679806582,
    "duration": 0,
    "pid": 38254,
    "index": 8
  },
  {
    "name": "Require(6) node_modules/_egg-watcher@3.1.0@egg-watcher/config/config.default.js",
    "start": 1569679806582,
    "end": 1569679806582,
    "duration": 0,
    "pid": 38254,
    "index": 9
  },
  {
    "name": "Require(7) node_modules/_egg-schedule@3.6.4@egg-schedule/config/config.default.js",
    "start": 1569679806582,
    "end": 1569679806583,
    "duration": 1,
    "pid": 38254,
    "index": 10
  },
  {
    "name": "Require(8) node_modules/_egg-multipart@2.9.0@egg-multipart/config/config.default.js",
    "start": 1569679806583,
    "end": 1569679806583,
    "duration": 0,
    "pid": 38254,
    "index": 11
  },
  {
    "name": "Require(9) node_modules/_egg-development@2.4.3@egg-development/config/config.default.js",
    "start": 1569679806583,
    "end": 1569679806584,
    "duration": 1,
    "pid": 38254,
    "index": 12
  },
  {
    "name": "Require(10) node_modules/_egg-logrotator@3.1.0@egg-logrotator/config/config.default.js",
    "start": 1569679806584,
    "end": 1569679806584,
    "duration": 0,
    "pid": 38254,
    "index": 13
  },
  {
    "name": "Require(11) node_modules/_egg-static@2.2.0@egg-static/config/config.default.js",
    "start": 1569679806584,
    "end": 1569679806584,
    "duration": 0,
    "pid": 38254,
    "index": 14
  },
  {
    "name": "Require(12) node_modules/_egg-view@2.1.2@egg-view/config/config.default.js",
    "start": 1569679806585,
    "end": 1569679806585,
    "duration": 0,
    "pid": 38254,
    "index": 15
  },
  {
    "name": "Require(13) node_modules/_egg-mongoose@3.2.0@egg-mongoose/config/config.default.js",
    "start": 1569679806585,
    "end": 1569679806585,
    "duration": 0,
    "pid": 38254,
    "index": 16
  },
  {
    "name": "Require(14) node_modules/_egg-jwt@3.1.6@egg-jwt/config/config.default.js",
    "start": 1569679806586,
    "end": 1569679806586,
    "duration": 0,
    "pid": 38254,
    "index": 17
  },
  {
    "name": "Require(15) node_modules/_egg-router-group@1.1.0@egg-router-group/config/config.default.js",
    "start": 1569679806586,
    "end": 1569679806586,
    "duration": 0,
    "pid": 38254,
    "index": 18
  },
  {
    "name": "Require(16) node_modules/_egg@2.23.0@egg/config/config.default.js",
    "start": 1569679806586,
    "end": 1569679806587,
    "duration": 1,
    "pid": 38254,
    "index": 19
  },
  {
    "name": "Require(17) config/config.default.js",
    "start": 1569679806588,
    "end": 1569679806588,
    "duration": 0,
    "pid": 38254,
    "index": 20
  },
  {
    "name": "Require(18) node_modules/_egg-security@2.6.1@egg-security/config/config.local.js",
    "start": 1569679806588,
    "end": 1569679806589,
    "duration": 1,
    "pid": 38254,
    "index": 21
  },
  {
    "name": "Require(19) node_modules/_egg-watcher@3.1.0@egg-watcher/config/config.local.js",
    "start": 1569679806589,
    "end": 1569679806589,
    "duration": 0,
    "pid": 38254,
    "index": 22
  },
  {
    "name": "Require(20) node_modules/_egg-view@2.1.2@egg-view/config/config.local.js",
    "start": 1569679806589,
    "end": 1569679806589,
    "duration": 0,
    "pid": 38254,
    "index": 23
  },
  {
    "name": "Require(21) node_modules/_egg@2.23.0@egg/config/config.local.js",
    "start": 1569679806590,
    "end": 1569679806590,
    "duration": 0,
    "pid": 38254,
    "index": 24
  },
  {
    "name": "Load extend/application.js",
    "start": 1569679806591,
    "end": 1569679806621,
    "duration": 30,
    "pid": 38254,
    "index": 25
  },
  {
    "name": "Require(22) node_modules/_egg-session@3.1.0@egg-session/app/extend/application.js",
    "start": 1569679806592,
    "end": 1569679806592,
    "duration": 0,
    "pid": 38254,
    "index": 26
  },
  {
    "name": "Require(23) node_modules/_egg-security@2.6.1@egg-security/app/extend/application.js",
    "start": 1569679806592,
    "end": 1569679806593,
    "duration": 1,
    "pid": 38254,
    "index": 27
  },
  {
    "name": "Require(24) node_modules/_egg-jsonp@2.0.0@egg-jsonp/app/extend/application.js",
    "start": 1569679806593,
    "end": 1569679806594,
    "duration": 1,
    "pid": 38254,
    "index": 28
  },
  {
    "name": "Require(25) node_modules/_egg-logrotator@3.1.0@egg-logrotator/app/extend/application.js",
    "start": 1569679806594,
    "end": 1569679806595,
    "duration": 1,
    "pid": 38254,
    "index": 29
  },
  {
    "name": "Require(26) node_modules/_egg-view@2.1.2@egg-view/app/extend/application.js",
    "start": 1569679806595,
    "end": 1569679806595,
    "duration": 0,
    "pid": 38254,
    "index": 30
  },
  {
    "name": "Require(27) node_modules/_egg-jwt@3.1.6@egg-jwt/app/extend/application.js",
    "start": 1569679806596,
    "end": 1569679806621,
    "duration": 25,
    "pid": 38254,
    "index": 31
  },
  {
    "name": "Load extend/request.js",
    "start": 1569679806621,
    "end": 1569679806623,
    "duration": 2,
    "pid": 38254,
    "index": 32
  },
  {
    "name": "Require(28) node_modules/_egg@2.23.0@egg/app/extend/request.js",
    "start": 1569679806622,
    "end": 1569679806623,
    "duration": 1,
    "pid": 38254,
    "index": 33
  },
  {
    "name": "Load extend/response.js",
    "start": 1569679806623,
    "end": 1569679806625,
    "duration": 2,
    "pid": 38254,
    "index": 34
  },
  {
    "name": "Require(29) node_modules/_egg@2.23.0@egg/app/extend/response.js",
    "start": 1569679806624,
    "end": 1569679806625,
    "duration": 1,
    "pid": 38254,
    "index": 35
  },
  {
    "name": "Load extend/context.js",
    "start": 1569679806625,
    "end": 1569679806670,
    "duration": 45,
    "pid": 38254,
    "index": 36
  },
  {
    "name": "Require(30) node_modules/_egg-security@2.6.1@egg-security/app/extend/context.js",
    "start": 1569679806625,
    "end": 1569679806630,
    "duration": 5,
    "pid": 38254,
    "index": 37
  },
  {
    "name": "Require(31) node_modules/_egg-jsonp@2.0.0@egg-jsonp/app/extend/context.js",
    "start": 1569679806631,
    "end": 1569679806632,
    "duration": 1,
    "pid": 38254,
    "index": 38
  },
  {
    "name": "Require(32) node_modules/_egg-i18n@2.1.1@egg-i18n/app/extend/context.js",
    "start": 1569679806632,
    "end": 1569679806632,
    "duration": 0,
    "pid": 38254,
    "index": 39
  },
  {
    "name": "Require(33) node_modules/_egg-multipart@2.9.0@egg-multipart/app/extend/context.js",
    "start": 1569679806632,
    "end": 1569679806666,
    "duration": 34,
    "pid": 38254,
    "index": 40
  },
  {
    "name": "Require(34) node_modules/_egg-view@2.1.2@egg-view/app/extend/context.js",
    "start": 1569679806667,
    "end": 1569679806668,
    "duration": 1,
    "pid": 38254,
    "index": 41
  },
  {
    "name": "Require(35) node_modules/_egg-mongoose@3.2.0@egg-mongoose/app/extend/context.js",
    "start": 1569679806668,
    "end": 1569679806668,
    "duration": 0,
    "pid": 38254,
    "index": 42
  },
  {
    "name": "Require(36) node_modules/_egg@2.23.0@egg/app/extend/context.js",
    "start": 1569679806669,
    "end": 1569679806669,
    "duration": 0,
    "pid": 38254,
    "index": 43
  },
  {
    "name": "Load extend/helper.js",
    "start": 1569679806670,
    "end": 1569679806679,
    "duration": 9,
    "pid": 38254,
    "index": 44
  },
  {
    "name": "Require(37) node_modules/_egg-security@2.6.1@egg-security/app/extend/helper.js",
    "start": 1569679806670,
    "end": 1569679806678,
    "duration": 8,
    "pid": 38254,
    "index": 45
  },
  {
    "name": "Require(38) node_modules/_egg@2.23.0@egg/app/extend/helper.js",
    "start": 1569679806679,
    "end": 1569679806679,
    "duration": 0,
    "pid": 38254,
    "index": 46
  },
  {
    "name": "Load app.js",
    "start": 1569679806680,
    "end": 1569679806696,
    "duration": 16,
    "pid": 38254,
    "index": 47
  },
  {
    "name": "Require(39) node_modules/_egg-session@3.1.0@egg-session/app.js",
    "start": 1569679806680,
    "end": 1569679806680,
    "duration": 0,
    "pid": 38254,
    "index": 48
  },
  {
    "name": "Require(40) node_modules/_egg-security@2.6.1@egg-security/app.js",
    "start": 1569679806680,
    "end": 1569679806681,
    "duration": 1,
    "pid": 38254,
    "index": 49
  },
  {
    "name": "Require(41) node_modules/_egg-onerror@2.1.0@egg-onerror/app.js",
    "start": 1569679806681,
    "end": 1569679806686,
    "duration": 5,
    "pid": 38254,
    "index": 50
  },
  {
    "name": "Require(42) node_modules/_egg-i18n@2.1.1@egg-i18n/app.js",
    "start": 1569679806686,
    "end": 1569679806690,
    "duration": 4,
    "pid": 38254,
    "index": 51
  },
  {
    "name": "Require(43) node_modules/_egg-watcher@3.1.0@egg-watcher/app.js",
    "start": 1569679806690,
    "end": 1569679806691,
    "duration": 1,
    "pid": 38254,
    "index": 52
  },
  {
    "name": "Require(44) node_modules/_egg-schedule@3.6.4@egg-schedule/app.js",
    "start": 1569679806691,
    "end": 1569679806692,
    "duration": 1,
    "pid": 38254,
    "index": 53
  },
  {
    "name": "Require(45) node_modules/_egg-multipart@2.9.0@egg-multipart/app.js",
    "start": 1569679806692,
    "end": 1569679806693,
    "duration": 1,
    "pid": 38254,
    "index": 54
  },
  {
    "name": "Require(46) node_modules/_egg-development@2.4.3@egg-development/app.js",
    "start": 1569679806693,
    "end": 1569679806693,
    "duration": 0,
    "pid": 38254,
    "index": 55
  },
  {
    "name": "Require(47) node_modules/_egg-logrotator@3.1.0@egg-logrotator/app.js",
    "start": 1569679806693,
    "end": 1569679806694,
    "duration": 1,
    "pid": 38254,
    "index": 56
  },
  {
    "name": "Require(48) node_modules/_egg-static@2.2.0@egg-static/app.js",
    "start": 1569679806694,
    "end": 1569679806694,
    "duration": 0,
    "pid": 38254,
    "index": 57
  },
  {
    "name": "Require(49) node_modules/_egg-mongoose@3.2.0@egg-mongoose/app.js",
    "start": 1569679806694,
    "end": 1569679806694,
    "duration": 0,
    "pid": 38254,
    "index": 58
  },
  {
    "name": "Require(50) node_modules/_egg-jwt@3.1.6@egg-jwt/app.js",
    "start": 1569679806694,
    "end": 1569679806694,
    "duration": 0,
    "pid": 38254,
    "index": 59
  },
  {
    "name": "Require(51) node_modules/_egg-router-group@1.1.0@egg-router-group/app.js",
    "start": 1569679806694,
    "end": 1569679806695,
    "duration": 1,
    "pid": 38254,
    "index": 60
  },
  {
    "name": "Before Start in node_modules/_egg-watcher@3.1.0@egg-watcher/lib/init.js:15:14",
    "start": 1569679806707,
    "end": 1569679807077,
    "duration": 370,
    "pid": 38254,
    "index": 61
  },
  {
    "name": "Before Start in node_modules/_egg-mongoose@3.2.0@egg-mongoose/lib/mongoose.js:91:7",
    "start": 1569679806947,
    "end": 1569679807074,
    "duration": 127,
    "pid": 38254,
    "index": 62
  },
  {
    "name": "Before Start in node_modules/_egg-mongoose@3.2.0@egg-mongoose/lib/mongoose.js:49:9",
    "start": 1569679806948,
    "end": 1569679807053,
    "duration": 105,
    "pid": 38254,
    "index": 63
  },
  {
    "name": "Before Start in node_modules/_egg-core@4.17.3@egg-core/lib/egg.js:303:10",
    "start": 1569679806948,
    "end": 1569679807054,
    "duration": 106,
    "pid": 38254,
    "index": 64
  },
  {
    "name": "Load Service",
    "start": 1569679806948,
    "end": 1569679806978,
    "duration": 30,
    "pid": 38254,
    "index": 65
  },
  {
    "name": "Load \"service\" to Context",
    "start": 1569679806948,
    "end": 1569679806978,
    "duration": 30,
    "pid": 38254,
    "index": 66
  },
  {
    "name": "Load Middleware",
    "start": 1569679806979,
    "end": 1569679807018,
    "duration": 39,
    "pid": 38254,
    "index": 67
  },
  {
    "name": "Load \"middlewares\" to Application",
    "start": 1569679806979,
    "end": 1569679807012,
    "duration": 33,
    "pid": 38254,
    "index": 68
  },
  {
    "name": "Load Controller",
    "start": 1569679807018,
    "end": 1569679807025,
    "duration": 7,
    "pid": 38254,
    "index": 69
  },
  {
    "name": "Load \"controller\" to Application",
    "start": 1569679807018,
    "end": 1569679807025,
    "duration": 7,
    "pid": 38254,
    "index": 70
  },
  {
    "name": "Load Router",
    "start": 1569679807025,
    "end": 1569679807028,
    "duration": 3,
    "pid": 38254,
    "index": 71
  },
  {
    "name": "Require(52) app/router.js",
    "start": 1569679807026,
    "end": 1569679807026,
    "duration": 0,
    "pid": 38254,
    "index": 72
  },
  {
    "name": "Load \"model\" to Application",
    "start": 1569679807039,
    "end": 1569679807053,
    "duration": 14,
    "pid": 38254,
    "index": 73
  }
]