[
  {
    "name": "Application Start",
    "start": 1569675662272,
    "end": 1569675662785,
    "duration": 513,
    "pid": 36736,
    "index": 0
  },
  {
    "name": "Load Plugin",
    "start": 1569675662276,
    "end": 1569675662284,
    "duration": 8,
    "pid": 36736,
    "index": 1
  },
  {
    "name": "Load Config",
    "start": 1569675662284,
    "end": 1569675662298,
    "duration": 14,
    "pid": 36736,
    "index": 2
  },
  {
    "name": "Require(0) config/config.default.js",
    "start": 1569675662285,
    "end": 1569675662285,
    "duration": 0,
    "pid": 36736,
    "index": 3
  },
  {
    "name": "Require(1) node_modules/_egg-session@3.1.0@egg-session/config/config.default.js",
    "start": 1569675662286,
    "end": 1569675662287,
    "duration": 1,
    "pid": 36736,
    "index": 4
  },
  {
    "name": "Require(2) node_modules/_egg-security@2.6.1@egg-security/config/config.default.js",
    "start": 1569675662287,
    "end": 1569675662289,
    "duration": 2,
    "pid": 36736,
    "index": 5
  },
  {
    "name": "Require(3) node_modules/_egg-jsonp@2.0.0@egg-jsonp/config/config.default.js",
    "start": 1569675662290,
    "end": 1569675662290,
    "duration": 0,
    "pid": 36736,
    "index": 6
  },
  {
    "name": "Require(4) node_modules/_egg-onerror@2.1.0@egg-onerror/config/config.default.js",
    "start": 1569675662290,
    "end": 1569675662291,
    "duration": 1,
    "pid": 36736,
    "index": 7
  },
  {
    "name": "Require(5) node_modules/_egg-i18n@2.1.1@egg-i18n/config/config.default.js",
    "start": 1569675662291,
    "end": 1569675662291,
    "duration": 0,
    "pid": 36736,
    "index": 8
  },
  {
    "name": "Require(6) node_modules/_egg-watcher@3.1.0@egg-watcher/config/config.default.js",
    "start": 1569675662291,
    "end": 1569675662291,
    "duration": 0,
    "pid": 36736,
    "index": 9
  },
  {
    "name": "Require(7) node_modules/_egg-schedule@3.6.4@egg-schedule/config/config.default.js",
    "start": 1569675662291,
    "end": 1569675662292,
    "duration": 1,
    "pid": 36736,
    "index": 10
  },
  {
    "name": "Require(8) node_modules/_egg-multipart@2.9.0@egg-multipart/config/config.default.js",
    "start": 1569675662292,
    "end": 1569675662292,
    "duration": 0,
    "pid": 36736,
    "index": 11
  },
  {
    "name": "Require(9) node_modules/_egg-development@2.4.3@egg-development/config/config.default.js",
    "start": 1569675662292,
    "end": 1569675662293,
    "duration": 1,
    "pid": 36736,
    "index": 12
  },
  {
    "name": "Require(10) node_modules/_egg-logrotator@3.1.0@egg-logrotator/config/config.default.js",
    "start": 1569675662293,
    "end": 1569675662293,
    "duration": 0,
    "pid": 36736,
    "index": 13
  },
  {
    "name": "Require(11) node_modules/_egg-static@2.2.0@egg-static/config/config.default.js",
    "start": 1569675662293,
    "end": 1569675662293,
    "duration": 0,
    "pid": 36736,
    "index": 14
  },
  {
    "name": "Require(12) node_modules/_egg-view@2.1.2@egg-view/config/config.default.js",
    "start": 1569675662294,
    "end": 1569675662294,
    "duration": 0,
    "pid": 36736,
    "index": 15
  },
  {
    "name": "Require(13) node_modules/_egg-mongoose@3.2.0@egg-mongoose/config/config.default.js",
    "start": 1569675662294,
    "end": 1569675662294,
    "duration": 0,
    "pid": 36736,
    "index": 16
  },
  {
    "name": "Require(14) node_modules/_egg-jwt@3.1.6@egg-jwt/config/config.default.js",
    "start": 1569675662294,
    "end": 1569675662295,
    "duration": 1,
    "pid": 36736,
    "index": 17
  },
  {
    "name": "Require(15) node_modules/_egg-router-group@1.1.0@egg-router-group/config/config.default.js",
    "start": 1569675662295,
    "end": 1569675662295,
    "duration": 0,
    "pid": 36736,
    "index": 18
  },
  {
    "name": "Require(16) node_modules/_egg@2.23.0@egg/config/config.default.js",
    "start": 1569675662295,
    "end": 1569675662295,
    "duration": 0,
    "pid": 36736,
    "index": 19
  },
  {
    "name": "Require(17) config/config.default.js",
    "start": 1569675662296,
    "end": 1569675662296,
    "duration": 0,
    "pid": 36736,
    "index": 20
  },
  {
    "name": "Require(18) node_modules/_egg-security@2.6.1@egg-security/config/config.local.js",
    "start": 1569675662297,
    "end": 1569675662297,
    "duration": 0,
    "pid": 36736,
    "index": 21
  },
  {
    "name": "Require(19) node_modules/_egg-watcher@3.1.0@egg-watcher/config/config.local.js",
    "start": 1569675662297,
    "end": 1569675662297,
    "duration": 0,
    "pid": 36736,
    "index": 22
  },
  {
    "name": "Require(20) node_modules/_egg-view@2.1.2@egg-view/config/config.local.js",
    "start": 1569675662297,
    "end": 1569675662298,
    "duration": 1,
    "pid": 36736,
    "index": 23
  },
  {
    "name": "Require(21) node_modules/_egg@2.23.0@egg/config/config.local.js",
    "start": 1569675662298,
    "end": 1569675662298,
    "duration": 0,
    "pid": 36736,
    "index": 24
  },
  {
    "name": "Load extend/application.js",
    "start": 1569675662299,
    "end": 1569675662329,
    "duration": 30,
    "pid": 36736,
    "index": 25
  },
  {
    "name": "Require(22) node_modules/_egg-session@3.1.0@egg-session/app/extend/application.js",
    "start": 1569675662299,
    "end": 1569675662300,
    "duration": 1,
    "pid": 36736,
    "index": 26
  },
  {
    "name": "Require(23) node_modules/_egg-security@2.6.1@egg-security/app/extend/application.js",
    "start": 1569675662300,
    "end": 1569675662300,
    "duration": 0,
    "pid": 36736,
    "index": 27
  },
  {
    "name": "Require(24) node_modules/_egg-jsonp@2.0.0@egg-jsonp/app/extend/application.js",
    "start": 1569675662300,
    "end": 1569675662301,
    "duration": 1,
    "pid": 36736,
    "index": 28
  },
  {
    "name": "Require(25) node_modules/_egg-logrotator@3.1.0@egg-logrotator/app/extend/application.js",
    "start": 1569675662302,
    "end": 1569675662303,
    "duration": 1,
    "pid": 36736,
    "index": 29
  },
  {
    "name": "Require(26) node_modules/_egg-view@2.1.2@egg-view/app/extend/application.js",
    "start": 1569675662303,
    "end": 1569675662304,
    "duration": 1,
    "pid": 36736,
    "index": 30
  },
  {
    "name": "Require(27) node_modules/_egg-jwt@3.1.6@egg-jwt/app/extend/application.js",
    "start": 1569675662304,
    "end": 1569675662328,
    "duration": 24,
    "pid": 36736,
    "index": 31
  },
  {
    "name": "Load extend/request.js",
    "start": 1569675662329,
    "end": 1569675662331,
    "duration": 2,
    "pid": 36736,
    "index": 32
  },
  {
    "name": "Require(28) node_modules/_egg@2.23.0@egg/app/extend/request.js",
    "start": 1569675662329,
    "end": 1569675662330,
    "duration": 1,
    "pid": 36736,
    "index": 33
  },
  {
    "name": "Load extend/response.js",
    "start": 1569675662331,
    "end": 1569675662332,
    "duration": 1,
    "pid": 36736,
    "index": 34
  },
  {
    "name": "Require(29) node_modules/_egg@2.23.0@egg/app/extend/response.js",
    "start": 1569675662331,
    "end": 1569675662332,
    "duration": 1,
    "pid": 36736,
    "index": 35
  },
  {
    "name": "Load extend/context.js",
    "start": 1569675662332,
    "end": 1569675662377,
    "duration": 45,
    "pid": 36736,
    "index": 36
  },
  {
    "name": "Require(30) node_modules/_egg-security@2.6.1@egg-security/app/extend/context.js",
    "start": 1569675662332,
    "end": 1569675662338,
    "duration": 6,
    "pid": 36736,
    "index": 37
  },
  {
    "name": "Require(31) node_modules/_egg-jsonp@2.0.0@egg-jsonp/app/extend/context.js",
    "start": 1569675662338,
    "end": 1569675662339,
    "duration": 1,
    "pid": 36736,
    "index": 38
  },
  {
    "name": "Require(32) node_modules/_egg-i18n@2.1.1@egg-i18n/app/extend/context.js",
    "start": 1569675662339,
    "end": 1569675662339,
    "duration": 0,
    "pid": 36736,
    "index": 39
  },
  {
    "name": "Require(33) node_modules/_egg-multipart@2.9.0@egg-multipart/app/extend/context.js",
    "start": 1569675662340,
    "end": 1569675662373,
    "duration": 33,
    "pid": 36736,
    "index": 40
  },
  {
    "name": "Require(34) node_modules/_egg-view@2.1.2@egg-view/app/extend/context.js",
    "start": 1569675662374,
    "end": 1569675662375,
    "duration": 1,
    "pid": 36736,
    "index": 41
  },
  {
    "name": "Require(35) node_modules/_egg-mongoose@3.2.0@egg-mongoose/app/extend/context.js",
    "start": 1569675662375,
    "end": 1569675662375,
    "duration": 0,
    "pid": 36736,
    "index": 42
  },
  {
    "name": "Require(36) node_modules/_egg@2.23.0@egg/app/extend/context.js",
    "start": 1569675662375,
    "end": 1569675662376,
    "duration": 1,
    "pid": 36736,
    "index": 43
  },
  {
    "name": "Load extend/helper.js",
    "start": 1569675662377,
    "end": 1569675662387,
    "duration": 10,
    "pid": 36736,
    "index": 44
  },
  {
    "name": "Require(37) node_modules/_egg-security@2.6.1@egg-security/app/extend/helper.js",
    "start": 1569675662377,
    "end": 1569675662385,
    "duration": 8,
    "pid": 36736,
    "index": 45
  },
  {
    "name": "Require(38) node_modules/_egg@2.23.0@egg/app/extend/helper.js",
    "start": 1569675662386,
    "end": 1569675662386,
    "duration": 0,
    "pid": 36736,
    "index": 46
  },
  {
    "name": "Load app.js",
    "start": 1569675662387,
    "end": 1569675662403,
    "duration": 16,
    "pid": 36736,
    "index": 47
  },
  {
    "name": "Require(39) node_modules/_egg-session@3.1.0@egg-session/app.js",
    "start": 1569675662387,
    "end": 1569675662387,
    "duration": 0,
    "pid": 36736,
    "index": 48
  },
  {
    "name": "Require(40) node_modules/_egg-security@2.6.1@egg-security/app.js",
    "start": 1569675662388,
    "end": 1569675662388,
    "duration": 0,
    "pid": 36736,
    "index": 49
  },
  {
    "name": "Require(41) node_modules/_egg-onerror@2.1.0@egg-onerror/app.js",
    "start": 1569675662388,
    "end": 1569675662394,
    "duration": 6,
    "pid": 36736,
    "index": 50
  },
  {
    "name": "Require(42) node_modules/_egg-i18n@2.1.1@egg-i18n/app.js",
    "start": 1569675662394,
    "end": 1569675662397,
    "duration": 3,
    "pid": 36736,
    "index": 51
  },
  {
    "name": "Require(43) node_modules/_egg-watcher@3.1.0@egg-watcher/app.js",
    "start": 1569675662397,
    "end": 1569675662399,
    "duration": 2,
    "pid": 36736,
    "index": 52
  },
  {
    "name": "Require(44) node_modules/_egg-schedule@3.6.4@egg-schedule/app.js",
    "start": 1569675662399,
    "end": 1569675662400,
    "duration": 1,
    "pid": 36736,
    "index": 53
  },
  {
    "name": "Require(45) node_modules/_egg-multipart@2.9.0@egg-multipart/app.js",
    "start": 1569675662400,
    "end": 1569675662401,
    "duration": 1,
    "pid": 36736,
    "index": 54
  },
  {
    "name": "Require(46) node_modules/_egg-development@2.4.3@egg-development/app.js",
    "start": 1569675662401,
    "end": 1569675662401,
    "duration": 0,
    "pid": 36736,
    "index": 55
  },
  {
    "name": "Require(47) node_modules/_egg-logrotator@3.1.0@egg-logrotator/app.js",
    "start": 1569675662401,
    "end": 1569675662401,
    "duration": 0,
    "pid": 36736,
    "index": 56
  },
  {
    "name": "Require(48) node_modules/_egg-static@2.2.0@egg-static/app.js",
    "start": 1569675662401,
    "end": 1569675662401,
    "duration": 0,
    "pid": 36736,
    "index": 57
  },
  {
    "name": "Require(49) node_modules/_egg-mongoose@3.2.0@egg-mongoose/app.js",
    "start": 1569675662402,
    "end": 1569675662402,
    "duration": 0,
    "pid": 36736,
    "index": 58
  },
  {
    "name": "Require(50) node_modules/_egg-jwt@3.1.6@egg-jwt/app.js",
    "start": 1569675662402,
    "end": 1569675662402,
    "duration": 0,
    "pid": 36736,
    "index": 59
  },
  {
    "name": "Require(51) node_modules/_egg-router-group@1.1.0@egg-router-group/app.js",
    "start": 1569675662402,
    "end": 1569675662403,
    "duration": 1,
    "pid": 36736,
    "index": 60
  },
  {
    "name": "Before Start in node_modules/_egg-watcher@3.1.0@egg-watcher/lib/init.js:15:14",
    "start": 1569675662413,
    "end": 1569675662781,
    "duration": 368,
    "pid": 36736,
    "index": 61
  },
  {
    "name": "Before Start in node_modules/_egg-mongoose@3.2.0@egg-mongoose/lib/mongoose.js:91:7",
    "start": 1569675662652,
    "end": 1569675662778,
    "duration": 126,
    "pid": 36736,
    "index": 62
  },
  {
    "name": "Before Start in node_modules/_egg-mongoose@3.2.0@egg-mongoose/lib/mongoose.js:49:9",
    "start": 1569675662653,
    "end": 1569675662758,
    "duration": 105,
    "pid": 36736,
    "index": 63
  },
  {
    "name": "Before Start in node_modules/_egg-core@4.17.3@egg-core/lib/egg.js:303:10",
    "start": 1569675662653,
    "end": 1569675662758,
    "duration": 105,
    "pid": 36736,
    "index": 64
  },
  {
    "name": "Load Service",
    "start": 1569675662653,
    "end": 1569675662683,
    "duration": 30,
    "pid": 36736,
    "index": 65
  },
  {
    "name": "Load \"service\" to Context",
    "start": 1569675662653,
    "end": 1569675662683,
    "duration": 30,
    "pid": 36736,
    "index": 66
  },
  {
    "name": "Load Middleware",
    "start": 1569675662683,
    "end": 1569675662724,
    "duration": 41,
    "pid": 36736,
    "index": 67
  },
  {
    "name": "Load \"middlewares\" to Application",
    "start": 1569675662683,
    "end": 1569675662719,
    "duration": 36,
    "pid": 36736,
    "index": 68
  },
  {
    "name": "Load Controller",
    "start": 1569675662724,
    "end": 1569675662732,
    "duration": 8,
    "pid": 36736,
    "index": 69
  },
  {
    "name": "Load \"controller\" to Application",
    "start": 1569675662724,
    "end": 1569675662732,
    "duration": 8,
    "pid": 36736,
    "index": 70
  },
  {
    "name": "Load Router",
    "start": 1569675662732,
    "end": 1569675662734,
    "duration": 2,
    "pid": 36736,
    "index": 71
  },
  {
    "name": "Require(52) app/router.js",
    "start": 1569675662732,
    "end": 1569675662732,
    "duration": 0,
    "pid": 36736,
    "index": 72
  },
  {
    "name": "Load \"model\" to Application",
    "start": 1569675662743,
    "end": 1569675662757,
    "duration": 14,
    "pid": 36736,
    "index": 73
  }
]