[
  {
    "name": "Application Start",
    "start": 1569679189611,
    "end": 1569679190077,
    "duration": 466,
    "pid": 38002,
    "index": 0
  },
  {
    "name": "Load Plugin",
    "start": 1569679189615,
    "end": 1569679189622,
    "duration": 7,
    "pid": 38002,
    "index": 1
  },
  {
    "name": "Load Config",
    "start": 1569679189622,
    "end": 1569679189636,
    "duration": 14,
    "pid": 38002,
    "index": 2
  },
  {
    "name": "Require(0) config/config.default.js",
    "start": 1569679189623,
    "end": 1569679189623,
    "duration": 0,
    "pid": 38002,
    "index": 3
  },
  {
    "name": "Require(1) node_modules/_egg-session@3.1.0@egg-session/config/config.default.js",
    "start": 1569679189624,
    "end": 1569679189624,
    "duration": 0,
    "pid": 38002,
    "index": 4
  },
  {
    "name": "Require(2) node_modules/_egg-security@2.6.1@egg-security/config/config.default.js",
    "start": 1569679189624,
    "end": 1569679189627,
    "duration": 3,
    "pid": 38002,
    "index": 5
  },
  {
    "name": "Require(3) node_modules/_egg-jsonp@2.0.0@egg-jsonp/config/config.default.js",
    "start": 1569679189628,
    "end": 1569679189629,
    "duration": 1,
    "pid": 38002,
    "index": 6
  },
  {
    "name": "Require(4) node_modules/_egg-onerror@2.1.0@egg-onerror/config/config.default.js",
    "start": 1569679189629,
    "end": 1569679189629,
    "duration": 0,
    "pid": 38002,
    "index": 7
  },
  {
    "name": "Require(5) node_modules/_egg-i18n@2.1.1@egg-i18n/config/config.default.js",
    "start": 1569679189629,
    "end": 1569679189629,
    "duration": 0,
    "pid": 38002,
    "index": 8
  },
  {
    "name": "Require(6) node_modules/_egg-watcher@3.1.0@egg-watcher/config/config.default.js",
    "start": 1569679189630,
    "end": 1569679189630,
    "duration": 0,
    "pid": 38002,
    "index": 9
  },
  {
    "name": "Require(7) node_modules/_egg-schedule@3.6.4@egg-schedule/config/config.default.js",
    "start": 1569679189630,
    "end": 1569679189630,
    "duration": 0,
    "pid": 38002,
    "index": 10
  },
  {
    "name": "Require(8) node_modules/_egg-multipart@2.9.0@egg-multipart/config/config.default.js",
    "start": 1569679189630,
    "end": 1569679189630,
    "duration": 0,
    "pid": 38002,
    "index": 11
  },
  {
    "name": "Require(9) node_modules/_egg-development@2.4.3@egg-development/config/config.default.js",
    "start": 1569679189631,
    "end": 1569679189631,
    "duration": 0,
    "pid": 38002,
    "index": 12
  },
  {
    "name": "Require(10) node_modules/_egg-logrotator@3.1.0@egg-logrotator/config/config.default.js",
    "start": 1569679189631,
    "end": 1569679189631,
    "duration": 0,
    "pid": 38002,
    "index": 13
  },
  {
    "name": "Require(11) node_modules/_egg-static@2.2.0@egg-static/config/config.default.js",
    "start": 1569679189631,
    "end": 1569679189632,
    "duration": 1,
    "pid": 38002,
    "index": 14
  },
  {
    "name": "Require(12) node_modules/_egg-view@2.1.2@egg-view/config/config.default.js",
    "start": 1569679189632,
    "end": 1569679189632,
    "duration": 0,
    "pid": 38002,
    "index": 15
  },
  {
    "name": "Require(13) node_modules/_egg-mongoose@3.2.0@egg-mongoose/config/config.default.js",
    "start": 1569679189632,
    "end": 1569679189632,
    "duration": 0,
    "pid": 38002,
    "index": 16
  },
  {
    "name": "Require(14) node_modules/_egg-jwt@3.1.6@egg-jwt/config/config.default.js",
    "start": 1569679189633,
    "end": 1569679189633,
    "duration": 0,
    "pid": 38002,
    "index": 17
  },
  {
    "name": "Require(15) node_modules/_egg-router-group@1.1.0@egg-router-group/config/config.default.js",
    "start": 1569679189633,
    "end": 1569679189633,
    "duration": 0,
    "pid": 38002,
    "index": 18
  },
  {
    "name": "Require(16) node_modules/_egg@2.23.0@egg/config/config.default.js",
    "start": 1569679189633,
    "end": 1569679189633,
    "duration": 0,
    "pid": 38002,
    "index": 19
  },
  {
    "name": "Require(17) config/config.default.js",
    "start": 1569679189634,
    "end": 1569679189634,
    "duration": 0,
    "pid": 38002,
    "index": 20
  },
  {
    "name": "Require(18) node_modules/_egg-security@2.6.1@egg-security/config/config.local.js",
    "start": 1569679189635,
    "end": 1569679189635,
    "duration": 0,
    "pid": 38002,
    "index": 21
  },
  {
    "name": "Require(19) node_modules/_egg-watcher@3.1.0@egg-watcher/config/config.local.js",
    "start": 1569679189635,
    "end": 1569679189635,
    "duration": 0,
    "pid": 38002,
    "index": 22
  },
  {
    "name": "Require(20) node_modules/_egg-view@2.1.2@egg-view/config/config.local.js",
    "start": 1569679189636,
    "end": 1569679189636,
    "duration": 0,
    "pid": 38002,
    "index": 23
  },
  {
    "name": "Require(21) node_modules/_egg@2.23.0@egg/config/config.local.js",
    "start": 1569679189636,
    "end": 1569679189636,
    "duration": 0,
    "pid": 38002,
    "index": 24
  },
  {
    "name": "Load extend/application.js",
    "start": 1569679189638,
    "end": 1569679189664,
    "duration": 26,
    "pid": 38002,
    "index": 25
  },
  {
    "name": "Require(22) node_modules/_egg-session@3.1.0@egg-session/app/extend/application.js",
    "start": 1569679189638,
    "end": 1569679189638,
    "duration": 0,
    "pid": 38002,
    "index": 26
  },
  {
    "name": "Require(23) node_modules/_egg-security@2.6.1@egg-security/app/extend/application.js",
    "start": 1569679189638,
    "end": 1569679189639,
    "duration": 1,
    "pid": 38002,
    "index": 27
  },
  {
    "name": "Require(24) node_modules/_egg-jsonp@2.0.0@egg-jsonp/app/extend/application.js",
    "start": 1569679189639,
    "end": 1569679189640,
    "duration": 1,
    "pid": 38002,
    "index": 28
  },
  {
    "name": "Require(25) node_modules/_egg-logrotator@3.1.0@egg-logrotator/app/extend/application.js",
    "start": 1569679189640,
    "end": 1569679189641,
    "duration": 1,
    "pid": 38002,
    "index": 29
  },
  {
    "name": "Require(26) node_modules/_egg-view@2.1.2@egg-view/app/extend/application.js",
    "start": 1569679189641,
    "end": 1569679189641,
    "duration": 0,
    "pid": 38002,
    "index": 30
  },
  {
    "name": "Require(27) node_modules/_egg-jwt@3.1.6@egg-jwt/app/extend/application.js",
    "start": 1569679189642,
    "end": 1569679189663,
    "duration": 21,
    "pid": 38002,
    "index": 31
  },
  {
    "name": "Load extend/request.js",
    "start": 1569679189664,
    "end": 1569679189666,
    "duration": 2,
    "pid": 38002,
    "index": 32
  },
  {
    "name": "Require(28) node_modules/_egg@2.23.0@egg/app/extend/request.js",
    "start": 1569679189665,
    "end": 1569679189665,
    "duration": 0,
    "pid": 38002,
    "index": 33
  },
  {
    "name": "Load extend/response.js",
    "start": 1569679189666,
    "end": 1569679189667,
    "duration": 1,
    "pid": 38002,
    "index": 34
  },
  {
    "name": "Require(29) node_modules/_egg@2.23.0@egg/app/extend/response.js",
    "start": 1569679189666,
    "end": 1569679189667,
    "duration": 1,
    "pid": 38002,
    "index": 35
  },
  {
    "name": "Load extend/context.js",
    "start": 1569679189667,
    "end": 1569679189708,
    "duration": 41,
    "pid": 38002,
    "index": 36
  },
  {
    "name": "Require(30) node_modules/_egg-security@2.6.1@egg-security/app/extend/context.js",
    "start": 1569679189668,
    "end": 1569679189672,
    "duration": 4,
    "pid": 38002,
    "index": 37
  },
  {
    "name": "Require(31) node_modules/_egg-jsonp@2.0.0@egg-jsonp/app/extend/context.js",
    "start": 1569679189672,
    "end": 1569679189672,
    "duration": 0,
    "pid": 38002,
    "index": 38
  },
  {
    "name": "Require(32) node_modules/_egg-i18n@2.1.1@egg-i18n/app/extend/context.js",
    "start": 1569679189673,
    "end": 1569679189673,
    "duration": 0,
    "pid": 38002,
    "index": 39
  },
  {
    "name": "Require(33) node_modules/_egg-multipart@2.9.0@egg-multipart/app/extend/context.js",
    "start": 1569679189673,
    "end": 1569679189705,
    "duration": 32,
    "pid": 38002,
    "index": 40
  },
  {
    "name": "Require(34) node_modules/_egg-view@2.1.2@egg-view/app/extend/context.js",
    "start": 1569679189705,
    "end": 1569679189706,
    "duration": 1,
    "pid": 38002,
    "index": 41
  },
  {
    "name": "Require(35) node_modules/_egg-mongoose@3.2.0@egg-mongoose/app/extend/context.js",
    "start": 1569679189706,
    "end": 1569679189706,
    "duration": 0,
    "pid": 38002,
    "index": 42
  },
  {
    "name": "Require(36) node_modules/_egg@2.23.0@egg/app/extend/context.js",
    "start": 1569679189706,
    "end": 1569679189707,
    "duration": 1,
    "pid": 38002,
    "index": 43
  },
  {
    "name": "Load extend/helper.js",
    "start": 1569679189708,
    "end": 1569679189716,
    "duration": 8,
    "pid": 38002,
    "index": 44
  },
  {
    "name": "Require(37) node_modules/_egg-security@2.6.1@egg-security/app/extend/helper.js",
    "start": 1569679189708,
    "end": 1569679189715,
    "duration": 7,
    "pid": 38002,
    "index": 45
  },
  {
    "name": "Require(38) node_modules/_egg@2.23.0@egg/app/extend/helper.js",
    "start": 1569679189716,
    "end": 1569679189716,
    "duration": 0,
    "pid": 38002,
    "index": 46
  },
  {
    "name": "Load app.js",
    "start": 1569679189716,
    "end": 1569679189729,
    "duration": 13,
    "pid": 38002,
    "index": 47
  },
  {
    "name": "Require(39) node_modules/_egg-session@3.1.0@egg-session/app.js",
    "start": 1569679189716,
    "end": 1569679189717,
    "duration": 1,
    "pid": 38002,
    "index": 48
  },
  {
    "name": "Require(40) node_modules/_egg-security@2.6.1@egg-security/app.js",
    "start": 1569679189717,
    "end": 1569679189717,
    "duration": 0,
    "pid": 38002,
    "index": 49
  },
  {
    "name": "Require(41) node_modules/_egg-onerror@2.1.0@egg-onerror/app.js",
    "start": 1569679189717,
    "end": 1569679189721,
    "duration": 4,
    "pid": 38002,
    "index": 50
  },
  {
    "name": "Require(42) node_modules/_egg-i18n@2.1.1@egg-i18n/app.js",
    "start": 1569679189721,
    "end": 1569679189724,
    "duration": 3,
    "pid": 38002,
    "index": 51
  },
  {
    "name": "Require(43) node_modules/_egg-watcher@3.1.0@egg-watcher/app.js",
    "start": 1569679189724,
    "end": 1569679189726,
    "duration": 2,
    "pid": 38002,
    "index": 52
  },
  {
    "name": "Require(44) node_modules/_egg-schedule@3.6.4@egg-schedule/app.js",
    "start": 1569679189726,
    "end": 1569679189726,
    "duration": 0,
    "pid": 38002,
    "index": 53
  },
  {
    "name": "Require(45) node_modules/_egg-multipart@2.9.0@egg-multipart/app.js",
    "start": 1569679189726,
    "end": 1569679189727,
    "duration": 1,
    "pid": 38002,
    "index": 54
  },
  {
    "name": "Require(46) node_modules/_egg-development@2.4.3@egg-development/app.js",
    "start": 1569679189728,
    "end": 1569679189728,
    "duration": 0,
    "pid": 38002,
    "index": 55
  },
  {
    "name": "Require(47) node_modules/_egg-logrotator@3.1.0@egg-logrotator/app.js",
    "start": 1569679189728,
    "end": 1569679189728,
    "duration": 0,
    "pid": 38002,
    "index": 56
  },
  {
    "name": "Require(48) node_modules/_egg-static@2.2.0@egg-static/app.js",
    "start": 1569679189728,
    "end": 1569679189728,
    "duration": 0,
    "pid": 38002,
    "index": 57
  },
  {
    "name": "Require(49) node_modules/_egg-mongoose@3.2.0@egg-mongoose/app.js",
    "start": 1569679189728,
    "end": 1569679189728,
    "duration": 0,
    "pid": 38002,
    "index": 58
  },
  {
    "name": "Require(50) node_modules/_egg-jwt@3.1.6@egg-jwt/app.js",
    "start": 1569679189728,
    "end": 1569679189728,
    "duration": 0,
    "pid": 38002,
    "index": 59
  },
  {
    "name": "Require(51) node_modules/_egg-router-group@1.1.0@egg-router-group/app.js",
    "start": 1569679189729,
    "end": 1569679189729,
    "duration": 0,
    "pid": 38002,
    "index": 60
  },
  {
    "name": "Before Start in node_modules/_egg-watcher@3.1.0@egg-watcher/lib/init.js:15:14",
    "start": 1569679189740,
    "end": 1569679190077,
    "duration": 337,
    "pid": 38002,
    "index": 61
  },
  {
    "name": "Before Start in node_modules/_egg-mongoose@3.2.0@egg-mongoose/lib/mongoose.js:91:7",
    "start": 1569679189959,
    "end": 1569679190074,
    "duration": 115,
    "pid": 38002,
    "index": 62
  },
  {
    "name": "Before Start in node_modules/_egg-mongoose@3.2.0@egg-mongoose/lib/mongoose.js:49:9",
    "start": 1569679189959,
    "end": 1569679190056,
    "duration": 97,
    "pid": 38002,
    "index": 63
  },
  {
    "name": "Before Start in node_modules/_egg-core@4.17.3@egg-core/lib/egg.js:303:10",
    "start": 1569679189960,
    "end": 1569679190056,
    "duration": 96,
    "pid": 38002,
    "index": 64
  },
  {
    "name": "Load Service",
    "start": 1569679189960,
    "end": 1569679189988,
    "duration": 28,
    "pid": 38002,
    "index": 65
  },
  {
    "name": "Load \"service\" to Context",
    "start": 1569679189960,
    "end": 1569679189988,
    "duration": 28,
    "pid": 38002,
    "index": 66
  },
  {
    "name": "Load Middleware",
    "start": 1569679189988,
    "end": 1569679190024,
    "duration": 36,
    "pid": 38002,
    "index": 67
  },
  {
    "name": "Load \"middlewares\" to Application",
    "start": 1569679189988,
    "end": 1569679190019,
    "duration": 31,
    "pid": 38002,
    "index": 68
  },
  {
    "name": "Load Controller",
    "start": 1569679190024,
    "end": 1569679190032,
    "duration": 8,
    "pid": 38002,
    "index": 69
  },
  {
    "name": "Load \"controller\" to Application",
    "start": 1569679190024,
    "end": 1569679190032,
    "duration": 8,
    "pid": 38002,
    "index": 70
  },
  {
    "name": "Load Router",
    "start": 1569679190032,
    "end": 1569679190035,
    "duration": 3,
    "pid": 38002,
    "index": 71
  },
  {
    "name": "Require(52) app/router.js",
    "start": 1569679190033,
    "end": 1569679190033,
    "duration": 0,
    "pid": 38002,
    "index": 72
  },
  {
    "name": "Load \"model\" to Application",
    "start": 1569679190043,
    "end": 1569679190056,
    "duration": 13,
    "pid": 38002,
    "index": 73
  }
]