[
  {
    "name": "Application Start",
    "start": 1569679185913,
    "end": 1569679186394,
    "duration": 481,
    "pid": 37999,
    "index": 0
  },
  {
    "name": "Load Plugin",
    "start": 1569679185917,
    "end": 1569679185925,
    "duration": 8,
    "pid": 37999,
    "index": 1
  },
  {
    "name": "Load Config",
    "start": 1569679185925,
    "end": 1569679185938,
    "duration": 13,
    "pid": 37999,
    "index": 2
  },
  {
    "name": "Require(0) config/config.default.js",
    "start": 1569679185925,
    "end": 1569679185926,
    "duration": 1,
    "pid": 37999,
    "index": 3
  },
  {
    "name": "Require(1) node_modules/_egg-session@3.1.0@egg-session/config/config.default.js",
    "start": 1569679185927,
    "end": 1569679185927,
    "duration": 0,
    "pid": 37999,
    "index": 4
  },
  {
    "name": "Require(2) node_modules/_egg-security@2.6.1@egg-security/config/config.default.js",
    "start": 1569679185927,
    "end": 1569679185929,
    "duration": 2,
    "pid": 37999,
    "index": 5
  },
  {
    "name": "Require(3) node_modules/_egg-jsonp@2.0.0@egg-jsonp/config/config.default.js",
    "start": 1569679185930,
    "end": 1569679185930,
    "duration": 0,
    "pid": 37999,
    "index": 6
  },
  {
    "name": "Require(4) node_modules/_egg-onerror@2.1.0@egg-onerror/config/config.default.js",
    "start": 1569679185930,
    "end": 1569679185930,
    "duration": 0,
    "pid": 37999,
    "index": 7
  },
  {
    "name": "Require(5) node_modules/_egg-i18n@2.1.1@egg-i18n/config/config.default.js",
    "start": 1569679185931,
    "end": 1569679185931,
    "duration": 0,
    "pid": 37999,
    "index": 8
  },
  {
    "name": "Require(6) node_modules/_egg-watcher@3.1.0@egg-watcher/config/config.default.js",
    "start": 1569679185931,
    "end": 1569679185931,
    "duration": 0,
    "pid": 37999,
    "index": 9
  },
  {
    "name": "Require(7) node_modules/_egg-schedule@3.6.4@egg-schedule/config/config.default.js",
    "start": 1569679185931,
    "end": 1569679185931,
    "duration": 0,
    "pid": 37999,
    "index": 10
  },
  {
    "name": "Require(8) node_modules/_egg-multipart@2.9.0@egg-multipart/config/config.default.js",
    "start": 1569679185932,
    "end": 1569679185932,
    "duration": 0,
    "pid": 37999,
    "index": 11
  },
  {
    "name": "Require(9) node_modules/_egg-development@2.4.3@egg-development/config/config.default.js",
    "start": 1569679185932,
    "end": 1569679185932,
    "duration": 0,
    "pid": 37999,
    "index": 12
  },
  {
    "name": "Require(10) node_modules/_egg-logrotator@3.1.0@egg-logrotator/config/config.default.js",
    "start": 1569679185932,
    "end": 1569679185933,
    "duration": 1,
    "pid": 37999,
    "index": 13
  },
  {
    "name": "Require(11) node_modules/_egg-static@2.2.0@egg-static/config/config.default.js",
    "start": 1569679185933,
    "end": 1569679185933,
    "duration": 0,
    "pid": 37999,
    "index": 14
  },
  {
    "name": "Require(12) node_modules/_egg-view@2.1.2@egg-view/config/config.default.js",
    "start": 1569679185933,
    "end": 1569679185933,
    "duration": 0,
    "pid": 37999,
    "index": 15
  },
  {
    "name": "Require(13) node_modules/_egg-mongoose@3.2.0@egg-mongoose/config/config.default.js",
    "start": 1569679185933,
    "end": 1569679185934,
    "duration": 1,
    "pid": 37999,
    "index": 16
  },
  {
    "name": "Require(14) node_modules/_egg-jwt@3.1.6@egg-jwt/config/config.default.js",
    "start": 1569679185934,
    "end": 1569679185934,
    "duration": 0,
    "pid": 37999,
    "index": 17
  },
  {
    "name": "Require(15) node_modules/_egg-router-group@1.1.0@egg-router-group/config/config.default.js",
    "start": 1569679185934,
    "end": 1569679185934,
    "duration": 0,
    "pid": 37999,
    "index": 18
  },
  {
    "name": "Require(16) node_modules/_egg@2.23.0@egg/config/config.default.js",
    "start": 1569679185934,
    "end": 1569679185935,
    "duration": 1,
    "pid": 37999,
    "index": 19
  },
  {
    "name": "Require(17) config/config.default.js",
    "start": 1569679185936,
    "end": 1569679185936,
    "duration": 0,
    "pid": 37999,
    "index": 20
  },
  {
    "name": "Require(18) node_modules/_egg-security@2.6.1@egg-security/config/config.local.js",
    "start": 1569679185936,
    "end": 1569679185936,
    "duration": 0,
    "pid": 37999,
    "index": 21
  },
  {
    "name": "Require(19) node_modules/_egg-watcher@3.1.0@egg-watcher/config/config.local.js",
    "start": 1569679185936,
    "end": 1569679185937,
    "duration": 1,
    "pid": 37999,
    "index": 22
  },
  {
    "name": "Require(20) node_modules/_egg-view@2.1.2@egg-view/config/config.local.js",
    "start": 1569679185937,
    "end": 1569679185937,
    "duration": 0,
    "pid": 37999,
    "index": 23
  },
  {
    "name": "Require(21) node_modules/_egg@2.23.0@egg/config/config.local.js",
    "start": 1569679185937,
    "end": 1569679185938,
    "duration": 1,
    "pid": 37999,
    "index": 24
  },
  {
    "name": "Load extend/application.js",
    "start": 1569679185939,
    "end": 1569679185968,
    "duration": 29,
    "pid": 37999,
    "index": 25
  },
  {
    "name": "Require(22) node_modules/_egg-session@3.1.0@egg-session/app/extend/application.js",
    "start": 1569679185939,
    "end": 1569679185940,
    "duration": 1,
    "pid": 37999,
    "index": 26
  },
  {
    "name": "Require(23) node_modules/_egg-security@2.6.1@egg-security/app/extend/application.js",
    "start": 1569679185940,
    "end": 1569679185940,
    "duration": 0,
    "pid": 37999,
    "index": 27
  },
  {
    "name": "Require(24) node_modules/_egg-jsonp@2.0.0@egg-jsonp/app/extend/application.js",
    "start": 1569679185941,
    "end": 1569679185941,
    "duration": 0,
    "pid": 37999,
    "index": 28
  },
  {
    "name": "Require(25) node_modules/_egg-logrotator@3.1.0@egg-logrotator/app/extend/application.js",
    "start": 1569679185942,
    "end": 1569679185942,
    "duration": 0,
    "pid": 37999,
    "index": 29
  },
  {
    "name": "Require(26) node_modules/_egg-view@2.1.2@egg-view/app/extend/application.js",
    "start": 1569679185942,
    "end": 1569679185943,
    "duration": 1,
    "pid": 37999,
    "index": 30
  },
  {
    "name": "Require(27) node_modules/_egg-jwt@3.1.6@egg-jwt/app/extend/application.js",
    "start": 1569679185943,
    "end": 1569679185967,
    "duration": 24,
    "pid": 37999,
    "index": 31
  },
  {
    "name": "Load extend/request.js",
    "start": 1569679185968,
    "end": 1569679185970,
    "duration": 2,
    "pid": 37999,
    "index": 32
  },
  {
    "name": "Require(28) node_modules/_egg@2.23.0@egg/app/extend/request.js",
    "start": 1569679185968,
    "end": 1569679185969,
    "duration": 1,
    "pid": 37999,
    "index": 33
  },
  {
    "name": "Load extend/response.js",
    "start": 1569679185970,
    "end": 1569679185971,
    "duration": 1,
    "pid": 37999,
    "index": 34
  },
  {
    "name": "Require(29) node_modules/_egg@2.23.0@egg/app/extend/response.js",
    "start": 1569679185970,
    "end": 1569679185971,
    "duration": 1,
    "pid": 37999,
    "index": 35
  },
  {
    "name": "Load extend/context.js",
    "start": 1569679185971,
    "end": 1569679186014,
    "duration": 43,
    "pid": 37999,
    "index": 36
  },
  {
    "name": "Require(30) node_modules/_egg-security@2.6.1@egg-security/app/extend/context.js",
    "start": 1569679185971,
    "end": 1569679185976,
    "duration": 5,
    "pid": 37999,
    "index": 37
  },
  {
    "name": "Require(31) node_modules/_egg-jsonp@2.0.0@egg-jsonp/app/extend/context.js",
    "start": 1569679185976,
    "end": 1569679185977,
    "duration": 1,
    "pid": 37999,
    "index": 38
  },
  {
    "name": "Require(32) node_modules/_egg-i18n@2.1.1@egg-i18n/app/extend/context.js",
    "start": 1569679185977,
    "end": 1569679185977,
    "duration": 0,
    "pid": 37999,
    "index": 39
  },
  {
    "name": "Require(33) node_modules/_egg-multipart@2.9.0@egg-multipart/app/extend/context.js",
    "start": 1569679185977,
    "end": 1569679186011,
    "duration": 34,
    "pid": 37999,
    "index": 40
  },
  {
    "name": "Require(34) node_modules/_egg-view@2.1.2@egg-view/app/extend/context.js",
    "start": 1569679186012,
    "end": 1569679186012,
    "duration": 0,
    "pid": 37999,
    "index": 41
  },
  {
    "name": "Require(35) node_modules/_egg-mongoose@3.2.0@egg-mongoose/app/extend/context.js",
    "start": 1569679186012,
    "end": 1569679186012,
    "duration": 0,
    "pid": 37999,
    "index": 42
  },
  {
    "name": "Require(36) node_modules/_egg@2.23.0@egg/app/extend/context.js",
    "start": 1569679186013,
    "end": 1569679186013,
    "duration": 0,
    "pid": 37999,
    "index": 43
  },
  {
    "name": "Load extend/helper.js",
    "start": 1569679186014,
    "end": 1569679186024,
    "duration": 10,
    "pid": 37999,
    "index": 44
  },
  {
    "name": "Require(37) node_modules/_egg-security@2.6.1@egg-security/app/extend/helper.js",
    "start": 1569679186014,
    "end": 1569679186022,
    "duration": 8,
    "pid": 37999,
    "index": 45
  },
  {
    "name": "Require(38) node_modules/_egg@2.23.0@egg/app/extend/helper.js",
    "start": 1569679186023,
    "end": 1569679186023,
    "duration": 0,
    "pid": 37999,
    "index": 46
  },
  {
    "name": "Load app.js",
    "start": 1569679186024,
    "end": 1569679186039,
    "duration": 15,
    "pid": 37999,
    "index": 47
  },
  {
    "name": "Require(39) node_modules/_egg-session@3.1.0@egg-session/app.js",
    "start": 1569679186024,
    "end": 1569679186024,
    "duration": 0,
    "pid": 37999,
    "index": 48
  },
  {
    "name": "Require(40) node_modules/_egg-security@2.6.1@egg-security/app.js",
    "start": 1569679186024,
    "end": 1569679186025,
    "duration": 1,
    "pid": 37999,
    "index": 49
  },
  {
    "name": "Require(41) node_modules/_egg-onerror@2.1.0@egg-onerror/app.js",
    "start": 1569679186025,
    "end": 1569679186030,
    "duration": 5,
    "pid": 37999,
    "index": 50
  },
  {
    "name": "Require(42) node_modules/_egg-i18n@2.1.1@egg-i18n/app.js",
    "start": 1569679186030,
    "end": 1569679186033,
    "duration": 3,
    "pid": 37999,
    "index": 51
  },
  {
    "name": "Require(43) node_modules/_egg-watcher@3.1.0@egg-watcher/app.js",
    "start": 1569679186033,
    "end": 1569679186034,
    "duration": 1,
    "pid": 37999,
    "index": 52
  },
  {
    "name": "Require(44) node_modules/_egg-schedule@3.6.4@egg-schedule/app.js",
    "start": 1569679186035,
    "end": 1569679186035,
    "duration": 0,
    "pid": 37999,
    "index": 53
  },
  {
    "name": "Require(45) node_modules/_egg-multipart@2.9.0@egg-multipart/app.js",
    "start": 1569679186035,
    "end": 1569679186036,
    "duration": 1,
    "pid": 37999,
    "index": 54
  },
  {
    "name": "Require(46) node_modules/_egg-development@2.4.3@egg-development/app.js",
    "start": 1569679186037,
    "end": 1569679186037,
    "duration": 0,
    "pid": 37999,
    "index": 55
  },
  {
    "name": "Require(47) node_modules/_egg-logrotator@3.1.0@egg-logrotator/app.js",
    "start": 1569679186037,
    "end": 1569679186037,
    "duration": 0,
    "pid": 37999,
    "index": 56
  },
  {
    "name": "Require(48) node_modules/_egg-static@2.2.0@egg-static/app.js",
    "start": 1569679186037,
    "end": 1569679186037,
    "duration": 0,
    "pid": 37999,
    "index": 57
  },
  {
    "name": "Require(49) node_modules/_egg-mongoose@3.2.0@egg-mongoose/app.js",
    "start": 1569679186037,
    "end": 1569679186037,
    "duration": 0,
    "pid": 37999,
    "index": 58
  },
  {
    "name": "Require(50) node_modules/_egg-jwt@3.1.6@egg-jwt/app.js",
    "start": 1569679186037,
    "end": 1569679186038,
    "duration": 1,
    "pid": 37999,
    "index": 59
  },
  {
    "name": "Require(51) node_modules/_egg-router-group@1.1.0@egg-router-group/app.js",
    "start": 1569679186038,
    "end": 1569679186038,
    "duration": 0,
    "pid": 37999,
    "index": 60
  },
  {
    "name": "Before Start in node_modules/_egg-watcher@3.1.0@egg-watcher/lib/init.js:15:14",
    "start": 1569679186048,
    "end": 1569679186389,
    "duration": 341,
    "pid": 37999,
    "index": 61
  },
  {
    "name": "Before Start in node_modules/_egg-mongoose@3.2.0@egg-mongoose/lib/mongoose.js:91:7",
    "start": 1569679186270,
    "end": 1569679186387,
    "duration": 117,
    "pid": 37999,
    "index": 62
  },
  {
    "name": "Before Start in node_modules/_egg-mongoose@3.2.0@egg-mongoose/lib/mongoose.js:49:9",
    "start": 1569679186270,
    "end": 1569679186368,
    "duration": 98,
    "pid": 37999,
    "index": 63
  },
  {
    "name": "Before Start in node_modules/_egg-core@4.17.3@egg-core/lib/egg.js:303:10",
    "start": 1569679186270,
    "end": 1569679186368,
    "duration": 98,
    "pid": 37999,
    "index": 64
  },
  {
    "name": "Load Service",
    "start": 1569679186271,
    "end": 1569679186299,
    "duration": 28,
    "pid": 37999,
    "index": 65
  },
  {
    "name": "Load \"service\" to Context",
    "start": 1569679186271,
    "end": 1569679186299,
    "duration": 28,
    "pid": 37999,
    "index": 66
  },
  {
    "name": "Load Middleware",
    "start": 1569679186299,
    "end": 1569679186335,
    "duration": 36,
    "pid": 37999,
    "index": 67
  },
  {
    "name": "Load \"middlewares\" to Application",
    "start": 1569679186300,
    "end": 1569679186331,
    "duration": 31,
    "pid": 37999,
    "index": 68
  },
  {
    "name": "Load Controller",
    "start": 1569679186336,
    "end": 1569679186343,
    "duration": 7,
    "pid": 37999,
    "index": 69
  },
  {
    "name": "Load \"controller\" to Application",
    "start": 1569679186336,
    "end": 1569679186343,
    "duration": 7,
    "pid": 37999,
    "index": 70
  },
  {
    "name": "Load Router",
    "start": 1569679186343,
    "end": 1569679186346,
    "duration": 3,
    "pid": 37999,
    "index": 71
  },
  {
    "name": "Require(52) app/router.js",
    "start": 1569679186343,
    "end": 1569679186344,
    "duration": 1,
    "pid": 37999,
    "index": 72
  },
  {
    "name": "Load \"model\" to Application",
    "start": 1569679186354,
    "end": 1569679186367,
    "duration": 13,
    "pid": 37999,
    "index": 73
  }
]