[
  {
    "name": "Application Start",
    "start": 1569680270819,
    "end": 1569680271291,
    "duration": 472,
    "pid": 38501,
    "index": 0
  },
  {
    "name": "Load Plugin",
    "start": 1569680270823,
    "end": 1569680270830,
    "duration": 7,
    "pid": 38501,
    "index": 1
  },
  {
    "name": "Load Config",
    "start": 1569680270830,
    "end": 1569680270845,
    "duration": 15,
    "pid": 38501,
    "index": 2
  },
  {
    "name": "Require(0) config/config.default.js",
    "start": 1569680270831,
    "end": 1569680270831,
    "duration": 0,
    "pid": 38501,
    "index": 3
  },
  {
    "name": "Require(1) node_modules/_egg-session@3.1.0@egg-session/config/config.default.js",
    "start": 1569680270833,
    "end": 1569680270834,
    "duration": 1,
    "pid": 38501,
    "index": 4
  },
  {
    "name": "Require(2) node_modules/_egg-security@2.6.1@egg-security/config/config.default.js",
    "start": 1569680270834,
    "end": 1569680270836,
    "duration": 2,
    "pid": 38501,
    "index": 5
  },
  {
    "name": "Require(3) node_modules/_egg-jsonp@2.0.0@egg-jsonp/config/config.default.js",
    "start": 1569680270837,
    "end": 1569680270837,
    "duration": 0,
    "pid": 38501,
    "index": 6
  },
  {
    "name": "Require(4) node_modules/_egg-onerror@2.1.0@egg-onerror/config/config.default.js",
    "start": 1569680270838,
    "end": 1569680270838,
    "duration": 0,
    "pid": 38501,
    "index": 7
  },
  {
    "name": "Require(5) node_modules/_egg-i18n@2.1.1@egg-i18n/config/config.default.js",
    "start": 1569680270838,
    "end": 1569680270838,
    "duration": 0,
    "pid": 38501,
    "index": 8
  },
  {
    "name": "Require(6) node_modules/_egg-watcher@3.1.0@egg-watcher/config/config.default.js",
    "start": 1569680270838,
    "end": 1569680270839,
    "duration": 1,
    "pid": 38501,
    "index": 9
  },
  {
    "name": "Require(7) node_modules/_egg-schedule@3.6.4@egg-schedule/config/config.default.js",
    "start": 1569680270839,
    "end": 1569680270839,
    "duration": 0,
    "pid": 38501,
    "index": 10
  },
  {
    "name": "Require(8) node_modules/_egg-multipart@2.9.0@egg-multipart/config/config.default.js",
    "start": 1569680270839,
    "end": 1569680270839,
    "duration": 0,
    "pid": 38501,
    "index": 11
  },
  {
    "name": "Require(9) node_modules/_egg-development@2.4.3@egg-development/config/config.default.js",
    "start": 1569680270840,
    "end": 1569680270840,
    "duration": 0,
    "pid": 38501,
    "index": 12
  },
  {
    "name": "Require(10) node_modules/_egg-logrotator@3.1.0@egg-logrotator/config/config.default.js",
    "start": 1569680270840,
    "end": 1569680270840,
    "duration": 0,
    "pid": 38501,
    "index": 13
  },
  {
    "name": "Require(11) node_modules/_egg-static@2.2.0@egg-static/config/config.default.js",
    "start": 1569680270840,
    "end": 1569680270840,
    "duration": 0,
    "pid": 38501,
    "index": 14
  },
  {
    "name": "Require(12) node_modules/_egg-view@2.1.2@egg-view/config/config.default.js",
    "start": 1569680270841,
    "end": 1569680270841,
    "duration": 0,
    "pid": 38501,
    "index": 15
  },
  {
    "name": "Require(13) node_modules/_egg-mongoose@3.2.0@egg-mongoose/config/config.default.js",
    "start": 1569680270841,
    "end": 1569680270841,
    "duration": 0,
    "pid": 38501,
    "index": 16
  },
  {
    "name": "Require(14) node_modules/_egg-jwt@3.1.6@egg-jwt/config/config.default.js",
    "start": 1569680270841,
    "end": 1569680270841,
    "duration": 0,
    "pid": 38501,
    "index": 17
  },
  {
    "name": "Require(15) node_modules/_egg-router-group@1.1.0@egg-router-group/config/config.default.js",
    "start": 1569680270841,
    "end": 1569680270842,
    "duration": 1,
    "pid": 38501,
    "index": 18
  },
  {
    "name": "Require(16) node_modules/_egg@2.23.0@egg/config/config.default.js",
    "start": 1569680270842,
    "end": 1569680270842,
    "duration": 0,
    "pid": 38501,
    "index": 19
  },
  {
    "name": "Require(17) config/config.default.js",
    "start": 1569680270843,
    "end": 1569680270843,
    "duration": 0,
    "pid": 38501,
    "index": 20
  },
  {
    "name": "Require(18) node_modules/_egg-security@2.6.1@egg-security/config/config.local.js",
    "start": 1569680270843,
    "end": 1569680270843,
    "duration": 0,
    "pid": 38501,
    "index": 21
  },
  {
    "name": "Require(19) node_modules/_egg-watcher@3.1.0@egg-watcher/config/config.local.js",
    "start": 1569680270844,
    "end": 1569680270844,
    "duration": 0,
    "pid": 38501,
    "index": 22
  },
  {
    "name": "Require(20) node_modules/_egg-view@2.1.2@egg-view/config/config.local.js",
    "start": 1569680270844,
    "end": 1569680270844,
    "duration": 0,
    "pid": 38501,
    "index": 23
  },
  {
    "name": "Require(21) node_modules/_egg@2.23.0@egg/config/config.local.js",
    "start": 1569680270844,
    "end": 1569680270845,
    "duration": 1,
    "pid": 38501,
    "index": 24
  },
  {
    "name": "Load extend/application.js",
    "start": 1569680270846,
    "end": 1569680270872,
    "duration": 26,
    "pid": 38501,
    "index": 25
  },
  {
    "name": "Require(22) node_modules/_egg-session@3.1.0@egg-session/app/extend/application.js",
    "start": 1569680270846,
    "end": 1569680270846,
    "duration": 0,
    "pid": 38501,
    "index": 26
  },
  {
    "name": "Require(23) node_modules/_egg-security@2.6.1@egg-security/app/extend/application.js",
    "start": 1569680270846,
    "end": 1569680270847,
    "duration": 1,
    "pid": 38501,
    "index": 27
  },
  {
    "name": "Require(24) node_modules/_egg-jsonp@2.0.0@egg-jsonp/app/extend/application.js",
    "start": 1569680270847,
    "end": 1569680270848,
    "duration": 1,
    "pid": 38501,
    "index": 28
  },
  {
    "name": "Require(25) node_modules/_egg-logrotator@3.1.0@egg-logrotator/app/extend/application.js",
    "start": 1569680270848,
    "end": 1569680270849,
    "duration": 1,
    "pid": 38501,
    "index": 29
  },
  {
    "name": "Require(26) node_modules/_egg-view@2.1.2@egg-view/app/extend/application.js",
    "start": 1569680270849,
    "end": 1569680270850,
    "duration": 1,
    "pid": 38501,
    "index": 30
  },
  {
    "name": "Require(27) node_modules/_egg-jwt@3.1.6@egg-jwt/app/extend/application.js",
    "start": 1569680270850,
    "end": 1569680270871,
    "duration": 21,
    "pid": 38501,
    "index": 31
  },
  {
    "name": "Load extend/request.js",
    "start": 1569680270872,
    "end": 1569680270874,
    "duration": 2,
    "pid": 38501,
    "index": 32
  },
  {
    "name": "Require(28) node_modules/_egg@2.23.0@egg/app/extend/request.js",
    "start": 1569680270873,
    "end": 1569680270873,
    "duration": 0,
    "pid": 38501,
    "index": 33
  },
  {
    "name": "Load extend/response.js",
    "start": 1569680270874,
    "end": 1569680270876,
    "duration": 2,
    "pid": 38501,
    "index": 34
  },
  {
    "name": "Require(29) node_modules/_egg@2.23.0@egg/app/extend/response.js",
    "start": 1569680270874,
    "end": 1569680270875,
    "duration": 1,
    "pid": 38501,
    "index": 35
  },
  {
    "name": "Load extend/context.js",
    "start": 1569680270876,
    "end": 1569680270918,
    "duration": 42,
    "pid": 38501,
    "index": 36
  },
  {
    "name": "Require(30) node_modules/_egg-security@2.6.1@egg-security/app/extend/context.js",
    "start": 1569680270876,
    "end": 1569680270880,
    "duration": 4,
    "pid": 38501,
    "index": 37
  },
  {
    "name": "Require(31) node_modules/_egg-jsonp@2.0.0@egg-jsonp/app/extend/context.js",
    "start": 1569680270880,
    "end": 1569680270881,
    "duration": 1,
    "pid": 38501,
    "index": 38
  },
  {
    "name": "Require(32) node_modules/_egg-i18n@2.1.1@egg-i18n/app/extend/context.js",
    "start": 1569680270881,
    "end": 1569680270881,
    "duration": 0,
    "pid": 38501,
    "index": 39
  },
  {
    "name": "Require(33) node_modules/_egg-multipart@2.9.0@egg-multipart/app/extend/context.js",
    "start": 1569680270881,
    "end": 1569680270916,
    "duration": 35,
    "pid": 38501,
    "index": 40
  },
  {
    "name": "Require(34) node_modules/_egg-view@2.1.2@egg-view/app/extend/context.js",
    "start": 1569680270916,
    "end": 1569680270917,
    "duration": 1,
    "pid": 38501,
    "index": 41
  },
  {
    "name": "Require(35) node_modules/_egg-mongoose@3.2.0@egg-mongoose/app/extend/context.js",
    "start": 1569680270917,
    "end": 1569680270917,
    "duration": 0,
    "pid": 38501,
    "index": 42
  },
  {
    "name": "Require(36) node_modules/_egg@2.23.0@egg/app/extend/context.js",
    "start": 1569680270917,
    "end": 1569680270918,
    "duration": 1,
    "pid": 38501,
    "index": 43
  },
  {
    "name": "Load extend/helper.js",
    "start": 1569680270919,
    "end": 1569680270927,
    "duration": 8,
    "pid": 38501,
    "index": 44
  },
  {
    "name": "Require(37) node_modules/_egg-security@2.6.1@egg-security/app/extend/helper.js",
    "start": 1569680270919,
    "end": 1569680270926,
    "duration": 7,
    "pid": 38501,
    "index": 45
  },
  {
    "name": "Require(38) node_modules/_egg@2.23.0@egg/app/extend/helper.js",
    "start": 1569680270926,
    "end": 1569680270927,
    "duration": 1,
    "pid": 38501,
    "index": 46
  },
  {
    "name": "Load app.js",
    "start": 1569680270927,
    "end": 1569680270942,
    "duration": 15,
    "pid": 38501,
    "index": 47
  },
  {
    "name": "Require(39) node_modules/_egg-session@3.1.0@egg-session/app.js",
    "start": 1569680270927,
    "end": 1569680270928,
    "duration": 1,
    "pid": 38501,
    "index": 48
  },
  {
    "name": "Require(40) node_modules/_egg-security@2.6.1@egg-security/app.js",
    "start": 1569680270928,
    "end": 1569680270928,
    "duration": 0,
    "pid": 38501,
    "index": 49
  },
  {
    "name": "Require(41) node_modules/_egg-onerror@2.1.0@egg-onerror/app.js",
    "start": 1569680270929,
    "end": 1569680270933,
    "duration": 4,
    "pid": 38501,
    "index": 50
  },
  {
    "name": "Require(42) node_modules/_egg-i18n@2.1.1@egg-i18n/app.js",
    "start": 1569680270933,
    "end": 1569680270935,
    "duration": 2,
    "pid": 38501,
    "index": 51
  },
  {
    "name": "Require(43) node_modules/_egg-watcher@3.1.0@egg-watcher/app.js",
    "start": 1569680270935,
    "end": 1569680270937,
    "duration": 2,
    "pid": 38501,
    "index": 52
  },
  {
    "name": "Require(44) node_modules/_egg-schedule@3.6.4@egg-schedule/app.js",
    "start": 1569680270937,
    "end": 1569680270938,
    "duration": 1,
    "pid": 38501,
    "index": 53
  },
  {
    "name": "Require(45) node_modules/_egg-multipart@2.9.0@egg-multipart/app.js",
    "start": 1569680270938,
    "end": 1569680270939,
    "duration": 1,
    "pid": 38501,
    "index": 54
  },
  {
    "name": "Require(46) node_modules/_egg-development@2.4.3@egg-development/app.js",
    "start": 1569680270939,
    "end": 1569680270940,
    "duration": 1,
    "pid": 38501,
    "index": 55
  },
  {
    "name": "Require(47) node_modules/_egg-logrotator@3.1.0@egg-logrotator/app.js",
    "start": 1569680270940,
    "end": 1569680270940,
    "duration": 0,
    "pid": 38501,
    "index": 56
  },
  {
    "name": "Require(48) node_modules/_egg-static@2.2.0@egg-static/app.js",
    "start": 1569680270940,
    "end": 1569680270940,
    "duration": 0,
    "pid": 38501,
    "index": 57
  },
  {
    "name": "Require(49) node_modules/_egg-mongoose@3.2.0@egg-mongoose/app.js",
    "start": 1569680270940,
    "end": 1569680270940,
    "duration": 0,
    "pid": 38501,
    "index": 58
  },
  {
    "name": "Require(50) node_modules/_egg-jwt@3.1.6@egg-jwt/app.js",
    "start": 1569680270940,
    "end": 1569680270941,
    "duration": 1,
    "pid": 38501,
    "index": 59
  },
  {
    "name": "Require(51) node_modules/_egg-router-group@1.1.0@egg-router-group/app.js",
    "start": 1569680270941,
    "end": 1569680270941,
    "duration": 0,
    "pid": 38501,
    "index": 60
  },
  {
    "name": "Before Start in node_modules/_egg-watcher@3.1.0@egg-watcher/lib/init.js:15:14",
    "start": 1569680270952,
    "end": 1569680271285,
    "duration": 333,
    "pid": 38501,
    "index": 61
  },
  {
    "name": "Before Start in node_modules/_egg-mongoose@3.2.0@egg-mongoose/lib/mongoose.js:91:7",
    "start": 1569680271169,
    "end": 1569680271283,
    "duration": 114,
    "pid": 38501,
    "index": 62
  },
  {
    "name": "Before Start in node_modules/_egg-mongoose@3.2.0@egg-mongoose/lib/mongoose.js:49:9",
    "start": 1569680271169,
    "end": 1569680271265,
    "duration": 96,
    "pid": 38501,
    "index": 63
  },
  {
    "name": "Before Start in node_modules/_egg-core@4.17.3@egg-core/lib/egg.js:303:10",
    "start": 1569680271169,
    "end": 1569680271265,
    "duration": 96,
    "pid": 38501,
    "index": 64
  },
  {
    "name": "Load Service",
    "start": 1569680271170,
    "end": 1569680271197,
    "duration": 27,
    "pid": 38501,
    "index": 65
  },
  {
    "name": "Load \"service\" to Context",
    "start": 1569680271170,
    "end": 1569680271197,
    "duration": 27,
    "pid": 38501,
    "index": 66
  },
  {
    "name": "Load Middleware",
    "start": 1569680271197,
    "end": 1569680271234,
    "duration": 37,
    "pid": 38501,
    "index": 67
  },
  {
    "name": "Load \"middlewares\" to Application",
    "start": 1569680271197,
    "end": 1569680271228,
    "duration": 31,
    "pid": 38501,
    "index": 68
  },
  {
    "name": "Load Controller",
    "start": 1569680271234,
    "end": 1569680271241,
    "duration": 7,
    "pid": 38501,
    "index": 69
  },
  {
    "name": "Load \"controller\" to Application",
    "start": 1569680271234,
    "end": 1569680271241,
    "duration": 7,
    "pid": 38501,
    "index": 70
  },
  {
    "name": "Load Router",
    "start": 1569680271241,
    "end": 1569680271244,
    "duration": 3,
    "pid": 38501,
    "index": 71
  },
  {
    "name": "Require(52) app/router.js",
    "start": 1569680271241,
    "end": 1569680271242,
    "duration": 1,
    "pid": 38501,
    "index": 72
  },
  {
    "name": "Load \"model\" to Application",
    "start": 1569680271252,
    "end": 1569680271264,
    "duration": 12,
    "pid": 38501,
    "index": 73
  }
]