[
  {
    "name": "Application Start",
    "start": 1569679523041,
    "end": 1569679523553,
    "duration": 512,
    "pid": 38130,
    "index": 0
  },
  {
    "name": "Load Plugin",
    "start": 1569679523045,
    "end": 1569679523055,
    "duration": 10,
    "pid": 38130,
    "index": 1
  },
  {
    "name": "Load Config",
    "start": 1569679523055,
    "end": 1569679523069,
    "duration": 14,
    "pid": 38130,
    "index": 2
  },
  {
    "name": "Require(0) config/config.default.js",
    "start": 1569679523055,
    "end": 1569679523056,
    "duration": 1,
    "pid": 38130,
    "index": 3
  },
  {
    "name": "Require(1) node_modules/_egg-session@3.1.0@egg-session/config/config.default.js",
    "start": 1569679523057,
    "end": 1569679523057,
    "duration": 0,
    "pid": 38130,
    "index": 4
  },
  {
    "name": "Require(2) node_modules/_egg-security@2.6.1@egg-security/config/config.default.js",
    "start": 1569679523057,
    "end": 1569679523060,
    "duration": 3,
    "pid": 38130,
    "index": 5
  },
  {
    "name": "Require(3) node_modules/_egg-jsonp@2.0.0@egg-jsonp/config/config.default.js",
    "start": 1569679523061,
    "end": 1569679523061,
    "duration": 0,
    "pid": 38130,
    "index": 6
  },
  {
    "name": "Require(4) node_modules/_egg-onerror@2.1.0@egg-onerror/config/config.default.js",
    "start": 1569679523061,
    "end": 1569679523061,
    "duration": 0,
    "pid": 38130,
    "index": 7
  },
  {
    "name": "Require(5) node_modules/_egg-i18n@2.1.1@egg-i18n/config/config.default.js",
    "start": 1569679523061,
    "end": 1569679523062,
    "duration": 1,
    "pid": 38130,
    "index": 8
  },
  {
    "name": "Require(6) node_modules/_egg-watcher@3.1.0@egg-watcher/config/config.default.js",
    "start": 1569679523062,
    "end": 1569679523062,
    "duration": 0,
    "pid": 38130,
    "index": 9
  },
  {
    "name": "Require(7) node_modules/_egg-schedule@3.6.4@egg-schedule/config/config.default.js",
    "start": 1569679523062,
    "end": 1569679523062,
    "duration": 0,
    "pid": 38130,
    "index": 10
  },
  {
    "name": "Require(8) node_modules/_egg-multipart@2.9.0@egg-multipart/config/config.default.js",
    "start": 1569679523063,
    "end": 1569679523063,
    "duration": 0,
    "pid": 38130,
    "index": 11
  },
  {
    "name": "Require(9) node_modules/_egg-development@2.4.3@egg-development/config/config.default.js",
    "start": 1569679523063,
    "end": 1569679523063,
    "duration": 0,
    "pid": 38130,
    "index": 12
  },
  {
    "name": "Require(10) node_modules/_egg-logrotator@3.1.0@egg-logrotator/config/config.default.js",
    "start": 1569679523064,
    "end": 1569679523064,
    "duration": 0,
    "pid": 38130,
    "index": 13
  },
  {
    "name": "Require(11) node_modules/_egg-static@2.2.0@egg-static/config/config.default.js",
    "start": 1569679523064,
    "end": 1569679523064,
    "duration": 0,
    "pid": 38130,
    "index": 14
  },
  {
    "name": "Require(12) node_modules/_egg-view@2.1.2@egg-view/config/config.default.js",
    "start": 1569679523064,
    "end": 1569679523065,
    "duration": 1,
    "pid": 38130,
    "index": 15
  },
  {
    "name": "Require(13) node_modules/_egg-mongoose@3.2.0@egg-mongoose/config/config.default.js",
    "start": 1569679523065,
    "end": 1569679523065,
    "duration": 0,
    "pid": 38130,
    "index": 16
  },
  {
    "name": "Require(14) node_modules/_egg-jwt@3.1.6@egg-jwt/config/config.default.js",
    "start": 1569679523065,
    "end": 1569679523065,
    "duration": 0,
    "pid": 38130,
    "index": 17
  },
  {
    "name": "Require(15) node_modules/_egg-router-group@1.1.0@egg-router-group/config/config.default.js",
    "start": 1569679523066,
    "end": 1569679523066,
    "duration": 0,
    "pid": 38130,
    "index": 18
  },
  {
    "name": "Require(16) node_modules/_egg@2.23.0@egg/config/config.default.js",
    "start": 1569679523066,
    "end": 1569679523066,
    "duration": 0,
    "pid": 38130,
    "index": 19
  },
  {
    "name": "Require(17) config/config.default.js",
    "start": 1569679523067,
    "end": 1569679523067,
    "duration": 0,
    "pid": 38130,
    "index": 20
  },
  {
    "name": "Require(18) node_modules/_egg-security@2.6.1@egg-security/config/config.local.js",
    "start": 1569679523068,
    "end": 1569679523068,
    "duration": 0,
    "pid": 38130,
    "index": 21
  },
  {
    "name": "Require(19) node_modules/_egg-watcher@3.1.0@egg-watcher/config/config.local.js",
    "start": 1569679523068,
    "end": 1569679523068,
    "duration": 0,
    "pid": 38130,
    "index": 22
  },
  {
    "name": "Require(20) node_modules/_egg-view@2.1.2@egg-view/config/config.local.js",
    "start": 1569679523069,
    "end": 1569679523069,
    "duration": 0,
    "pid": 38130,
    "index": 23
  },
  {
    "name": "Require(21) node_modules/_egg@2.23.0@egg/config/config.local.js",
    "start": 1569679523069,
    "end": 1569679523069,
    "duration": 0,
    "pid": 38130,
    "index": 24
  },
  {
    "name": "Load extend/application.js",
    "start": 1569679523071,
    "end": 1569679523101,
    "duration": 30,
    "pid": 38130,
    "index": 25
  },
  {
    "name": "Require(22) node_modules/_egg-session@3.1.0@egg-session/app/extend/application.js",
    "start": 1569679523071,
    "end": 1569679523071,
    "duration": 0,
    "pid": 38130,
    "index": 26
  },
  {
    "name": "Require(23) node_modules/_egg-security@2.6.1@egg-security/app/extend/application.js",
    "start": 1569679523072,
    "end": 1569679523072,
    "duration": 0,
    "pid": 38130,
    "index": 27
  },
  {
    "name": "Require(24) node_modules/_egg-jsonp@2.0.0@egg-jsonp/app/extend/application.js",
    "start": 1569679523072,
    "end": 1569679523073,
    "duration": 1,
    "pid": 38130,
    "index": 28
  },
  {
    "name": "Require(25) node_modules/_egg-logrotator@3.1.0@egg-logrotator/app/extend/application.js",
    "start": 1569679523073,
    "end": 1569679523074,
    "duration": 1,
    "pid": 38130,
    "index": 29
  },
  {
    "name": "Require(26) node_modules/_egg-view@2.1.2@egg-view/app/extend/application.js",
    "start": 1569679523074,
    "end": 1569679523075,
    "duration": 1,
    "pid": 38130,
    "index": 30
  },
  {
    "name": "Require(27) node_modules/_egg-jwt@3.1.6@egg-jwt/app/extend/application.js",
    "start": 1569679523075,
    "end": 1569679523100,
    "duration": 25,
    "pid": 38130,
    "index": 31
  },
  {
    "name": "Load extend/request.js",
    "start": 1569679523101,
    "end": 1569679523103,
    "duration": 2,
    "pid": 38130,
    "index": 32
  },
  {
    "name": "Require(28) node_modules/_egg@2.23.0@egg/app/extend/request.js",
    "start": 1569679523101,
    "end": 1569679523102,
    "duration": 1,
    "pid": 38130,
    "index": 33
  },
  {
    "name": "Load extend/response.js",
    "start": 1569679523103,
    "end": 1569679523105,
    "duration": 2,
    "pid": 38130,
    "index": 34
  },
  {
    "name": "Require(29) node_modules/_egg@2.23.0@egg/app/extend/response.js",
    "start": 1569679523103,
    "end": 1569679523104,
    "duration": 1,
    "pid": 38130,
    "index": 35
  },
  {
    "name": "Load extend/context.js",
    "start": 1569679523105,
    "end": 1569679523147,
    "duration": 42,
    "pid": 38130,
    "index": 36
  },
  {
    "name": "Require(30) node_modules/_egg-security@2.6.1@egg-security/app/extend/context.js",
    "start": 1569679523105,
    "end": 1569679523109,
    "duration": 4,
    "pid": 38130,
    "index": 37
  },
  {
    "name": "Require(31) node_modules/_egg-jsonp@2.0.0@egg-jsonp/app/extend/context.js",
    "start": 1569679523109,
    "end": 1569679523110,
    "duration": 1,
    "pid": 38130,
    "index": 38
  },
  {
    "name": "Require(32) node_modules/_egg-i18n@2.1.1@egg-i18n/app/extend/context.js",
    "start": 1569679523110,
    "end": 1569679523110,
    "duration": 0,
    "pid": 38130,
    "index": 39
  },
  {
    "name": "Require(33) node_modules/_egg-multipart@2.9.0@egg-multipart/app/extend/context.js",
    "start": 1569679523111,
    "end": 1569679523145,
    "duration": 34,
    "pid": 38130,
    "index": 40
  },
  {
    "name": "Require(34) node_modules/_egg-view@2.1.2@egg-view/app/extend/context.js",
    "start": 1569679523145,
    "end": 1569679523146,
    "duration": 1,
    "pid": 38130,
    "index": 41
  },
  {
    "name": "Require(35) node_modules/_egg-mongoose@3.2.0@egg-mongoose/app/extend/context.js",
    "start": 1569679523146,
    "end": 1569679523146,
    "duration": 0,
    "pid": 38130,
    "index": 42
  },
  {
    "name": "Require(36) node_modules/_egg@2.23.0@egg/app/extend/context.js",
    "start": 1569679523146,
    "end": 1569679523147,
    "duration": 1,
    "pid": 38130,
    "index": 43
  },
  {
    "name": "Load extend/helper.js",
    "start": 1569679523147,
    "end": 1569679523157,
    "duration": 10,
    "pid": 38130,
    "index": 44
  },
  {
    "name": "Require(37) node_modules/_egg-security@2.6.1@egg-security/app/extend/helper.js",
    "start": 1569679523147,
    "end": 1569679523156,
    "duration": 9,
    "pid": 38130,
    "index": 45
  },
  {
    "name": "Require(38) node_modules/_egg@2.23.0@egg/app/extend/helper.js",
    "start": 1569679523156,
    "end": 1569679523157,
    "duration": 1,
    "pid": 38130,
    "index": 46
  },
  {
    "name": "Load app.js",
    "start": 1569679523157,
    "end": 1569679523174,
    "duration": 17,
    "pid": 38130,
    "index": 47
  },
  {
    "name": "Require(39) node_modules/_egg-session@3.1.0@egg-session/app.js",
    "start": 1569679523157,
    "end": 1569679523158,
    "duration": 1,
    "pid": 38130,
    "index": 48
  },
  {
    "name": "Require(40) node_modules/_egg-security@2.6.1@egg-security/app.js",
    "start": 1569679523158,
    "end": 1569679523159,
    "duration": 1,
    "pid": 38130,
    "index": 49
  },
  {
    "name": "Require(41) node_modules/_egg-onerror@2.1.0@egg-onerror/app.js",
    "start": 1569679523159,
    "end": 1569679523164,
    "duration": 5,
    "pid": 38130,
    "index": 50
  },
  {
    "name": "Require(42) node_modules/_egg-i18n@2.1.1@egg-i18n/app.js",
    "start": 1569679523165,
    "end": 1569679523167,
    "duration": 2,
    "pid": 38130,
    "index": 51
  },
  {
    "name": "Require(43) node_modules/_egg-watcher@3.1.0@egg-watcher/app.js",
    "start": 1569679523168,
    "end": 1569679523169,
    "duration": 1,
    "pid": 38130,
    "index": 52
  },
  {
    "name": "Require(44) node_modules/_egg-schedule@3.6.4@egg-schedule/app.js",
    "start": 1569679523170,
    "end": 1569679523170,
    "duration": 0,
    "pid": 38130,
    "index": 53
  },
  {
    "name": "Require(45) node_modules/_egg-multipart@2.9.0@egg-multipart/app.js",
    "start": 1569679523170,
    "end": 1569679523171,
    "duration": 1,
    "pid": 38130,
    "index": 54
  },
  {
    "name": "Require(46) node_modules/_egg-development@2.4.3@egg-development/app.js",
    "start": 1569679523172,
    "end": 1569679523172,
    "duration": 0,
    "pid": 38130,
    "index": 55
  },
  {
    "name": "Require(47) node_modules/_egg-logrotator@3.1.0@egg-logrotator/app.js",
    "start": 1569679523172,
    "end": 1569679523172,
    "duration": 0,
    "pid": 38130,
    "index": 56
  },
  {
    "name": "Require(48) node_modules/_egg-static@2.2.0@egg-static/app.js",
    "start": 1569679523172,
    "end": 1569679523172,
    "duration": 0,
    "pid": 38130,
    "index": 57
  },
  {
    "name": "Require(49) node_modules/_egg-mongoose@3.2.0@egg-mongoose/app.js",
    "start": 1569679523172,
    "end": 1569679523172,
    "duration": 0,
    "pid": 38130,
    "index": 58
  },
  {
    "name": "Require(50) node_modules/_egg-jwt@3.1.6@egg-jwt/app.js",
    "start": 1569679523172,
    "end": 1569679523173,
    "duration": 1,
    "pid": 38130,
    "index": 59
  },
  {
    "name": "Require(51) node_modules/_egg-router-group@1.1.0@egg-router-group/app.js",
    "start": 1569679523173,
    "end": 1569679523173,
    "duration": 0,
    "pid": 38130,
    "index": 60
  },
  {
    "name": "Before Start in node_modules/_egg-watcher@3.1.0@egg-watcher/lib/init.js:15:14",
    "start": 1569679523183,
    "end": 1569679523547,
    "duration": 364,
    "pid": 38130,
    "index": 61
  },
  {
    "name": "Before Start in node_modules/_egg-mongoose@3.2.0@egg-mongoose/lib/mongoose.js:91:7",
    "start": 1569679523421,
    "end": 1569679523545,
    "duration": 124,
    "pid": 38130,
    "index": 62
  },
  {
    "name": "Before Start in node_modules/_egg-mongoose@3.2.0@egg-mongoose/lib/mongoose.js:49:9",
    "start": 1569679523421,
    "end": 1569679523526,
    "duration": 105,
    "pid": 38130,
    "index": 63
  },
  {
    "name": "Before Start in node_modules/_egg-core@4.17.3@egg-core/lib/egg.js:303:10",
    "start": 1569679523422,
    "end": 1569679523526,
    "duration": 104,
    "pid": 38130,
    "index": 64
  },
  {
    "name": "Load Service",
    "start": 1569679523422,
    "end": 1569679523454,
    "duration": 32,
    "pid": 38130,
    "index": 65
  },
  {
    "name": "Load \"service\" to Context",
    "start": 1569679523422,
    "end": 1569679523454,
    "duration": 32,
    "pid": 38130,
    "index": 66
  },
  {
    "name": "Load Middleware",
    "start": 1569679523455,
    "end": 1569679523493,
    "duration": 38,
    "pid": 38130,
    "index": 67
  },
  {
    "name": "Load \"middlewares\" to Application",
    "start": 1569679523455,
    "end": 1569679523488,
    "duration": 33,
    "pid": 38130,
    "index": 68
  },
  {
    "name": "Load Controller",
    "start": 1569679523493,
    "end": 1569679523502,
    "duration": 9,
    "pid": 38130,
    "index": 69
  },
  {
    "name": "Load \"controller\" to Application",
    "start": 1569679523493,
    "end": 1569679523502,
    "duration": 9,
    "pid": 38130,
    "index": 70
  },
  {
    "name": "Load Router",
    "start": 1569679523502,
    "end": 1569679523504,
    "duration": 2,
    "pid": 38130,
    "index": 71
  },
  {
    "name": "Require(52) app/router.js",
    "start": 1569679523502,
    "end": 1569679523502,
    "duration": 0,
    "pid": 38130,
    "index": 72
  },
  {
    "name": "Load \"model\" to Application",
    "start": 1569679523512,
    "end": 1569679523525,
    "duration": 13,
    "pid": 38130,
    "index": 73
  }
]