[
  {
    "name": "Application Start",
    "start": 1569680746385,
    "end": 1569680747038,
    "duration": 653,
    "pid": 38714,
    "index": 0
  },
  {
    "name": "Load Plugin",
    "start": 1569680746389,
    "end": 1569680746397,
    "duration": 8,
    "pid": 38714,
    "index": 1
  },
  {
    "name": "Load Config",
    "start": 1569680746397,
    "end": 1569680746411,
    "duration": 14,
    "pid": 38714,
    "index": 2
  },
  {
    "name": "Require(0) config/config.default.js",
    "start": 1569680746398,
    "end": 1569680746398,
    "duration": 0,
    "pid": 38714,
    "index": 3
  },
  {
    "name": "Require(1) node_modules/_egg-session@3.1.0@egg-session/config/config.default.js",
    "start": 1569680746399,
    "end": 1569680746399,
    "duration": 0,
    "pid": 38714,
    "index": 4
  },
  {
    "name": "Require(2) node_modules/_egg-security@2.6.1@egg-security/config/config.default.js",
    "start": 1569680746400,
    "end": 1569680746402,
    "duration": 2,
    "pid": 38714,
    "index": 5
  },
  {
    "name": "Require(3) node_modules/_egg-jsonp@2.0.0@egg-jsonp/config/config.default.js",
    "start": 1569680746402,
    "end": 1569680746403,
    "duration": 1,
    "pid": 38714,
    "index": 6
  },
  {
    "name": "Require(4) node_modules/_egg-onerror@2.1.0@egg-onerror/config/config.default.js",
    "start": 1569680746403,
    "end": 1569680746403,
    "duration": 0,
    "pid": 38714,
    "index": 7
  },
  {
    "name": "Require(5) node_modules/_egg-i18n@2.1.1@egg-i18n/config/config.default.js",
    "start": 1569680746403,
    "end": 1569680746403,
    "duration": 0,
    "pid": 38714,
    "index": 8
  },
  {
    "name": "Require(6) node_modules/_egg-watcher@3.1.0@egg-watcher/config/config.default.js",
    "start": 1569680746403,
    "end": 1569680746404,
    "duration": 1,
    "pid": 38714,
    "index": 9
  },
  {
    "name": "Require(7) node_modules/_egg-schedule@3.6.4@egg-schedule/config/config.default.js",
    "start": 1569680746404,
    "end": 1569680746404,
    "duration": 0,
    "pid": 38714,
    "index": 10
  },
  {
    "name": "Require(8) node_modules/_egg-multipart@2.9.0@egg-multipart/config/config.default.js",
    "start": 1569680746404,
    "end": 1569680746404,
    "duration": 0,
    "pid": 38714,
    "index": 11
  },
  {
    "name": "Require(9) node_modules/_egg-development@2.4.3@egg-development/config/config.default.js",
    "start": 1569680746405,
    "end": 1569680746405,
    "duration": 0,
    "pid": 38714,
    "index": 12
  },
  {
    "name": "Require(10) node_modules/_egg-logrotator@3.1.0@egg-logrotator/config/config.default.js",
    "start": 1569680746405,
    "end": 1569680746405,
    "duration": 0,
    "pid": 38714,
    "index": 13
  },
  {
    "name": "Require(11) node_modules/_egg-static@2.2.0@egg-static/config/config.default.js",
    "start": 1569680746405,
    "end": 1569680746405,
    "duration": 0,
    "pid": 38714,
    "index": 14
  },
  {
    "name": "Require(12) node_modules/_egg-view@2.1.2@egg-view/config/config.default.js",
    "start": 1569680746406,
    "end": 1569680746406,
    "duration": 0,
    "pid": 38714,
    "index": 15
  },
  {
    "name": "Require(13) node_modules/_egg-mongoose@3.2.0@egg-mongoose/config/config.default.js",
    "start": 1569680746406,
    "end": 1569680746406,
    "duration": 0,
    "pid": 38714,
    "index": 16
  },
  {
    "name": "Require(14) node_modules/_egg-jwt@3.1.6@egg-jwt/config/config.default.js",
    "start": 1569680746406,
    "end": 1569680746406,
    "duration": 0,
    "pid": 38714,
    "index": 17
  },
  {
    "name": "Require(15) node_modules/_egg-router-group@1.1.0@egg-router-group/config/config.default.js",
    "start": 1569680746407,
    "end": 1569680746407,
    "duration": 0,
    "pid": 38714,
    "index": 18
  },
  {
    "name": "Require(16) node_modules/_egg@2.23.0@egg/config/config.default.js",
    "start": 1569680746407,
    "end": 1569680746407,
    "duration": 0,
    "pid": 38714,
    "index": 19
  },
  {
    "name": "Require(17) config/config.default.js",
    "start": 1569680746408,
    "end": 1569680746408,
    "duration": 0,
    "pid": 38714,
    "index": 20
  },
  {
    "name": "Require(18) node_modules/_egg-security@2.6.1@egg-security/config/config.local.js",
    "start": 1569680746409,
    "end": 1569680746409,
    "duration": 0,
    "pid": 38714,
    "index": 21
  },
  {
    "name": "Require(19) node_modules/_egg-watcher@3.1.0@egg-watcher/config/config.local.js",
    "start": 1569680746409,
    "end": 1569680746409,
    "duration": 0,
    "pid": 38714,
    "index": 22
  },
  {
    "name": "Require(20) node_modules/_egg-view@2.1.2@egg-view/config/config.local.js",
    "start": 1569680746410,
    "end": 1569680746410,
    "duration": 0,
    "pid": 38714,
    "index": 23
  },
  {
    "name": "Require(21) node_modules/_egg@2.23.0@egg/config/config.local.js",
    "start": 1569680746410,
    "end": 1569680746411,
    "duration": 1,
    "pid": 38714,
    "index": 24
  },
  {
    "name": "Load extend/application.js",
    "start": 1569680746412,
    "end": 1569680746444,
    "duration": 32,
    "pid": 38714,
    "index": 25
  },
  {
    "name": "Require(22) node_modules/_egg-session@3.1.0@egg-session/app/extend/application.js",
    "start": 1569680746412,
    "end": 1569680746413,
    "duration": 1,
    "pid": 38714,
    "index": 26
  },
  {
    "name": "Require(23) node_modules/_egg-security@2.6.1@egg-security/app/extend/application.js",
    "start": 1569680746413,
    "end": 1569680746413,
    "duration": 0,
    "pid": 38714,
    "index": 27
  },
  {
    "name": "Require(24) node_modules/_egg-jsonp@2.0.0@egg-jsonp/app/extend/application.js",
    "start": 1569680746413,
    "end": 1569680746414,
    "duration": 1,
    "pid": 38714,
    "index": 28
  },
  {
    "name": "Require(25) node_modules/_egg-logrotator@3.1.0@egg-logrotator/app/extend/application.js",
    "start": 1569680746414,
    "end": 1569680746415,
    "duration": 1,
    "pid": 38714,
    "index": 29
  },
  {
    "name": "Require(26) node_modules/_egg-view@2.1.2@egg-view/app/extend/application.js",
    "start": 1569680746415,
    "end": 1569680746416,
    "duration": 1,
    "pid": 38714,
    "index": 30
  },
  {
    "name": "Require(27) node_modules/_egg-jwt@3.1.6@egg-jwt/app/extend/application.js",
    "start": 1569680746416,
    "end": 1569680746443,
    "duration": 27,
    "pid": 38714,
    "index": 31
  },
  {
    "name": "Load extend/request.js",
    "start": 1569680746444,
    "end": 1569680746446,
    "duration": 2,
    "pid": 38714,
    "index": 32
  },
  {
    "name": "Require(28) node_modules/_egg@2.23.0@egg/app/extend/request.js",
    "start": 1569680746445,
    "end": 1569680746446,
    "duration": 1,
    "pid": 38714,
    "index": 33
  },
  {
    "name": "Load extend/response.js",
    "start": 1569680746446,
    "end": 1569680746448,
    "duration": 2,
    "pid": 38714,
    "index": 34
  },
  {
    "name": "Require(29) node_modules/_egg@2.23.0@egg/app/extend/response.js",
    "start": 1569680746447,
    "end": 1569680746447,
    "duration": 0,
    "pid": 38714,
    "index": 35
  },
  {
    "name": "Load extend/context.js",
    "start": 1569680746448,
    "end": 1569680746490,
    "duration": 42,
    "pid": 38714,
    "index": 36
  },
  {
    "name": "Require(30) node_modules/_egg-security@2.6.1@egg-security/app/extend/context.js",
    "start": 1569680746448,
    "end": 1569680746453,
    "duration": 5,
    "pid": 38714,
    "index": 37
  },
  {
    "name": "Require(31) node_modules/_egg-jsonp@2.0.0@egg-jsonp/app/extend/context.js",
    "start": 1569680746453,
    "end": 1569680746454,
    "duration": 1,
    "pid": 38714,
    "index": 38
  },
  {
    "name": "Require(32) node_modules/_egg-i18n@2.1.1@egg-i18n/app/extend/context.js",
    "start": 1569680746454,
    "end": 1569680746454,
    "duration": 0,
    "pid": 38714,
    "index": 39
  },
  {
    "name": "Require(33) node_modules/_egg-multipart@2.9.0@egg-multipart/app/extend/context.js",
    "start": 1569680746454,
    "end": 1569680746486,
    "duration": 32,
    "pid": 38714,
    "index": 40
  },
  {
    "name": "Require(34) node_modules/_egg-view@2.1.2@egg-view/app/extend/context.js",
    "start": 1569680746488,
    "end": 1569680746489,
    "duration": 1,
    "pid": 38714,
    "index": 41
  },
  {
    "name": "Require(35) node_modules/_egg-mongoose@3.2.0@egg-mongoose/app/extend/context.js",
    "start": 1569680746489,
    "end": 1569680746489,
    "duration": 0,
    "pid": 38714,
    "index": 42
  },
  {
    "name": "Require(36) node_modules/_egg@2.23.0@egg/app/extend/context.js",
    "start": 1569680746489,
    "end": 1569680746490,
    "duration": 1,
    "pid": 38714,
    "index": 43
  },
  {
    "name": "Load extend/helper.js",
    "start": 1569680746490,
    "end": 1569680746502,
    "duration": 12,
    "pid": 38714,
    "index": 44
  },
  {
    "name": "Require(37) node_modules/_egg-security@2.6.1@egg-security/app/extend/helper.js",
    "start": 1569680746491,
    "end": 1569680746501,
    "duration": 10,
    "pid": 38714,
    "index": 45
  },
  {
    "name": "Require(38) node_modules/_egg@2.23.0@egg/app/extend/helper.js",
    "start": 1569680746502,
    "end": 1569680746502,
    "duration": 0,
    "pid": 38714,
    "index": 46
  },
  {
    "name": "Load app.js",
    "start": 1569680746503,
    "end": 1569680746519,
    "duration": 16,
    "pid": 38714,
    "index": 47
  },
  {
    "name": "Require(39) node_modules/_egg-session@3.1.0@egg-session/app.js",
    "start": 1569680746503,
    "end": 1569680746503,
    "duration": 0,
    "pid": 38714,
    "index": 48
  },
  {
    "name": "Require(40) node_modules/_egg-security@2.6.1@egg-security/app.js",
    "start": 1569680746503,
    "end": 1569680746504,
    "duration": 1,
    "pid": 38714,
    "index": 49
  },
  {
    "name": "Require(41) node_modules/_egg-onerror@2.1.0@egg-onerror/app.js",
    "start": 1569680746504,
    "end": 1569680746508,
    "duration": 4,
    "pid": 38714,
    "index": 50
  },
  {
    "name": "Require(42) node_modules/_egg-i18n@2.1.1@egg-i18n/app.js",
    "start": 1569680746508,
    "end": 1569680746511,
    "duration": 3,
    "pid": 38714,
    "index": 51
  },
  {
    "name": "Require(43) node_modules/_egg-watcher@3.1.0@egg-watcher/app.js",
    "start": 1569680746511,
    "end": 1569680746513,
    "duration": 2,
    "pid": 38714,
    "index": 52
  },
  {
    "name": "Require(44) node_modules/_egg-schedule@3.6.4@egg-schedule/app.js",
    "start": 1569680746513,
    "end": 1569680746514,
    "duration": 1,
    "pid": 38714,
    "index": 53
  },
  {
    "name": "Require(45) node_modules/_egg-multipart@2.9.0@egg-multipart/app.js",
    "start": 1569680746514,
    "end": 1569680746516,
    "duration": 2,
    "pid": 38714,
    "index": 54
  },
  {
    "name": "Require(46) node_modules/_egg-development@2.4.3@egg-development/app.js",
    "start": 1569680746516,
    "end": 1569680746516,
    "duration": 0,
    "pid": 38714,
    "index": 55
  },
  {
    "name": "Require(47) node_modules/_egg-logrotator@3.1.0@egg-logrotator/app.js",
    "start": 1569680746516,
    "end": 1569680746516,
    "duration": 0,
    "pid": 38714,
    "index": 56
  },
  {
    "name": "Require(48) node_modules/_egg-static@2.2.0@egg-static/app.js",
    "start": 1569680746516,
    "end": 1569680746516,
    "duration": 0,
    "pid": 38714,
    "index": 57
  },
  {
    "name": "Require(49) node_modules/_egg-mongoose@3.2.0@egg-mongoose/app.js",
    "start": 1569680746517,
    "end": 1569680746517,
    "duration": 0,
    "pid": 38714,
    "index": 58
  },
  {
    "name": "Require(50) node_modules/_egg-jwt@3.1.6@egg-jwt/app.js",
    "start": 1569680746517,
    "end": 1569680746517,
    "duration": 0,
    "pid": 38714,
    "index": 59
  },
  {
    "name": "Require(51) node_modules/_egg-router-group@1.1.0@egg-router-group/app.js",
    "start": 1569680746517,
    "end": 1569680746518,
    "duration": 1,
    "pid": 38714,
    "index": 60
  },
  {
    "name": "Before Start in node_modules/_egg-watcher@3.1.0@egg-watcher/lib/init.js:15:14",
    "start": 1569680746531,
    "end": 1569680747037,
    "duration": 506,
    "pid": 38714,
    "index": 61
  },
  {
    "name": "Before Start in node_modules/_egg-mongoose@3.2.0@egg-mongoose/lib/mongoose.js:91:7",
    "start": 1569680746874,
    "end": 1569680747033,
    "duration": 159,
    "pid": 38714,
    "index": 62
  },
  {
    "name": "Before Start in node_modules/_egg-mongoose@3.2.0@egg-mongoose/lib/mongoose.js:49:9",
    "start": 1569680746874,
    "end": 1569680747006,
    "duration": 132,
    "pid": 38714,
    "index": 63
  },
  {
    "name": "Before Start in node_modules/_egg-core@4.17.3@egg-core/lib/egg.js:303:10",
    "start": 1569680746875,
    "end": 1569680747006,
    "duration": 131,
    "pid": 38714,
    "index": 64
  },
  {
    "name": "Load Service",
    "start": 1569680746875,
    "end": 1569680746911,
    "duration": 36,
    "pid": 38714,
    "index": 65
  },
  {
    "name": "Load \"service\" to Context",
    "start": 1569680746875,
    "end": 1569680746911,
    "duration": 36,
    "pid": 38714,
    "index": 66
  },
  {
    "name": "Load Middleware",
    "start": 1569680746911,
    "end": 1569680746971,
    "duration": 60,
    "pid": 38714,
    "index": 67
  },
  {
    "name": "Load \"middlewares\" to Application",
    "start": 1569680746911,
    "end": 1569680746964,
    "duration": 53,
    "pid": 38714,
    "index": 68
  },
  {
    "name": "Load Controller",
    "start": 1569680746971,
    "end": 1569680746979,
    "duration": 8,
    "pid": 38714,
    "index": 69
  },
  {
    "name": "Load \"controller\" to Application",
    "start": 1569680746971,
    "end": 1569680746979,
    "duration": 8,
    "pid": 38714,
    "index": 70
  },
  {
    "name": "Load Router",
    "start": 1569680746979,
    "end": 1569680746982,
    "duration": 3,
    "pid": 38714,
    "index": 71
  },
  {
    "name": "Require(52) app/router.js",
    "start": 1569680746980,
    "end": 1569680746980,
    "duration": 0,
    "pid": 38714,
    "index": 72
  },
  {
    "name": "Load \"model\" to Application",
    "start": 1569680746991,
    "end": 1569680747005,
    "duration": 14,
    "pid": 38714,
    "index": 73
  }
]