[
  {
    "name": "Application Start",
    "start": 1569679902412,
    "end": 1569679902990,
    "duration": 578,
    "pid": 38311,
    "index": 0
  },
  {
    "name": "Load Plugin",
    "start": 1569679902416,
    "end": 1569679902425,
    "duration": 9,
    "pid": 38311,
    "index": 1
  },
  {
    "name": "Load Config",
    "start": 1569679902425,
    "end": 1569679902442,
    "duration": 17,
    "pid": 38311,
    "index": 2
  },
  {
    "name": "Require(0) config/config.default.js",
    "start": 1569679902426,
    "end": 1569679902426,
    "duration": 0,
    "pid": 38311,
    "index": 3
  },
  {
    "name": "Require(1) node_modules/_egg-session@3.1.0@egg-session/config/config.default.js",
    "start": 1569679902428,
    "end": 1569679902429,
    "duration": 1,
    "pid": 38311,
    "index": 4
  },
  {
    "name": "Require(2) node_modules/_egg-security@2.6.1@egg-security/config/config.default.js",
    "start": 1569679902429,
    "end": 1569679902431,
    "duration": 2,
    "pid": 38311,
    "index": 5
  },
  {
    "name": "Require(3) node_modules/_egg-jsonp@2.0.0@egg-jsonp/config/config.default.js",
    "start": 1569679902432,
    "end": 1569679902432,
    "duration": 0,
    "pid": 38311,
    "index": 6
  },
  {
    "name": "Require(4) node_modules/_egg-onerror@2.1.0@egg-onerror/config/config.default.js",
    "start": 1569679902432,
    "end": 1569679902432,
    "duration": 0,
    "pid": 38311,
    "index": 7
  },
  {
    "name": "Require(5) node_modules/_egg-i18n@2.1.1@egg-i18n/config/config.default.js",
    "start": 1569679902432,
    "end": 1569679902433,
    "duration": 1,
    "pid": 38311,
    "index": 8
  },
  {
    "name": "Require(6) node_modules/_egg-watcher@3.1.0@egg-watcher/config/config.default.js",
    "start": 1569679902433,
    "end": 1569679902433,
    "duration": 0,
    "pid": 38311,
    "index": 9
  },
  {
    "name": "Require(7) node_modules/_egg-schedule@3.6.4@egg-schedule/config/config.default.js",
    "start": 1569679902433,
    "end": 1569679902433,
    "duration": 0,
    "pid": 38311,
    "index": 10
  },
  {
    "name": "Require(8) node_modules/_egg-multipart@2.9.0@egg-multipart/config/config.default.js",
    "start": 1569679902434,
    "end": 1569679902434,
    "duration": 0,
    "pid": 38311,
    "index": 11
  },
  {
    "name": "Require(9) node_modules/_egg-development@2.4.3@egg-development/config/config.default.js",
    "start": 1569679902434,
    "end": 1569679902435,
    "duration": 1,
    "pid": 38311,
    "index": 12
  },
  {
    "name": "Require(10) node_modules/_egg-logrotator@3.1.0@egg-logrotator/config/config.default.js",
    "start": 1569679902435,
    "end": 1569679902435,
    "duration": 0,
    "pid": 38311,
    "index": 13
  },
  {
    "name": "Require(11) node_modules/_egg-static@2.2.0@egg-static/config/config.default.js",
    "start": 1569679902435,
    "end": 1569679902435,
    "duration": 0,
    "pid": 38311,
    "index": 14
  },
  {
    "name": "Require(12) node_modules/_egg-view@2.1.2@egg-view/config/config.default.js",
    "start": 1569679902436,
    "end": 1569679902436,
    "duration": 0,
    "pid": 38311,
    "index": 15
  },
  {
    "name": "Require(13) node_modules/_egg-mongoose@3.2.0@egg-mongoose/config/config.default.js",
    "start": 1569679902437,
    "end": 1569679902437,
    "duration": 0,
    "pid": 38311,
    "index": 16
  },
  {
    "name": "Require(14) node_modules/_egg-jwt@3.1.6@egg-jwt/config/config.default.js",
    "start": 1569679902438,
    "end": 1569679902438,
    "duration": 0,
    "pid": 38311,
    "index": 17
  },
  {
    "name": "Require(15) node_modules/_egg-router-group@1.1.0@egg-router-group/config/config.default.js",
    "start": 1569679902438,
    "end": 1569679902438,
    "duration": 0,
    "pid": 38311,
    "index": 18
  },
  {
    "name": "Require(16) node_modules/_egg@2.23.0@egg/config/config.default.js",
    "start": 1569679902438,
    "end": 1569679902439,
    "duration": 1,
    "pid": 38311,
    "index": 19
  },
  {
    "name": "Require(17) config/config.default.js",
    "start": 1569679902440,
    "end": 1569679902440,
    "duration": 0,
    "pid": 38311,
    "index": 20
  },
  {
    "name": "Require(18) node_modules/_egg-security@2.6.1@egg-security/config/config.local.js",
    "start": 1569679902440,
    "end": 1569679902441,
    "duration": 1,
    "pid": 38311,
    "index": 21
  },
  {
    "name": "Require(19) node_modules/_egg-watcher@3.1.0@egg-watcher/config/config.local.js",
    "start": 1569679902441,
    "end": 1569679902441,
    "duration": 0,
    "pid": 38311,
    "index": 22
  },
  {
    "name": "Require(20) node_modules/_egg-view@2.1.2@egg-view/config/config.local.js",
    "start": 1569679902441,
    "end": 1569679902441,
    "duration": 0,
    "pid": 38311,
    "index": 23
  },
  {
    "name": "Require(21) node_modules/_egg@2.23.0@egg/config/config.local.js",
    "start": 1569679902442,
    "end": 1569679902442,
    "duration": 0,
    "pid": 38311,
    "index": 24
  },
  {
    "name": "Load extend/application.js",
    "start": 1569679902443,
    "end": 1569679902473,
    "duration": 30,
    "pid": 38311,
    "index": 25
  },
  {
    "name": "Require(22) node_modules/_egg-session@3.1.0@egg-session/app/extend/application.js",
    "start": 1569679902444,
    "end": 1569679902444,
    "duration": 0,
    "pid": 38311,
    "index": 26
  },
  {
    "name": "Require(23) node_modules/_egg-security@2.6.1@egg-security/app/extend/application.js",
    "start": 1569679902444,
    "end": 1569679902444,
    "duration": 0,
    "pid": 38311,
    "index": 27
  },
  {
    "name": "Require(24) node_modules/_egg-jsonp@2.0.0@egg-jsonp/app/extend/application.js",
    "start": 1569679902445,
    "end": 1569679902445,
    "duration": 0,
    "pid": 38311,
    "index": 28
  },
  {
    "name": "Require(25) node_modules/_egg-logrotator@3.1.0@egg-logrotator/app/extend/application.js",
    "start": 1569679902446,
    "end": 1569679902447,
    "duration": 1,
    "pid": 38311,
    "index": 29
  },
  {
    "name": "Require(26) node_modules/_egg-view@2.1.2@egg-view/app/extend/application.js",
    "start": 1569679902447,
    "end": 1569679902447,
    "duration": 0,
    "pid": 38311,
    "index": 30
  },
  {
    "name": "Require(27) node_modules/_egg-jwt@3.1.6@egg-jwt/app/extend/application.js",
    "start": 1569679902448,
    "end": 1569679902472,
    "duration": 24,
    "pid": 38311,
    "index": 31
  },
  {
    "name": "Load extend/request.js",
    "start": 1569679902473,
    "end": 1569679902475,
    "duration": 2,
    "pid": 38311,
    "index": 32
  },
  {
    "name": "Require(28) node_modules/_egg@2.23.0@egg/app/extend/request.js",
    "start": 1569679902473,
    "end": 1569679902474,
    "duration": 1,
    "pid": 38311,
    "index": 33
  },
  {
    "name": "Load extend/response.js",
    "start": 1569679902475,
    "end": 1569679902476,
    "duration": 1,
    "pid": 38311,
    "index": 34
  },
  {
    "name": "Require(29) node_modules/_egg@2.23.0@egg/app/extend/response.js",
    "start": 1569679902475,
    "end": 1569679902476,
    "duration": 1,
    "pid": 38311,
    "index": 35
  },
  {
    "name": "Load extend/context.js",
    "start": 1569679902476,
    "end": 1569679902521,
    "duration": 45,
    "pid": 38311,
    "index": 36
  },
  {
    "name": "Require(30) node_modules/_egg-security@2.6.1@egg-security/app/extend/context.js",
    "start": 1569679902477,
    "end": 1569679902481,
    "duration": 4,
    "pid": 38311,
    "index": 37
  },
  {
    "name": "Require(31) node_modules/_egg-jsonp@2.0.0@egg-jsonp/app/extend/context.js",
    "start": 1569679902481,
    "end": 1569679902482,
    "duration": 1,
    "pid": 38311,
    "index": 38
  },
  {
    "name": "Require(32) node_modules/_egg-i18n@2.1.1@egg-i18n/app/extend/context.js",
    "start": 1569679902482,
    "end": 1569679902483,
    "duration": 1,
    "pid": 38311,
    "index": 39
  },
  {
    "name": "Require(33) node_modules/_egg-multipart@2.9.0@egg-multipart/app/extend/context.js",
    "start": 1569679902483,
    "end": 1569679902518,
    "duration": 35,
    "pid": 38311,
    "index": 40
  },
  {
    "name": "Require(34) node_modules/_egg-view@2.1.2@egg-view/app/extend/context.js",
    "start": 1569679902518,
    "end": 1569679902519,
    "duration": 1,
    "pid": 38311,
    "index": 41
  },
  {
    "name": "Require(35) node_modules/_egg-mongoose@3.2.0@egg-mongoose/app/extend/context.js",
    "start": 1569679902519,
    "end": 1569679902519,
    "duration": 0,
    "pid": 38311,
    "index": 42
  },
  {
    "name": "Require(36) node_modules/_egg@2.23.0@egg/app/extend/context.js",
    "start": 1569679902519,
    "end": 1569679902520,
    "duration": 1,
    "pid": 38311,
    "index": 43
  },
  {
    "name": "Load extend/helper.js",
    "start": 1569679902521,
    "end": 1569679902530,
    "duration": 9,
    "pid": 38311,
    "index": 44
  },
  {
    "name": "Require(37) node_modules/_egg-security@2.6.1@egg-security/app/extend/helper.js",
    "start": 1569679902521,
    "end": 1569679902529,
    "duration": 8,
    "pid": 38311,
    "index": 45
  },
  {
    "name": "Require(38) node_modules/_egg@2.23.0@egg/app/extend/helper.js",
    "start": 1569679902529,
    "end": 1569679902529,
    "duration": 0,
    "pid": 38311,
    "index": 46
  },
  {
    "name": "Load app.js",
    "start": 1569679902530,
    "end": 1569679902546,
    "duration": 16,
    "pid": 38311,
    "index": 47
  },
  {
    "name": "Require(39) node_modules/_egg-session@3.1.0@egg-session/app.js",
    "start": 1569679902530,
    "end": 1569679902530,
    "duration": 0,
    "pid": 38311,
    "index": 48
  },
  {
    "name": "Require(40) node_modules/_egg-security@2.6.1@egg-security/app.js",
    "start": 1569679902530,
    "end": 1569679902531,
    "duration": 1,
    "pid": 38311,
    "index": 49
  },
  {
    "name": "Require(41) node_modules/_egg-onerror@2.1.0@egg-onerror/app.js",
    "start": 1569679902531,
    "end": 1569679902537,
    "duration": 6,
    "pid": 38311,
    "index": 50
  },
  {
    "name": "Require(42) node_modules/_egg-i18n@2.1.1@egg-i18n/app.js",
    "start": 1569679902537,
    "end": 1569679902540,
    "duration": 3,
    "pid": 38311,
    "index": 51
  },
  {
    "name": "Require(43) node_modules/_egg-watcher@3.1.0@egg-watcher/app.js",
    "start": 1569679902540,
    "end": 1569679902541,
    "duration": 1,
    "pid": 38311,
    "index": 52
  },
  {
    "name": "Require(44) node_modules/_egg-schedule@3.6.4@egg-schedule/app.js",
    "start": 1569679902541,
    "end": 1569679902542,
    "duration": 1,
    "pid": 38311,
    "index": 53
  },
  {
    "name": "Require(45) node_modules/_egg-multipart@2.9.0@egg-multipart/app.js",
    "start": 1569679902542,
    "end": 1569679902543,
    "duration": 1,
    "pid": 38311,
    "index": 54
  },
  {
    "name": "Require(46) node_modules/_egg-development@2.4.3@egg-development/app.js",
    "start": 1569679902543,
    "end": 1569679902544,
    "duration": 1,
    "pid": 38311,
    "index": 55
  },
  {
    "name": "Require(47) node_modules/_egg-logrotator@3.1.0@egg-logrotator/app.js",
    "start": 1569679902544,
    "end": 1569679902544,
    "duration": 0,
    "pid": 38311,
    "index": 56
  },
  {
    "name": "Require(48) node_modules/_egg-static@2.2.0@egg-static/app.js",
    "start": 1569679902544,
    "end": 1569679902544,
    "duration": 0,
    "pid": 38311,
    "index": 57
  },
  {
    "name": "Require(49) node_modules/_egg-mongoose@3.2.0@egg-mongoose/app.js",
    "start": 1569679902544,
    "end": 1569679902544,
    "duration": 0,
    "pid": 38311,
    "index": 58
  },
  {
    "name": "Require(50) node_modules/_egg-jwt@3.1.6@egg-jwt/app.js",
    "start": 1569679902544,
    "end": 1569679902545,
    "duration": 1,
    "pid": 38311,
    "index": 59
  },
  {
    "name": "Require(51) node_modules/_egg-router-group@1.1.0@egg-router-group/app.js",
    "start": 1569679902545,
    "end": 1569679902545,
    "duration": 0,
    "pid": 38311,
    "index": 60
  },
  {
    "name": "Before Start in node_modules/_egg-watcher@3.1.0@egg-watcher/lib/init.js:15:14",
    "start": 1569679902555,
    "end": 1569679902989,
    "duration": 434,
    "pid": 38311,
    "index": 61
  },
  {
    "name": "Before Start in node_modules/_egg-mongoose@3.2.0@egg-mongoose/lib/mongoose.js:91:7",
    "start": 1569679902834,
    "end": 1569679902980,
    "duration": 146,
    "pid": 38311,
    "index": 62
  },
  {
    "name": "Before Start in node_modules/_egg-mongoose@3.2.0@egg-mongoose/lib/mongoose.js:49:9",
    "start": 1569679902835,
    "end": 1569679902951,
    "duration": 116,
    "pid": 38311,
    "index": 63
  },
  {
    "name": "Before Start in node_modules/_egg-core@4.17.3@egg-core/lib/egg.js:303:10",
    "start": 1569679902836,
    "end": 1569679902951,
    "duration": 115,
    "pid": 38311,
    "index": 64
  },
  {
    "name": "Load Service",
    "start": 1569679902836,
    "end": 1569679902871,
    "duration": 35,
    "pid": 38311,
    "index": 65
  },
  {
    "name": "Load \"service\" to Context",
    "start": 1569679902836,
    "end": 1569679902871,
    "duration": 35,
    "pid": 38311,
    "index": 66
  },
  {
    "name": "Load Middleware",
    "start": 1569679902871,
    "end": 1569679902915,
    "duration": 44,
    "pid": 38311,
    "index": 67
  },
  {
    "name": "Load \"middlewares\" to Application",
    "start": 1569679902872,
    "end": 1569679902910,
    "duration": 38,
    "pid": 38311,
    "index": 68
  },
  {
    "name": "Load Controller",
    "start": 1569679902916,
    "end": 1569679902924,
    "duration": 8,
    "pid": 38311,
    "index": 69
  },
  {
    "name": "Load \"controller\" to Application",
    "start": 1569679902916,
    "end": 1569679902924,
    "duration": 8,
    "pid": 38311,
    "index": 70
  },
  {
    "name": "Load Router",
    "start": 1569679902924,
    "end": 1569679902926,
    "duration": 2,
    "pid": 38311,
    "index": 71
  },
  {
    "name": "Require(52) app/router.js",
    "start": 1569679902924,
    "end": 1569679902924,
    "duration": 0,
    "pid": 38311,
    "index": 72
  },
  {
    "name": "Load \"model\" to Application",
    "start": 1569679902936,
    "end": 1569679902950,
    "duration": 14,
    "pid": 38311,
    "index": 73
  }
]