[
  {
    "name": "Application Start",
    "start": 1569680275417,
    "end": 1569680275914,
    "duration": 497,
    "pid": 38502,
    "index": 0
  },
  {
    "name": "Load Plugin",
    "start": 1569680275421,
    "end": 1569680275429,
    "duration": 8,
    "pid": 38502,
    "index": 1
  },
  {
    "name": "Load Config",
    "start": 1569680275429,
    "end": 1569680275443,
    "duration": 14,
    "pid": 38502,
    "index": 2
  },
  {
    "name": "Require(0) config/config.default.js",
    "start": 1569680275430,
    "end": 1569680275430,
    "duration": 0,
    "pid": 38502,
    "index": 3
  },
  {
    "name": "Require(1) node_modules/_egg-session@3.1.0@egg-session/config/config.default.js",
    "start": 1569680275431,
    "end": 1569680275432,
    "duration": 1,
    "pid": 38502,
    "index": 4
  },
  {
    "name": "Require(2) node_modules/_egg-security@2.6.1@egg-security/config/config.default.js",
    "start": 1569680275432,
    "end": 1569680275434,
    "duration": 2,
    "pid": 38502,
    "index": 5
  },
  {
    "name": "Require(3) node_modules/_egg-jsonp@2.0.0@egg-jsonp/config/config.default.js",
    "start": 1569680275434,
    "end": 1569680275434,
    "duration": 0,
    "pid": 38502,
    "index": 6
  },
  {
    "name": "Require(4) node_modules/_egg-onerror@2.1.0@egg-onerror/config/config.default.js",
    "start": 1569680275435,
    "end": 1569680275435,
    "duration": 0,
    "pid": 38502,
    "index": 7
  },
  {
    "name": "Require(5) node_modules/_egg-i18n@2.1.1@egg-i18n/config/config.default.js",
    "start": 1569680275435,
    "end": 1569680275435,
    "duration": 0,
    "pid": 38502,
    "index": 8
  },
  {
    "name": "Require(6) node_modules/_egg-watcher@3.1.0@egg-watcher/config/config.default.js",
    "start": 1569680275435,
    "end": 1569680275436,
    "duration": 1,
    "pid": 38502,
    "index": 9
  },
  {
    "name": "Require(7) node_modules/_egg-schedule@3.6.4@egg-schedule/config/config.default.js",
    "start": 1569680275436,
    "end": 1569680275436,
    "duration": 0,
    "pid": 38502,
    "index": 10
  },
  {
    "name": "Require(8) node_modules/_egg-multipart@2.9.0@egg-multipart/config/config.default.js",
    "start": 1569680275436,
    "end": 1569680275436,
    "duration": 0,
    "pid": 38502,
    "index": 11
  },
  {
    "name": "Require(9) node_modules/_egg-development@2.4.3@egg-development/config/config.default.js",
    "start": 1569680275437,
    "end": 1569680275437,
    "duration": 0,
    "pid": 38502,
    "index": 12
  },
  {
    "name": "Require(10) node_modules/_egg-logrotator@3.1.0@egg-logrotator/config/config.default.js",
    "start": 1569680275437,
    "end": 1569680275438,
    "duration": 1,
    "pid": 38502,
    "index": 13
  },
  {
    "name": "Require(11) node_modules/_egg-static@2.2.0@egg-static/config/config.default.js",
    "start": 1569680275438,
    "end": 1569680275438,
    "duration": 0,
    "pid": 38502,
    "index": 14
  },
  {
    "name": "Require(12) node_modules/_egg-view@2.1.2@egg-view/config/config.default.js",
    "start": 1569680275438,
    "end": 1569680275439,
    "duration": 1,
    "pid": 38502,
    "index": 15
  },
  {
    "name": "Require(13) node_modules/_egg-mongoose@3.2.0@egg-mongoose/config/config.default.js",
    "start": 1569680275439,
    "end": 1569680275439,
    "duration": 0,
    "pid": 38502,
    "index": 16
  },
  {
    "name": "Require(14) node_modules/_egg-jwt@3.1.6@egg-jwt/config/config.default.js",
    "start": 1569680275439,
    "end": 1569680275439,
    "duration": 0,
    "pid": 38502,
    "index": 17
  },
  {
    "name": "Require(15) node_modules/_egg-router-group@1.1.0@egg-router-group/config/config.default.js",
    "start": 1569680275440,
    "end": 1569680275440,
    "duration": 0,
    "pid": 38502,
    "index": 18
  },
  {
    "name": "Require(16) node_modules/_egg@2.23.0@egg/config/config.default.js",
    "start": 1569680275440,
    "end": 1569680275440,
    "duration": 0,
    "pid": 38502,
    "index": 19
  },
  {
    "name": "Require(17) config/config.default.js",
    "start": 1569680275441,
    "end": 1569680275441,
    "duration": 0,
    "pid": 38502,
    "index": 20
  },
  {
    "name": "Require(18) node_modules/_egg-security@2.6.1@egg-security/config/config.local.js",
    "start": 1569680275442,
    "end": 1569680275442,
    "duration": 0,
    "pid": 38502,
    "index": 21
  },
  {
    "name": "Require(19) node_modules/_egg-watcher@3.1.0@egg-watcher/config/config.local.js",
    "start": 1569680275442,
    "end": 1569680275442,
    "duration": 0,
    "pid": 38502,
    "index": 22
  },
  {
    "name": "Require(20) node_modules/_egg-view@2.1.2@egg-view/config/config.local.js",
    "start": 1569680275442,
    "end": 1569680275443,
    "duration": 1,
    "pid": 38502,
    "index": 23
  },
  {
    "name": "Require(21) node_modules/_egg@2.23.0@egg/config/config.local.js",
    "start": 1569680275443,
    "end": 1569680275443,
    "duration": 0,
    "pid": 38502,
    "index": 24
  },
  {
    "name": "Load extend/application.js",
    "start": 1569680275444,
    "end": 1569680275472,
    "duration": 28,
    "pid": 38502,
    "index": 25
  },
  {
    "name": "Require(22) node_modules/_egg-session@3.1.0@egg-session/app/extend/application.js",
    "start": 1569680275445,
    "end": 1569680275445,
    "duration": 0,
    "pid": 38502,
    "index": 26
  },
  {
    "name": "Require(23) node_modules/_egg-security@2.6.1@egg-security/app/extend/application.js",
    "start": 1569680275445,
    "end": 1569680275445,
    "duration": 0,
    "pid": 38502,
    "index": 27
  },
  {
    "name": "Require(24) node_modules/_egg-jsonp@2.0.0@egg-jsonp/app/extend/application.js",
    "start": 1569680275445,
    "end": 1569680275447,
    "duration": 2,
    "pid": 38502,
    "index": 28
  },
  {
    "name": "Require(25) node_modules/_egg-logrotator@3.1.0@egg-logrotator/app/extend/application.js",
    "start": 1569680275447,
    "end": 1569680275448,
    "duration": 1,
    "pid": 38502,
    "index": 29
  },
  {
    "name": "Require(26) node_modules/_egg-view@2.1.2@egg-view/app/extend/application.js",
    "start": 1569680275448,
    "end": 1569680275449,
    "duration": 1,
    "pid": 38502,
    "index": 30
  },
  {
    "name": "Require(27) node_modules/_egg-jwt@3.1.6@egg-jwt/app/extend/application.js",
    "start": 1569680275449,
    "end": 1569680275471,
    "duration": 22,
    "pid": 38502,
    "index": 31
  },
  {
    "name": "Load extend/request.js",
    "start": 1569680275472,
    "end": 1569680275474,
    "duration": 2,
    "pid": 38502,
    "index": 32
  },
  {
    "name": "Require(28) node_modules/_egg@2.23.0@egg/app/extend/request.js",
    "start": 1569680275473,
    "end": 1569680275473,
    "duration": 0,
    "pid": 38502,
    "index": 33
  },
  {
    "name": "Load extend/response.js",
    "start": 1569680275474,
    "end": 1569680275476,
    "duration": 2,
    "pid": 38502,
    "index": 34
  },
  {
    "name": "Require(29) node_modules/_egg@2.23.0@egg/app/extend/response.js",
    "start": 1569680275474,
    "end": 1569680275475,
    "duration": 1,
    "pid": 38502,
    "index": 35
  },
  {
    "name": "Load extend/context.js",
    "start": 1569680275476,
    "end": 1569680275518,
    "duration": 42,
    "pid": 38502,
    "index": 36
  },
  {
    "name": "Require(30) node_modules/_egg-security@2.6.1@egg-security/app/extend/context.js",
    "start": 1569680275476,
    "end": 1569680275480,
    "duration": 4,
    "pid": 38502,
    "index": 37
  },
  {
    "name": "Require(31) node_modules/_egg-jsonp@2.0.0@egg-jsonp/app/extend/context.js",
    "start": 1569680275480,
    "end": 1569680275481,
    "duration": 1,
    "pid": 38502,
    "index": 38
  },
  {
    "name": "Require(32) node_modules/_egg-i18n@2.1.1@egg-i18n/app/extend/context.js",
    "start": 1569680275481,
    "end": 1569680275481,
    "duration": 0,
    "pid": 38502,
    "index": 39
  },
  {
    "name": "Require(33) node_modules/_egg-multipart@2.9.0@egg-multipart/app/extend/context.js",
    "start": 1569680275481,
    "end": 1569680275515,
    "duration": 34,
    "pid": 38502,
    "index": 40
  },
  {
    "name": "Require(34) node_modules/_egg-view@2.1.2@egg-view/app/extend/context.js",
    "start": 1569680275515,
    "end": 1569680275516,
    "duration": 1,
    "pid": 38502,
    "index": 41
  },
  {
    "name": "Require(35) node_modules/_egg-mongoose@3.2.0@egg-mongoose/app/extend/context.js",
    "start": 1569680275516,
    "end": 1569680275516,
    "duration": 0,
    "pid": 38502,
    "index": 42
  },
  {
    "name": "Require(36) node_modules/_egg@2.23.0@egg/app/extend/context.js",
    "start": 1569680275516,
    "end": 1569680275517,
    "duration": 1,
    "pid": 38502,
    "index": 43
  },
  {
    "name": "Load extend/helper.js",
    "start": 1569680275518,
    "end": 1569680275527,
    "duration": 9,
    "pid": 38502,
    "index": 44
  },
  {
    "name": "Require(37) node_modules/_egg-security@2.6.1@egg-security/app/extend/helper.js",
    "start": 1569680275518,
    "end": 1569680275526,
    "duration": 8,
    "pid": 38502,
    "index": 45
  },
  {
    "name": "Require(38) node_modules/_egg@2.23.0@egg/app/extend/helper.js",
    "start": 1569680275526,
    "end": 1569680275526,
    "duration": 0,
    "pid": 38502,
    "index": 46
  },
  {
    "name": "Load app.js",
    "start": 1569680275527,
    "end": 1569680275542,
    "duration": 15,
    "pid": 38502,
    "index": 47
  },
  {
    "name": "Require(39) node_modules/_egg-session@3.1.0@egg-session/app.js",
    "start": 1569680275527,
    "end": 1569680275527,
    "duration": 0,
    "pid": 38502,
    "index": 48
  },
  {
    "name": "Require(40) node_modules/_egg-security@2.6.1@egg-security/app.js",
    "start": 1569680275527,
    "end": 1569680275528,
    "duration": 1,
    "pid": 38502,
    "index": 49
  },
  {
    "name": "Require(41) node_modules/_egg-onerror@2.1.0@egg-onerror/app.js",
    "start": 1569680275528,
    "end": 1569680275533,
    "duration": 5,
    "pid": 38502,
    "index": 50
  },
  {
    "name": "Require(42) node_modules/_egg-i18n@2.1.1@egg-i18n/app.js",
    "start": 1569680275533,
    "end": 1569680275536,
    "duration": 3,
    "pid": 38502,
    "index": 51
  },
  {
    "name": "Require(43) node_modules/_egg-watcher@3.1.0@egg-watcher/app.js",
    "start": 1569680275536,
    "end": 1569680275537,
    "duration": 1,
    "pid": 38502,
    "index": 52
  },
  {
    "name": "Require(44) node_modules/_egg-schedule@3.6.4@egg-schedule/app.js",
    "start": 1569680275537,
    "end": 1569680275538,
    "duration": 1,
    "pid": 38502,
    "index": 53
  },
  {
    "name": "Require(45) node_modules/_egg-multipart@2.9.0@egg-multipart/app.js",
    "start": 1569680275539,
    "end": 1569680275540,
    "duration": 1,
    "pid": 38502,
    "index": 54
  },
  {
    "name": "Require(46) node_modules/_egg-development@2.4.3@egg-development/app.js",
    "start": 1569680275540,
    "end": 1569680275540,
    "duration": 0,
    "pid": 38502,
    "index": 55
  },
  {
    "name": "Require(47) node_modules/_egg-logrotator@3.1.0@egg-logrotator/app.js",
    "start": 1569680275540,
    "end": 1569680275540,
    "duration": 0,
    "pid": 38502,
    "index": 56
  },
  {
    "name": "Require(48) node_modules/_egg-static@2.2.0@egg-static/app.js",
    "start": 1569680275540,
    "end": 1569680275540,
    "duration": 0,
    "pid": 38502,
    "index": 57
  },
  {
    "name": "Require(49) node_modules/_egg-mongoose@3.2.0@egg-mongoose/app.js",
    "start": 1569680275541,
    "end": 1569680275541,
    "duration": 0,
    "pid": 38502,
    "index": 58
  },
  {
    "name": "Require(50) node_modules/_egg-jwt@3.1.6@egg-jwt/app.js",
    "start": 1569680275541,
    "end": 1569680275541,
    "duration": 0,
    "pid": 38502,
    "index": 59
  },
  {
    "name": "Require(51) node_modules/_egg-router-group@1.1.0@egg-router-group/app.js",
    "start": 1569680275541,
    "end": 1569680275542,
    "duration": 1,
    "pid": 38502,
    "index": 60
  },
  {
    "name": "Before Start in node_modules/_egg-watcher@3.1.0@egg-watcher/lib/init.js:15:14",
    "start": 1569680275553,
    "end": 1569680275909,
    "duration": 356,
    "pid": 38502,
    "index": 61
  },
  {
    "name": "Before Start in node_modules/_egg-mongoose@3.2.0@egg-mongoose/lib/mongoose.js:91:7",
    "start": 1569680275783,
    "end": 1569680275906,
    "duration": 123,
    "pid": 38502,
    "index": 62
  },
  {
    "name": "Before Start in node_modules/_egg-mongoose@3.2.0@egg-mongoose/lib/mongoose.js:49:9",
    "start": 1569680275783,
    "end": 1569680275884,
    "duration": 101,
    "pid": 38502,
    "index": 63
  },
  {
    "name": "Before Start in node_modules/_egg-core@4.17.3@egg-core/lib/egg.js:303:10",
    "start": 1569680275783,
    "end": 1569680275884,
    "duration": 101,
    "pid": 38502,
    "index": 64
  },
  {
    "name": "Load Service",
    "start": 1569680275784,
    "end": 1569680275811,
    "duration": 27,
    "pid": 38502,
    "index": 65
  },
  {
    "name": "Load \"service\" to Context",
    "start": 1569680275784,
    "end": 1569680275811,
    "duration": 27,
    "pid": 38502,
    "index": 66
  },
  {
    "name": "Load Middleware",
    "start": 1569680275812,
    "end": 1569680275850,
    "duration": 38,
    "pid": 38502,
    "index": 67
  },
  {
    "name": "Load \"middlewares\" to Application",
    "start": 1569680275812,
    "end": 1569680275845,
    "duration": 33,
    "pid": 38502,
    "index": 68
  },
  {
    "name": "Load Controller",
    "start": 1569680275850,
    "end": 1569680275857,
    "duration": 7,
    "pid": 38502,
    "index": 69
  },
  {
    "name": "Load \"controller\" to Application",
    "start": 1569680275850,
    "end": 1569680275857,
    "duration": 7,
    "pid": 38502,
    "index": 70
  },
  {
    "name": "Load Router",
    "start": 1569680275857,
    "end": 1569680275859,
    "duration": 2,
    "pid": 38502,
    "index": 71
  },
  {
    "name": "Require(52) app/router.js",
    "start": 1569680275857,
    "end": 1569680275857,
    "duration": 0,
    "pid": 38502,
    "index": 72
  },
  {
    "name": "Load \"model\" to Application",
    "start": 1569680275868,
    "end": 1569680275883,
    "duration": 15,
    "pid": 38502,
    "index": 73
  }
]