[
  {
    "name": "Application Start",
    "start": 1569679758607,
    "end": 1569679759130,
    "duration": 523,
    "pid": 38236,
    "index": 0
  },
  {
    "name": "Load Plugin",
    "start": 1569679758611,
    "end": 1569679758618,
    "duration": 7,
    "pid": 38236,
    "index": 1
  },
  {
    "name": "Load Config",
    "start": 1569679758618,
    "end": 1569679758632,
    "duration": 14,
    "pid": 38236,
    "index": 2
  },
  {
    "name": "Require(0) config/config.default.js",
    "start": 1569679758618,
    "end": 1569679758619,
    "duration": 1,
    "pid": 38236,
    "index": 3
  },
  {
    "name": "Require(1) node_modules/_egg-session@3.1.0@egg-session/config/config.default.js",
    "start": 1569679758620,
    "end": 1569679758620,
    "duration": 0,
    "pid": 38236,
    "index": 4
  },
  {
    "name": "Require(2) node_modules/_egg-security@2.6.1@egg-security/config/config.default.js",
    "start": 1569679758620,
    "end": 1569679758622,
    "duration": 2,
    "pid": 38236,
    "index": 5
  },
  {
    "name": "Require(3) node_modules/_egg-jsonp@2.0.0@egg-jsonp/config/config.default.js",
    "start": 1569679758623,
    "end": 1569679758623,
    "duration": 0,
    "pid": 38236,
    "index": 6
  },
  {
    "name": "Require(4) node_modules/_egg-onerror@2.1.0@egg-onerror/config/config.default.js",
    "start": 1569679758623,
    "end": 1569679758623,
    "duration": 0,
    "pid": 38236,
    "index": 7
  },
  {
    "name": "Require(5) node_modules/_egg-i18n@2.1.1@egg-i18n/config/config.default.js",
    "start": 1569679758624,
    "end": 1569679758624,
    "duration": 0,
    "pid": 38236,
    "index": 8
  },
  {
    "name": "Require(6) node_modules/_egg-watcher@3.1.0@egg-watcher/config/config.default.js",
    "start": 1569679758624,
    "end": 1569679758624,
    "duration": 0,
    "pid": 38236,
    "index": 9
  },
  {
    "name": "Require(7) node_modules/_egg-schedule@3.6.4@egg-schedule/config/config.default.js",
    "start": 1569679758624,
    "end": 1569679758624,
    "duration": 0,
    "pid": 38236,
    "index": 10
  },
  {
    "name": "Require(8) node_modules/_egg-multipart@2.9.0@egg-multipart/config/config.default.js",
    "start": 1569679758625,
    "end": 1569679758625,
    "duration": 0,
    "pid": 38236,
    "index": 11
  },
  {
    "name": "Require(9) node_modules/_egg-development@2.4.3@egg-development/config/config.default.js",
    "start": 1569679758625,
    "end": 1569679758625,
    "duration": 0,
    "pid": 38236,
    "index": 12
  },
  {
    "name": "Require(10) node_modules/_egg-logrotator@3.1.0@egg-logrotator/config/config.default.js",
    "start": 1569679758625,
    "end": 1569679758625,
    "duration": 0,
    "pid": 38236,
    "index": 13
  },
  {
    "name": "Require(11) node_modules/_egg-static@2.2.0@egg-static/config/config.default.js",
    "start": 1569679758626,
    "end": 1569679758626,
    "duration": 0,
    "pid": 38236,
    "index": 14
  },
  {
    "name": "Require(12) node_modules/_egg-view@2.1.2@egg-view/config/config.default.js",
    "start": 1569679758626,
    "end": 1569679758626,
    "duration": 0,
    "pid": 38236,
    "index": 15
  },
  {
    "name": "Require(13) node_modules/_egg-mongoose@3.2.0@egg-mongoose/config/config.default.js",
    "start": 1569679758626,
    "end": 1569679758626,
    "duration": 0,
    "pid": 38236,
    "index": 16
  },
  {
    "name": "Require(14) node_modules/_egg-jwt@3.1.6@egg-jwt/config/config.default.js",
    "start": 1569679758627,
    "end": 1569679758627,
    "duration": 0,
    "pid": 38236,
    "index": 17
  },
  {
    "name": "Require(15) node_modules/_egg-router-group@1.1.0@egg-router-group/config/config.default.js",
    "start": 1569679758627,
    "end": 1569679758627,
    "duration": 0,
    "pid": 38236,
    "index": 18
  },
  {
    "name": "Require(16) node_modules/_egg@2.23.0@egg/config/config.default.js",
    "start": 1569679758627,
    "end": 1569679758628,
    "duration": 1,
    "pid": 38236,
    "index": 19
  },
  {
    "name": "Require(17) config/config.default.js",
    "start": 1569679758629,
    "end": 1569679758629,
    "duration": 0,
    "pid": 38236,
    "index": 20
  },
  {
    "name": "Require(18) node_modules/_egg-security@2.6.1@egg-security/config/config.local.js",
    "start": 1569679758629,
    "end": 1569679758629,
    "duration": 0,
    "pid": 38236,
    "index": 21
  },
  {
    "name": "Require(19) node_modules/_egg-watcher@3.1.0@egg-watcher/config/config.local.js",
    "start": 1569679758630,
    "end": 1569679758630,
    "duration": 0,
    "pid": 38236,
    "index": 22
  },
  {
    "name": "Require(20) node_modules/_egg-view@2.1.2@egg-view/config/config.local.js",
    "start": 1569679758630,
    "end": 1569679758631,
    "duration": 1,
    "pid": 38236,
    "index": 23
  },
  {
    "name": "Require(21) node_modules/_egg@2.23.0@egg/config/config.local.js",
    "start": 1569679758631,
    "end": 1569679758632,
    "duration": 1,
    "pid": 38236,
    "index": 24
  },
  {
    "name": "Load extend/application.js",
    "start": 1569679758633,
    "end": 1569679758660,
    "duration": 27,
    "pid": 38236,
    "index": 25
  },
  {
    "name": "Require(22) node_modules/_egg-session@3.1.0@egg-session/app/extend/application.js",
    "start": 1569679758633,
    "end": 1569679758634,
    "duration": 1,
    "pid": 38236,
    "index": 26
  },
  {
    "name": "Require(23) node_modules/_egg-security@2.6.1@egg-security/app/extend/application.js",
    "start": 1569679758634,
    "end": 1569679758634,
    "duration": 0,
    "pid": 38236,
    "index": 27
  },
  {
    "name": "Require(24) node_modules/_egg-jsonp@2.0.0@egg-jsonp/app/extend/application.js",
    "start": 1569679758634,
    "end": 1569679758635,
    "duration": 1,
    "pid": 38236,
    "index": 28
  },
  {
    "name": "Require(25) node_modules/_egg-logrotator@3.1.0@egg-logrotator/app/extend/application.js",
    "start": 1569679758635,
    "end": 1569679758636,
    "duration": 1,
    "pid": 38236,
    "index": 29
  },
  {
    "name": "Require(26) node_modules/_egg-view@2.1.2@egg-view/app/extend/application.js",
    "start": 1569679758636,
    "end": 1569679758637,
    "duration": 1,
    "pid": 38236,
    "index": 30
  },
  {
    "name": "Require(27) node_modules/_egg-jwt@3.1.6@egg-jwt/app/extend/application.js",
    "start": 1569679758637,
    "end": 1569679758659,
    "duration": 22,
    "pid": 38236,
    "index": 31
  },
  {
    "name": "Load extend/request.js",
    "start": 1569679758660,
    "end": 1569679758661,
    "duration": 1,
    "pid": 38236,
    "index": 32
  },
  {
    "name": "Require(28) node_modules/_egg@2.23.0@egg/app/extend/request.js",
    "start": 1569679758660,
    "end": 1569679758661,
    "duration": 1,
    "pid": 38236,
    "index": 33
  },
  {
    "name": "Load extend/response.js",
    "start": 1569679758661,
    "end": 1569679758663,
    "duration": 2,
    "pid": 38236,
    "index": 34
  },
  {
    "name": "Require(29) node_modules/_egg@2.23.0@egg/app/extend/response.js",
    "start": 1569679758662,
    "end": 1569679758662,
    "duration": 0,
    "pid": 38236,
    "index": 35
  },
  {
    "name": "Load extend/context.js",
    "start": 1569679758663,
    "end": 1569679758705,
    "duration": 42,
    "pid": 38236,
    "index": 36
  },
  {
    "name": "Require(30) node_modules/_egg-security@2.6.1@egg-security/app/extend/context.js",
    "start": 1569679758663,
    "end": 1569679758667,
    "duration": 4,
    "pid": 38236,
    "index": 37
  },
  {
    "name": "Require(31) node_modules/_egg-jsonp@2.0.0@egg-jsonp/app/extend/context.js",
    "start": 1569679758667,
    "end": 1569679758668,
    "duration": 1,
    "pid": 38236,
    "index": 38
  },
  {
    "name": "Require(32) node_modules/_egg-i18n@2.1.1@egg-i18n/app/extend/context.js",
    "start": 1569679758668,
    "end": 1569679758668,
    "duration": 0,
    "pid": 38236,
    "index": 39
  },
  {
    "name": "Require(33) node_modules/_egg-multipart@2.9.0@egg-multipart/app/extend/context.js",
    "start": 1569679758668,
    "end": 1569679758702,
    "duration": 34,
    "pid": 38236,
    "index": 40
  },
  {
    "name": "Require(34) node_modules/_egg-view@2.1.2@egg-view/app/extend/context.js",
    "start": 1569679758702,
    "end": 1569679758703,
    "duration": 1,
    "pid": 38236,
    "index": 41
  },
  {
    "name": "Require(35) node_modules/_egg-mongoose@3.2.0@egg-mongoose/app/extend/context.js",
    "start": 1569679758703,
    "end": 1569679758703,
    "duration": 0,
    "pid": 38236,
    "index": 42
  },
  {
    "name": "Require(36) node_modules/_egg@2.23.0@egg/app/extend/context.js",
    "start": 1569679758703,
    "end": 1569679758704,
    "duration": 1,
    "pid": 38236,
    "index": 43
  },
  {
    "name": "Load extend/helper.js",
    "start": 1569679758705,
    "end": 1569679758714,
    "duration": 9,
    "pid": 38236,
    "index": 44
  },
  {
    "name": "Require(37) node_modules/_egg-security@2.6.1@egg-security/app/extend/helper.js",
    "start": 1569679758705,
    "end": 1569679758713,
    "duration": 8,
    "pid": 38236,
    "index": 45
  },
  {
    "name": "Require(38) node_modules/_egg@2.23.0@egg/app/extend/helper.js",
    "start": 1569679758713,
    "end": 1569679758714,
    "duration": 1,
    "pid": 38236,
    "index": 46
  },
  {
    "name": "Load app.js",
    "start": 1569679758714,
    "end": 1569679758731,
    "duration": 17,
    "pid": 38236,
    "index": 47
  },
  {
    "name": "Require(39) node_modules/_egg-session@3.1.0@egg-session/app.js",
    "start": 1569679758714,
    "end": 1569679758714,
    "duration": 0,
    "pid": 38236,
    "index": 48
  },
  {
    "name": "Require(40) node_modules/_egg-security@2.6.1@egg-security/app.js",
    "start": 1569679758715,
    "end": 1569679758715,
    "duration": 0,
    "pid": 38236,
    "index": 49
  },
  {
    "name": "Require(41) node_modules/_egg-onerror@2.1.0@egg-onerror/app.js",
    "start": 1569679758716,
    "end": 1569679758722,
    "duration": 6,
    "pid": 38236,
    "index": 50
  },
  {
    "name": "Require(42) node_modules/_egg-i18n@2.1.1@egg-i18n/app.js",
    "start": 1569679758722,
    "end": 1569679758725,
    "duration": 3,
    "pid": 38236,
    "index": 51
  },
  {
    "name": "Require(43) node_modules/_egg-watcher@3.1.0@egg-watcher/app.js",
    "start": 1569679758725,
    "end": 1569679758727,
    "duration": 2,
    "pid": 38236,
    "index": 52
  },
  {
    "name": "Require(44) node_modules/_egg-schedule@3.6.4@egg-schedule/app.js",
    "start": 1569679758727,
    "end": 1569679758727,
    "duration": 0,
    "pid": 38236,
    "index": 53
  },
  {
    "name": "Require(45) node_modules/_egg-multipart@2.9.0@egg-multipart/app.js",
    "start": 1569679758728,
    "end": 1569679758728,
    "duration": 0,
    "pid": 38236,
    "index": 54
  },
  {
    "name": "Require(46) node_modules/_egg-development@2.4.3@egg-development/app.js",
    "start": 1569679758729,
    "end": 1569679758729,
    "duration": 0,
    "pid": 38236,
    "index": 55
  },
  {
    "name": "Require(47) node_modules/_egg-logrotator@3.1.0@egg-logrotator/app.js",
    "start": 1569679758729,
    "end": 1569679758729,
    "duration": 0,
    "pid": 38236,
    "index": 56
  },
  {
    "name": "Require(48) node_modules/_egg-static@2.2.0@egg-static/app.js",
    "start": 1569679758729,
    "end": 1569679758729,
    "duration": 0,
    "pid": 38236,
    "index": 57
  },
  {
    "name": "Require(49) node_modules/_egg-mongoose@3.2.0@egg-mongoose/app.js",
    "start": 1569679758729,
    "end": 1569679758729,
    "duration": 0,
    "pid": 38236,
    "index": 58
  },
  {
    "name": "Require(50) node_modules/_egg-jwt@3.1.6@egg-jwt/app.js",
    "start": 1569679758729,
    "end": 1569679758730,
    "duration": 1,
    "pid": 38236,
    "index": 59
  },
  {
    "name": "Require(51) node_modules/_egg-router-group@1.1.0@egg-router-group/app.js",
    "start": 1569679758730,
    "end": 1569679758730,
    "duration": 0,
    "pid": 38236,
    "index": 60
  },
  {
    "name": "Before Start in node_modules/_egg-watcher@3.1.0@egg-watcher/lib/init.js:15:14",
    "start": 1569679758742,
    "end": 1569679759124,
    "duration": 382,
    "pid": 38236,
    "index": 61
  },
  {
    "name": "Before Start in node_modules/_egg-mongoose@3.2.0@egg-mongoose/lib/mongoose.js:91:7",
    "start": 1569679758989,
    "end": 1569679759121,
    "duration": 132,
    "pid": 38236,
    "index": 62
  },
  {
    "name": "Before Start in node_modules/_egg-mongoose@3.2.0@egg-mongoose/lib/mongoose.js:49:9",
    "start": 1569679758989,
    "end": 1569679759099,
    "duration": 110,
    "pid": 38236,
    "index": 63
  },
  {
    "name": "Before Start in node_modules/_egg-core@4.17.3@egg-core/lib/egg.js:303:10",
    "start": 1569679758990,
    "end": 1569679759099,
    "duration": 109,
    "pid": 38236,
    "index": 64
  },
  {
    "name": "Load Service",
    "start": 1569679758990,
    "end": 1569679759019,
    "duration": 29,
    "pid": 38236,
    "index": 65
  },
  {
    "name": "Load \"service\" to Context",
    "start": 1569679758990,
    "end": 1569679759019,
    "duration": 29,
    "pid": 38236,
    "index": 66
  },
  {
    "name": "Load Middleware",
    "start": 1569679759020,
    "end": 1569679759063,
    "duration": 43,
    "pid": 38236,
    "index": 67
  },
  {
    "name": "Load \"middlewares\" to Application",
    "start": 1569679759020,
    "end": 1569679759058,
    "duration": 38,
    "pid": 38236,
    "index": 68
  },
  {
    "name": "Load Controller",
    "start": 1569679759063,
    "end": 1569679759072,
    "duration": 9,
    "pid": 38236,
    "index": 69
  },
  {
    "name": "Load \"controller\" to Application",
    "start": 1569679759063,
    "end": 1569679759072,
    "duration": 9,
    "pid": 38236,
    "index": 70
  },
  {
    "name": "Load Router",
    "start": 1569679759072,
    "end": 1569679759075,
    "duration": 3,
    "pid": 38236,
    "index": 71
  },
  {
    "name": "Require(52) app/router.js",
    "start": 1569679759072,
    "end": 1569679759072,
    "duration": 0,
    "pid": 38236,
    "index": 72
  },
  {
    "name": "Load \"model\" to Application",
    "start": 1569679759083,
    "end": 1569679759099,
    "duration": 16,
    "pid": 38236,
    "index": 73
  }
]