[
  {
    "name": "Application Start",
    "start": 1569678578593,
    "end": 1569678579155,
    "duration": 562,
    "pid": 37759,
    "index": 0
  },
  {
    "name": "Load Plugin",
    "start": 1569678578597,
    "end": 1569678578605,
    "duration": 8,
    "pid": 37759,
    "index": 1
  },
  {
    "name": "Load Config",
    "start": 1569678578605,
    "end": 1569678578619,
    "duration": 14,
    "pid": 37759,
    "index": 2
  },
  {
    "name": "Require(0) config/config.default.js",
    "start": 1569678578606,
    "end": 1569678578606,
    "duration": 0,
    "pid": 37759,
    "index": 3
  },
  {
    "name": "Require(1) node_modules/_egg-session@3.1.0@egg-session/config/config.default.js",
    "start": 1569678578607,
    "end": 1569678578608,
    "duration": 1,
    "pid": 37759,
    "index": 4
  },
  {
    "name": "Require(2) node_modules/_egg-security@2.6.1@egg-security/config/config.default.js",
    "start": 1569678578608,
    "end": 1569678578610,
    "duration": 2,
    "pid": 37759,
    "index": 5
  },
  {
    "name": "Require(3) node_modules/_egg-jsonp@2.0.0@egg-jsonp/config/config.default.js",
    "start": 1569678578611,
    "end": 1569678578611,
    "duration": 0,
    "pid": 37759,
    "index": 6
  },
  {
    "name": "Require(4) node_modules/_egg-onerror@2.1.0@egg-onerror/config/config.default.js",
    "start": 1569678578611,
    "end": 1569678578611,
    "duration": 0,
    "pid": 37759,
    "index": 7
  },
  {
    "name": "Require(5) node_modules/_egg-i18n@2.1.1@egg-i18n/config/config.default.js",
    "start": 1569678578611,
    "end": 1569678578612,
    "duration": 1,
    "pid": 37759,
    "index": 8
  },
  {
    "name": "Require(6) node_modules/_egg-watcher@3.1.0@egg-watcher/config/config.default.js",
    "start": 1569678578612,
    "end": 1569678578612,
    "duration": 0,
    "pid": 37759,
    "index": 9
  },
  {
    "name": "Require(7) node_modules/_egg-schedule@3.6.4@egg-schedule/config/config.default.js",
    "start": 1569678578612,
    "end": 1569678578612,
    "duration": 0,
    "pid": 37759,
    "index": 10
  },
  {
    "name": "Require(8) node_modules/_egg-multipart@2.9.0@egg-multipart/config/config.default.js",
    "start": 1569678578613,
    "end": 1569678578613,
    "duration": 0,
    "pid": 37759,
    "index": 11
  },
  {
    "name": "Require(9) node_modules/_egg-development@2.4.3@egg-development/config/config.default.js",
    "start": 1569678578613,
    "end": 1569678578613,
    "duration": 0,
    "pid": 37759,
    "index": 12
  },
  {
    "name": "Require(10) node_modules/_egg-logrotator@3.1.0@egg-logrotator/config/config.default.js",
    "start": 1569678578613,
    "end": 1569678578614,
    "duration": 1,
    "pid": 37759,
    "index": 13
  },
  {
    "name": "Require(11) node_modules/_egg-static@2.2.0@egg-static/config/config.default.js",
    "start": 1569678578614,
    "end": 1569678578614,
    "duration": 0,
    "pid": 37759,
    "index": 14
  },
  {
    "name": "Require(12) node_modules/_egg-view@2.1.2@egg-view/config/config.default.js",
    "start": 1569678578614,
    "end": 1569678578614,
    "duration": 0,
    "pid": 37759,
    "index": 15
  },
  {
    "name": "Require(13) node_modules/_egg-mongoose@3.2.0@egg-mongoose/config/config.default.js",
    "start": 1569678578615,
    "end": 1569678578615,
    "duration": 0,
    "pid": 37759,
    "index": 16
  },
  {
    "name": "Require(14) node_modules/_egg-jwt@3.1.6@egg-jwt/config/config.default.js",
    "start": 1569678578615,
    "end": 1569678578615,
    "duration": 0,
    "pid": 37759,
    "index": 17
  },
  {
    "name": "Require(15) node_modules/_egg-router-group@1.1.0@egg-router-group/config/config.default.js",
    "start": 1569678578615,
    "end": 1569678578615,
    "duration": 0,
    "pid": 37759,
    "index": 18
  },
  {
    "name": "Require(16) node_modules/_egg@2.23.0@egg/config/config.default.js",
    "start": 1569678578615,
    "end": 1569678578616,
    "duration": 1,
    "pid": 37759,
    "index": 19
  },
  {
    "name": "Require(17) config/config.default.js",
    "start": 1569678578617,
    "end": 1569678578617,
    "duration": 0,
    "pid": 37759,
    "index": 20
  },
  {
    "name": "Require(18) node_modules/_egg-security@2.6.1@egg-security/config/config.local.js",
    "start": 1569678578617,
    "end": 1569678578617,
    "duration": 0,
    "pid": 37759,
    "index": 21
  },
  {
    "name": "Require(19) node_modules/_egg-watcher@3.1.0@egg-watcher/config/config.local.js",
    "start": 1569678578618,
    "end": 1569678578618,
    "duration": 0,
    "pid": 37759,
    "index": 22
  },
  {
    "name": "Require(20) node_modules/_egg-view@2.1.2@egg-view/config/config.local.js",
    "start": 1569678578618,
    "end": 1569678578618,
    "duration": 0,
    "pid": 37759,
    "index": 23
  },
  {
    "name": "Require(21) node_modules/_egg@2.23.0@egg/config/config.local.js",
    "start": 1569678578618,
    "end": 1569678578618,
    "duration": 0,
    "pid": 37759,
    "index": 24
  },
  {
    "name": "Load extend/application.js",
    "start": 1569678578620,
    "end": 1569678578649,
    "duration": 29,
    "pid": 37759,
    "index": 25
  },
  {
    "name": "Require(22) node_modules/_egg-session@3.1.0@egg-session/app/extend/application.js",
    "start": 1569678578620,
    "end": 1569678578620,
    "duration": 0,
    "pid": 37759,
    "index": 26
  },
  {
    "name": "Require(23) node_modules/_egg-security@2.6.1@egg-security/app/extend/application.js",
    "start": 1569678578620,
    "end": 1569678578621,
    "duration": 1,
    "pid": 37759,
    "index": 27
  },
  {
    "name": "Require(24) node_modules/_egg-jsonp@2.0.0@egg-jsonp/app/extend/application.js",
    "start": 1569678578621,
    "end": 1569678578622,
    "duration": 1,
    "pid": 37759,
    "index": 28
  },
  {
    "name": "Require(25) node_modules/_egg-logrotator@3.1.0@egg-logrotator/app/extend/application.js",
    "start": 1569678578622,
    "end": 1569678578623,
    "duration": 1,
    "pid": 37759,
    "index": 29
  },
  {
    "name": "Require(26) node_modules/_egg-view@2.1.2@egg-view/app/extend/application.js",
    "start": 1569678578623,
    "end": 1569678578624,
    "duration": 1,
    "pid": 37759,
    "index": 30
  },
  {
    "name": "Require(27) node_modules/_egg-jwt@3.1.6@egg-jwt/app/extend/application.js",
    "start": 1569678578624,
    "end": 1569678578649,
    "duration": 25,
    "pid": 37759,
    "index": 31
  },
  {
    "name": "Load extend/request.js",
    "start": 1569678578649,
    "end": 1569678578651,
    "duration": 2,
    "pid": 37759,
    "index": 32
  },
  {
    "name": "Require(28) node_modules/_egg@2.23.0@egg/app/extend/request.js",
    "start": 1569678578650,
    "end": 1569678578651,
    "duration": 1,
    "pid": 37759,
    "index": 33
  },
  {
    "name": "Load extend/response.js",
    "start": 1569678578651,
    "end": 1569678578653,
    "duration": 2,
    "pid": 37759,
    "index": 34
  },
  {
    "name": "Require(29) node_modules/_egg@2.23.0@egg/app/extend/response.js",
    "start": 1569678578652,
    "end": 1569678578652,
    "duration": 0,
    "pid": 37759,
    "index": 35
  },
  {
    "name": "Load extend/context.js",
    "start": 1569678578653,
    "end": 1569678578698,
    "duration": 45,
    "pid": 37759,
    "index": 36
  },
  {
    "name": "Require(30) node_modules/_egg-security@2.6.1@egg-security/app/extend/context.js",
    "start": 1569678578653,
    "end": 1569678578657,
    "duration": 4,
    "pid": 37759,
    "index": 37
  },
  {
    "name": "Require(31) node_modules/_egg-jsonp@2.0.0@egg-jsonp/app/extend/context.js",
    "start": 1569678578657,
    "end": 1569678578658,
    "duration": 1,
    "pid": 37759,
    "index": 38
  },
  {
    "name": "Require(32) node_modules/_egg-i18n@2.1.1@egg-i18n/app/extend/context.js",
    "start": 1569678578658,
    "end": 1569678578658,
    "duration": 0,
    "pid": 37759,
    "index": 39
  },
  {
    "name": "Require(33) node_modules/_egg-multipart@2.9.0@egg-multipart/app/extend/context.js",
    "start": 1569678578659,
    "end": 1569678578694,
    "duration": 35,
    "pid": 37759,
    "index": 40
  },
  {
    "name": "Require(34) node_modules/_egg-view@2.1.2@egg-view/app/extend/context.js",
    "start": 1569678578694,
    "end": 1569678578695,
    "duration": 1,
    "pid": 37759,
    "index": 41
  },
  {
    "name": "Require(35) node_modules/_egg-mongoose@3.2.0@egg-mongoose/app/extend/context.js",
    "start": 1569678578695,
    "end": 1569678578696,
    "duration": 1,
    "pid": 37759,
    "index": 42
  },
  {
    "name": "Require(36) node_modules/_egg@2.23.0@egg/app/extend/context.js",
    "start": 1569678578696,
    "end": 1569678578697,
    "duration": 1,
    "pid": 37759,
    "index": 43
  },
  {
    "name": "Load extend/helper.js",
    "start": 1569678578698,
    "end": 1569678578707,
    "duration": 9,
    "pid": 37759,
    "index": 44
  },
  {
    "name": "Require(37) node_modules/_egg-security@2.6.1@egg-security/app/extend/helper.js",
    "start": 1569678578698,
    "end": 1569678578706,
    "duration": 8,
    "pid": 37759,
    "index": 45
  },
  {
    "name": "Require(38) node_modules/_egg@2.23.0@egg/app/extend/helper.js",
    "start": 1569678578706,
    "end": 1569678578706,
    "duration": 0,
    "pid": 37759,
    "index": 46
  },
  {
    "name": "Load app.js",
    "start": 1569678578707,
    "end": 1569678578721,
    "duration": 14,
    "pid": 37759,
    "index": 47
  },
  {
    "name": "Require(39) node_modules/_egg-session@3.1.0@egg-session/app.js",
    "start": 1569678578707,
    "end": 1569678578707,
    "duration": 0,
    "pid": 37759,
    "index": 48
  },
  {
    "name": "Require(40) node_modules/_egg-security@2.6.1@egg-security/app.js",
    "start": 1569678578707,
    "end": 1569678578708,
    "duration": 1,
    "pid": 37759,
    "index": 49
  },
  {
    "name": "Require(41) node_modules/_egg-onerror@2.1.0@egg-onerror/app.js",
    "start": 1569678578708,
    "end": 1569678578713,
    "duration": 5,
    "pid": 37759,
    "index": 50
  },
  {
    "name": "Require(42) node_modules/_egg-i18n@2.1.1@egg-i18n/app.js",
    "start": 1569678578713,
    "end": 1569678578716,
    "duration": 3,
    "pid": 37759,
    "index": 51
  },
  {
    "name": "Require(43) node_modules/_egg-watcher@3.1.0@egg-watcher/app.js",
    "start": 1569678578716,
    "end": 1569678578717,
    "duration": 1,
    "pid": 37759,
    "index": 52
  },
  {
    "name": "Require(44) node_modules/_egg-schedule@3.6.4@egg-schedule/app.js",
    "start": 1569678578717,
    "end": 1569678578718,
    "duration": 1,
    "pid": 37759,
    "index": 53
  },
  {
    "name": "Require(45) node_modules/_egg-multipart@2.9.0@egg-multipart/app.js",
    "start": 1569678578718,
    "end": 1569678578719,
    "duration": 1,
    "pid": 37759,
    "index": 54
  },
  {
    "name": "Require(46) node_modules/_egg-development@2.4.3@egg-development/app.js",
    "start": 1569678578719,
    "end": 1569678578719,
    "duration": 0,
    "pid": 37759,
    "index": 55
  },
  {
    "name": "Require(47) node_modules/_egg-logrotator@3.1.0@egg-logrotator/app.js",
    "start": 1569678578719,
    "end": 1569678578720,
    "duration": 1,
    "pid": 37759,
    "index": 56
  },
  {
    "name": "Require(48) node_modules/_egg-static@2.2.0@egg-static/app.js",
    "start": 1569678578720,
    "end": 1569678578720,
    "duration": 0,
    "pid": 37759,
    "index": 57
  },
  {
    "name": "Require(49) node_modules/_egg-mongoose@3.2.0@egg-mongoose/app.js",
    "start": 1569678578720,
    "end": 1569678578720,
    "duration": 0,
    "pid": 37759,
    "index": 58
  },
  {
    "name": "Require(50) node_modules/_egg-jwt@3.1.6@egg-jwt/app.js",
    "start": 1569678578720,
    "end": 1569678578720,
    "duration": 0,
    "pid": 37759,
    "index": 59
  },
  {
    "name": "Require(51) node_modules/_egg-router-group@1.1.0@egg-router-group/app.js",
    "start": 1569678578720,
    "end": 1569678578721,
    "duration": 1,
    "pid": 37759,
    "index": 60
  },
  {
    "name": "Before Start in node_modules/_egg-watcher@3.1.0@egg-watcher/lib/init.js:15:14",
    "start": 1569678578731,
    "end": 1569678579150,
    "duration": 419,
    "pid": 37759,
    "index": 61
  },
  {
    "name": "Before Start in node_modules/_egg-mongoose@3.2.0@egg-mongoose/lib/mongoose.js:91:7",
    "start": 1569678578974,
    "end": 1569678579147,
    "duration": 173,
    "pid": 37759,
    "index": 62
  },
  {
    "name": "Before Start in node_modules/_egg-mongoose@3.2.0@egg-mongoose/lib/mongoose.js:49:9",
    "start": 1569678578974,
    "end": 1569678579124,
    "duration": 150,
    "pid": 37759,
    "index": 63
  },
  {
    "name": "Before Start in node_modules/_egg-core@4.17.3@egg-core/lib/egg.js:303:10",
    "start": 1569678578975,
    "end": 1569678579124,
    "duration": 149,
    "pid": 37759,
    "index": 64
  },
  {
    "name": "Load Service",
    "start": 1569678578975,
    "end": 1569678579005,
    "duration": 30,
    "pid": 37759,
    "index": 65
  },
  {
    "name": "Load \"service\" to Context",
    "start": 1569678578975,
    "end": 1569678579005,
    "duration": 30,
    "pid": 37759,
    "index": 66
  },
  {
    "name": "Load Middleware",
    "start": 1569678579005,
    "end": 1569678579071,
    "duration": 66,
    "pid": 37759,
    "index": 67
  },
  {
    "name": "Load \"middlewares\" to Application",
    "start": 1569678579006,
    "end": 1569678579062,
    "duration": 56,
    "pid": 37759,
    "index": 68
  },
  {
    "name": "Load Controller",
    "start": 1569678579071,
    "end": 1569678579087,
    "duration": 16,
    "pid": 37759,
    "index": 69
  },
  {
    "name": "Load \"controller\" to Application",
    "start": 1569678579071,
    "end": 1569678579087,
    "duration": 16,
    "pid": 37759,
    "index": 70
  },
  {
    "name": "Load Router",
    "start": 1569678579087,
    "end": 1569678579091,
    "duration": 4,
    "pid": 37759,
    "index": 71
  },
  {
    "name": "Require(52) app/router.js",
    "start": 1569678579087,
    "end": 1569678579087,
    "duration": 0,
    "pid": 37759,
    "index": 72
  },
  {
    "name": "Load \"model\" to Application",
    "start": 1569678579106,
    "end": 1569678579123,
    "duration": 17,
    "pid": 37759,
    "index": 73
  }
]