[
  {
    "name": "Application Start",
    "start": 1569503885552,
    "end": 1569503886021,
    "duration": 469,
    "pid": 24301,
    "index": 0
  },
  {
    "name": "Load Plugin",
    "start": 1569503885556,
    "end": 1569503885564,
    "duration": 8,
    "pid": 24301,
    "index": 1
  },
  {
    "name": "Load Config",
    "start": 1569503885564,
    "end": 1569503885579,
    "duration": 15,
    "pid": 24301,
    "index": 2
  },
  {
    "name": "Require(0) config/config.default.js",
    "start": 1569503885565,
    "end": 1569503885565,
    "duration": 0,
    "pid": 24301,
    "index": 3
  },
  {
    "name": "Require(1) node_modules/_egg-session@3.1.0@egg-session/config/config.default.js",
    "start": 1569503885566,
    "end": 1569503885567,
    "duration": 1,
    "pid": 24301,
    "index": 4
  },
  {
    "name": "Require(2) node_modules/_egg-security@2.6.1@egg-security/config/config.default.js",
    "start": 1569503885567,
    "end": 1569503885567,
    "duration": 0,
    "pid": 24301,
    "index": 5
  },
  {
    "name": "Require(3) node_modules/_egg-jsonp@2.0.0@egg-jsonp/config/config.default.js",
    "start": 1569503885568,
    "end": 1569503885570,
    "duration": 2,
    "pid": 24301,
    "index": 6
  },
  {
    "name": "Require(4) node_modules/_egg-onerror@2.1.0@egg-onerror/config/config.default.js",
    "start": 1569503885571,
    "end": 1569503885571,
    "duration": 0,
    "pid": 24301,
    "index": 7
  },
  {
    "name": "Require(5) node_modules/_egg-i18n@2.1.1@egg-i18n/config/config.default.js",
    "start": 1569503885571,
    "end": 1569503885572,
    "duration": 1,
    "pid": 24301,
    "index": 8
  },
  {
    "name": "Require(6) node_modules/_egg-watcher@3.1.0@egg-watcher/config/config.default.js",
    "start": 1569503885572,
    "end": 1569503885572,
    "duration": 0,
    "pid": 24301,
    "index": 9
  },
  {
    "name": "Require(7) node_modules/_egg-schedule@3.6.4@egg-schedule/config/config.default.js",
    "start": 1569503885572,
    "end": 1569503885573,
    "duration": 1,
    "pid": 24301,
    "index": 10
  },
  {
    "name": "Require(8) node_modules/_egg-multipart@2.9.0@egg-multipart/config/config.default.js",
    "start": 1569503885573,
    "end": 1569503885573,
    "duration": 0,
    "pid": 24301,
    "index": 11
  },
  {
    "name": "Require(9) node_modules/_egg-development@2.4.3@egg-development/config/config.default.js",
    "start": 1569503885573,
    "end": 1569503885573,
    "duration": 0,
    "pid": 24301,
    "index": 12
  },
  {
    "name": "Require(10) node_modules/_egg-logrotator@3.1.0@egg-logrotator/config/config.default.js",
    "start": 1569503885574,
    "end": 1569503885574,
    "duration": 0,
    "pid": 24301,
    "index": 13
  },
  {
    "name": "Require(11) node_modules/_egg-static@2.2.0@egg-static/config/config.default.js",
    "start": 1569503885574,
    "end": 1569503885574,
    "duration": 0,
    "pid": 24301,
    "index": 14
  },
  {
    "name": "Require(12) node_modules/_egg-view@2.1.2@egg-view/config/config.default.js",
    "start": 1569503885574,
    "end": 1569503885575,
    "duration": 1,
    "pid": 24301,
    "index": 15
  },
  {
    "name": "Require(13) node_modules/_egg-mongoose@3.2.0@egg-mongoose/config/config.default.js",
    "start": 1569503885575,
    "end": 1569503885575,
    "duration": 0,
    "pid": 24301,
    "index": 16
  },
  {
    "name": "Require(14) node_modules/_egg-jwt@3.1.6@egg-jwt/config/config.default.js",
    "start": 1569503885575,
    "end": 1569503885575,
    "duration": 0,
    "pid": 24301,
    "index": 17
  },
  {
    "name": "Require(15) node_modules/_egg-router-group@1.1.0@egg-router-group/config/config.default.js",
    "start": 1569503885575,
    "end": 1569503885576,
    "duration": 1,
    "pid": 24301,
    "index": 18
  },
  {
    "name": "Require(16) node_modules/_egg@2.23.0@egg/config/config.default.js",
    "start": 1569503885576,
    "end": 1569503885576,
    "duration": 0,
    "pid": 24301,
    "index": 19
  },
  {
    "name": "Require(17) config/config.default.js",
    "start": 1569503885577,
    "end": 1569503885577,
    "duration": 0,
    "pid": 24301,
    "index": 20
  },
  {
    "name": "Require(18) node_modules/_egg-security@2.6.1@egg-security/config/config.local.js",
    "start": 1569503885577,
    "end": 1569503885577,
    "duration": 0,
    "pid": 24301,
    "index": 21
  },
  {
    "name": "Require(19) node_modules/_egg-watcher@3.1.0@egg-watcher/config/config.local.js",
    "start": 1569503885578,
    "end": 1569503885578,
    "duration": 0,
    "pid": 24301,
    "index": 22
  },
  {
    "name": "Require(20) node_modules/_egg-view@2.1.2@egg-view/config/config.local.js",
    "start": 1569503885578,
    "end": 1569503885578,
    "duration": 0,
    "pid": 24301,
    "index": 23
  },
  {
    "name": "Require(21) node_modules/_egg@2.23.0@egg/config/config.local.js",
    "start": 1569503885578,
    "end": 1569503885579,
    "duration": 1,
    "pid": 24301,
    "index": 24
  },
  {
    "name": "Load extend/application.js",
    "start": 1569503885580,
    "end": 1569503885610,
    "duration": 30,
    "pid": 24301,
    "index": 25
  },
  {
    "name": "Require(22) node_modules/_egg-session@3.1.0@egg-session/app/extend/application.js",
    "start": 1569503885580,
    "end": 1569503885580,
    "duration": 0,
    "pid": 24301,
    "index": 26
  },
  {
    "name": "Require(23) node_modules/_egg-security@2.6.1@egg-security/app/extend/application.js",
    "start": 1569503885581,
    "end": 1569503885581,
    "duration": 0,
    "pid": 24301,
    "index": 27
  },
  {
    "name": "Require(24) node_modules/_egg-jsonp@2.0.0@egg-jsonp/app/extend/application.js",
    "start": 1569503885581,
    "end": 1569503885584,
    "duration": 3,
    "pid": 24301,
    "index": 28
  },
  {
    "name": "Require(25) node_modules/_egg-logrotator@3.1.0@egg-logrotator/app/extend/application.js",
    "start": 1569503885584,
    "end": 1569503885585,
    "duration": 1,
    "pid": 24301,
    "index": 29
  },
  {
    "name": "Require(26) node_modules/_egg-view@2.1.2@egg-view/app/extend/application.js",
    "start": 1569503885585,
    "end": 1569503885586,
    "duration": 1,
    "pid": 24301,
    "index": 30
  },
  {
    "name": "Require(27) node_modules/_egg-jwt@3.1.6@egg-jwt/app/extend/application.js",
    "start": 1569503885586,
    "end": 1569503885610,
    "duration": 24,
    "pid": 24301,
    "index": 31
  },
  {
    "name": "Load extend/request.js",
    "start": 1569503885610,
    "end": 1569503885612,
    "duration": 2,
    "pid": 24301,
    "index": 32
  },
  {
    "name": "Require(28) node_modules/_egg@2.23.0@egg/app/extend/request.js",
    "start": 1569503885611,
    "end": 1569503885612,
    "duration": 1,
    "pid": 24301,
    "index": 33
  },
  {
    "name": "Load extend/response.js",
    "start": 1569503885612,
    "end": 1569503885614,
    "duration": 2,
    "pid": 24301,
    "index": 34
  },
  {
    "name": "Require(29) node_modules/_egg@2.23.0@egg/app/extend/response.js",
    "start": 1569503885613,
    "end": 1569503885613,
    "duration": 0,
    "pid": 24301,
    "index": 35
  },
  {
    "name": "Load extend/context.js",
    "start": 1569503885614,
    "end": 1569503885655,
    "duration": 41,
    "pid": 24301,
    "index": 36
  },
  {
    "name": "Require(30) node_modules/_egg-security@2.6.1@egg-security/app/extend/context.js",
    "start": 1569503885614,
    "end": 1569503885618,
    "duration": 4,
    "pid": 24301,
    "index": 37
  },
  {
    "name": "Require(31) node_modules/_egg-jsonp@2.0.0@egg-jsonp/app/extend/context.js",
    "start": 1569503885619,
    "end": 1569503885619,
    "duration": 0,
    "pid": 24301,
    "index": 38
  },
  {
    "name": "Require(32) node_modules/_egg-i18n@2.1.1@egg-i18n/app/extend/context.js",
    "start": 1569503885619,
    "end": 1569503885619,
    "duration": 0,
    "pid": 24301,
    "index": 39
  },
  {
    "name": "Require(33) node_modules/_egg-multipart@2.9.0@egg-multipart/app/extend/context.js",
    "start": 1569503885620,
    "end": 1569503885653,
    "duration": 33,
    "pid": 24301,
    "index": 40
  },
  {
    "name": "Require(34) node_modules/_egg-view@2.1.2@egg-view/app/extend/context.js",
    "start": 1569503885653,
    "end": 1569503885653,
    "duration": 0,
    "pid": 24301,
    "index": 41
  },
  {
    "name": "Require(35) node_modules/_egg-mongoose@3.2.0@egg-mongoose/app/extend/context.js",
    "start": 1569503885653,
    "end": 1569503885654,
    "duration": 1,
    "pid": 24301,
    "index": 42
  },
  {
    "name": "Require(36) node_modules/_egg@2.23.0@egg/app/extend/context.js",
    "start": 1569503885654,
    "end": 1569503885654,
    "duration": 0,
    "pid": 24301,
    "index": 43
  },
  {
    "name": "Load extend/helper.js",
    "start": 1569503885655,
    "end": 1569503885664,
    "duration": 9,
    "pid": 24301,
    "index": 44
  },
  {
    "name": "Require(37) node_modules/_egg-security@2.6.1@egg-security/app/extend/helper.js",
    "start": 1569503885655,
    "end": 1569503885662,
    "duration": 7,
    "pid": 24301,
    "index": 45
  },
  {
    "name": "Require(38) node_modules/_egg@2.23.0@egg/app/extend/helper.js",
    "start": 1569503885663,
    "end": 1569503885663,
    "duration": 0,
    "pid": 24301,
    "index": 46
  },
  {
    "name": "Load app.js",
    "start": 1569503885664,
    "end": 1569503885677,
    "duration": 13,
    "pid": 24301,
    "index": 47
  },
  {
    "name": "Require(39) node_modules/_egg-session@3.1.0@egg-session/app.js",
    "start": 1569503885664,
    "end": 1569503885664,
    "duration": 0,
    "pid": 24301,
    "index": 48
  },
  {
    "name": "Require(40) node_modules/_egg-security@2.6.1@egg-security/app.js",
    "start": 1569503885664,
    "end": 1569503885665,
    "duration": 1,
    "pid": 24301,
    "index": 49
  },
  {
    "name": "Require(41) node_modules/_egg-onerror@2.1.0@egg-onerror/app.js",
    "start": 1569503885665,
    "end": 1569503885669,
    "duration": 4,
    "pid": 24301,
    "index": 50
  },
  {
    "name": "Require(42) node_modules/_egg-i18n@2.1.1@egg-i18n/app.js",
    "start": 1569503885669,
    "end": 1569503885671,
    "duration": 2,
    "pid": 24301,
    "index": 51
  },
  {
    "name": "Require(43) node_modules/_egg-watcher@3.1.0@egg-watcher/app.js",
    "start": 1569503885671,
    "end": 1569503885673,
    "duration": 2,
    "pid": 24301,
    "index": 52
  },
  {
    "name": "Require(44) node_modules/_egg-schedule@3.6.4@egg-schedule/app.js",
    "start": 1569503885673,
    "end": 1569503885673,
    "duration": 0,
    "pid": 24301,
    "index": 53
  },
  {
    "name": "Require(45) node_modules/_egg-multipart@2.9.0@egg-multipart/app.js",
    "start": 1569503885674,
    "end": 1569503885674,
    "duration": 0,
    "pid": 24301,
    "index": 54
  },
  {
    "name": "Require(46) node_modules/_egg-development@2.4.3@egg-development/app.js",
    "start": 1569503885675,
    "end": 1569503885675,
    "duration": 0,
    "pid": 24301,
    "index": 55
  },
  {
    "name": "Require(47) node_modules/_egg-logrotator@3.1.0@egg-logrotator/app.js",
    "start": 1569503885675,
    "end": 1569503885675,
    "duration": 0,
    "pid": 24301,
    "index": 56
  },
  {
    "name": "Require(48) node_modules/_egg-static@2.2.0@egg-static/app.js",
    "start": 1569503885675,
    "end": 1569503885675,
    "duration": 0,
    "pid": 24301,
    "index": 57
  },
  {
    "name": "Require(49) node_modules/_egg-mongoose@3.2.0@egg-mongoose/app.js",
    "start": 1569503885675,
    "end": 1569503885675,
    "duration": 0,
    "pid": 24301,
    "index": 58
  },
  {
    "name": "Require(50) node_modules/_egg-jwt@3.1.6@egg-jwt/app.js",
    "start": 1569503885675,
    "end": 1569503885676,
    "duration": 1,
    "pid": 24301,
    "index": 59
  },
  {
    "name": "Require(51) node_modules/_egg-router-group@1.1.0@egg-router-group/app.js",
    "start": 1569503885676,
    "end": 1569503885676,
    "duration": 0,
    "pid": 24301,
    "index": 60
  },
  {
    "name": "Before Start in node_modules/_egg-watcher@3.1.0@egg-watcher/lib/init.js:15:14",
    "start": 1569503885685,
    "end": 1569503886016,
    "duration": 331,
    "pid": 24301,
    "index": 61
  },
  {
    "name": "Before Start in node_modules/_egg-mongoose@3.2.0@egg-mongoose/lib/mongoose.js:91:7",
    "start": 1569503885900,
    "end": 1569503886014,
    "duration": 114,
    "pid": 24301,
    "index": 62
  },
  {
    "name": "Before Start in node_modules/_egg-mongoose@3.2.0@egg-mongoose/lib/mongoose.js:49:9",
    "start": 1569503885900,
    "end": 1569503885995,
    "duration": 95,
    "pid": 24301,
    "index": 63
  },
  {
    "name": "Before Start in node_modules/_egg-core@4.17.3@egg-core/lib/egg.js:303:10",
    "start": 1569503885901,
    "end": 1569503885995,
    "duration": 94,
    "pid": 24301,
    "index": 64
  },
  {
    "name": "Load Service",
    "start": 1569503885901,
    "end": 1569503885929,
    "duration": 28,
    "pid": 24301,
    "index": 65
  },
  {
    "name": "Load \"service\" to Context",
    "start": 1569503885901,
    "end": 1569503885929,
    "duration": 28,
    "pid": 24301,
    "index": 66
  },
  {
    "name": "Load Middleware",
    "start": 1569503885929,
    "end": 1569503885965,
    "duration": 36,
    "pid": 24301,
    "index": 67
  },
  {
    "name": "Load \"middlewares\" to Application",
    "start": 1569503885930,
    "end": 1569503885960,
    "duration": 30,
    "pid": 24301,
    "index": 68
  },
  {
    "name": "Load Controller",
    "start": 1569503885965,
    "end": 1569503885971,
    "duration": 6,
    "pid": 24301,
    "index": 69
  },
  {
    "name": "Load \"controller\" to Application",
    "start": 1569503885965,
    "end": 1569503885971,
    "duration": 6,
    "pid": 24301,
    "index": 70
  },
  {
    "name": "Load Router",
    "start": 1569503885971,
    "end": 1569503885973,
    "duration": 2,
    "pid": 24301,
    "index": 71
  },
  {
    "name": "Require(52) app/router.js",
    "start": 1569503885971,
    "end": 1569503885971,
    "duration": 0,
    "pid": 24301,
    "index": 72
  },
  {
    "name": "Load \"model\" to Application",
    "start": 1569503885983,
    "end": 1569503885994,
    "duration": 11,
    "pid": 24301,
    "index": 73
  }
]