[
  {
    "name": "Application Start",
    "start": 1569505731207,
    "end": 1569505731815,
    "duration": 608,
    "pid": 25050,
    "index": 0
  },
  {
    "name": "Load Plugin",
    "start": 1569505731211,
    "end": 1569505731218,
    "duration": 7,
    "pid": 25050,
    "index": 1
  },
  {
    "name": "Load Config",
    "start": 1569505731218,
    "end": 1569505731231,
    "duration": 13,
    "pid": 25050,
    "index": 2
  },
  {
    "name": "Require(0) config/config.default.js",
    "start": 1569505731219,
    "end": 1569505731219,
    "duration": 0,
    "pid": 25050,
    "index": 3
  },
  {
    "name": "Require(1) node_modules/_egg-session@3.1.0@egg-session/config/config.default.js",
    "start": 1569505731220,
    "end": 1569505731220,
    "duration": 0,
    "pid": 25050,
    "index": 4
  },
  {
    "name": "Require(2) node_modules/_egg-security@2.6.1@egg-security/config/config.default.js",
    "start": 1569505731220,
    "end": 1569505731221,
    "duration": 1,
    "pid": 25050,
    "index": 5
  },
  {
    "name": "Require(3) node_modules/_egg-jsonp@2.0.0@egg-jsonp/config/config.default.js",
    "start": 1569505731221,
    "end": 1569505731223,
    "duration": 2,
    "pid": 25050,
    "index": 6
  },
  {
    "name": "Require(4) node_modules/_egg-onerror@2.1.0@egg-onerror/config/config.default.js",
    "start": 1569505731224,
    "end": 1569505731224,
    "duration": 0,
    "pid": 25050,
    "index": 7
  },
  {
    "name": "Require(5) node_modules/_egg-i18n@2.1.1@egg-i18n/config/config.default.js",
    "start": 1569505731224,
    "end": 1569505731224,
    "duration": 0,
    "pid": 25050,
    "index": 8
  },
  {
    "name": "Require(6) node_modules/_egg-watcher@3.1.0@egg-watcher/config/config.default.js",
    "start": 1569505731224,
    "end": 1569505731225,
    "duration": 1,
    "pid": 25050,
    "index": 9
  },
  {
    "name": "Require(7) node_modules/_egg-schedule@3.6.4@egg-schedule/config/config.default.js",
    "start": 1569505731225,
    "end": 1569505731225,
    "duration": 0,
    "pid": 25050,
    "index": 10
  },
  {
    "name": "Require(8) node_modules/_egg-multipart@2.9.0@egg-multipart/config/config.default.js",
    "start": 1569505731225,
    "end": 1569505731225,
    "duration": 0,
    "pid": 25050,
    "index": 11
  },
  {
    "name": "Require(9) node_modules/_egg-development@2.4.3@egg-development/config/config.default.js",
    "start": 1569505731225,
    "end": 1569505731226,
    "duration": 1,
    "pid": 25050,
    "index": 12
  },
  {
    "name": "Require(10) node_modules/_egg-logrotator@3.1.0@egg-logrotator/config/config.default.js",
    "start": 1569505731226,
    "end": 1569505731226,
    "duration": 0,
    "pid": 25050,
    "index": 13
  },
  {
    "name": "Require(11) node_modules/_egg-static@2.2.0@egg-static/config/config.default.js",
    "start": 1569505731226,
    "end": 1569505731226,
    "duration": 0,
    "pid": 25050,
    "index": 14
  },
  {
    "name": "Require(12) node_modules/_egg-view@2.1.2@egg-view/config/config.default.js",
    "start": 1569505731226,
    "end": 1569505731227,
    "duration": 1,
    "pid": 25050,
    "index": 15
  },
  {
    "name": "Require(13) node_modules/_egg-mongoose@3.2.0@egg-mongoose/config/config.default.js",
    "start": 1569505731227,
    "end": 1569505731227,
    "duration": 0,
    "pid": 25050,
    "index": 16
  },
  {
    "name": "Require(14) node_modules/_egg-jwt@3.1.6@egg-jwt/config/config.default.js",
    "start": 1569505731227,
    "end": 1569505731227,
    "duration": 0,
    "pid": 25050,
    "index": 17
  },
  {
    "name": "Require(15) node_modules/_egg-router-group@1.1.0@egg-router-group/config/config.default.js",
    "start": 1569505731227,
    "end": 1569505731228,
    "duration": 1,
    "pid": 25050,
    "index": 18
  },
  {
    "name": "Require(16) node_modules/_egg@2.23.0@egg/config/config.default.js",
    "start": 1569505731228,
    "end": 1569505731228,
    "duration": 0,
    "pid": 25050,
    "index": 19
  },
  {
    "name": "Require(17) config/config.default.js",
    "start": 1569505731229,
    "end": 1569505731229,
    "duration": 0,
    "pid": 25050,
    "index": 20
  },
  {
    "name": "Require(18) node_modules/_egg-security@2.6.1@egg-security/config/config.local.js",
    "start": 1569505731229,
    "end": 1569505731229,
    "duration": 0,
    "pid": 25050,
    "index": 21
  },
  {
    "name": "Require(19) node_modules/_egg-watcher@3.1.0@egg-watcher/config/config.local.js",
    "start": 1569505731230,
    "end": 1569505731230,
    "duration": 0,
    "pid": 25050,
    "index": 22
  },
  {
    "name": "Require(20) node_modules/_egg-view@2.1.2@egg-view/config/config.local.js",
    "start": 1569505731230,
    "end": 1569505731230,
    "duration": 0,
    "pid": 25050,
    "index": 23
  },
  {
    "name": "Require(21) node_modules/_egg@2.23.0@egg/config/config.local.js",
    "start": 1569505731231,
    "end": 1569505731231,
    "duration": 0,
    "pid": 25050,
    "index": 24
  },
  {
    "name": "Load extend/application.js",
    "start": 1569505731232,
    "end": 1569505731260,
    "duration": 28,
    "pid": 25050,
    "index": 25
  },
  {
    "name": "Require(22) node_modules/_egg-session@3.1.0@egg-session/app/extend/application.js",
    "start": 1569505731232,
    "end": 1569505731232,
    "duration": 0,
    "pid": 25050,
    "index": 26
  },
  {
    "name": "Require(23) node_modules/_egg-security@2.6.1@egg-security/app/extend/application.js",
    "start": 1569505731233,
    "end": 1569505731233,
    "duration": 0,
    "pid": 25050,
    "index": 27
  },
  {
    "name": "Require(24) node_modules/_egg-jsonp@2.0.0@egg-jsonp/app/extend/application.js",
    "start": 1569505731233,
    "end": 1569505731234,
    "duration": 1,
    "pid": 25050,
    "index": 28
  },
  {
    "name": "Require(25) node_modules/_egg-logrotator@3.1.0@egg-logrotator/app/extend/application.js",
    "start": 1569505731234,
    "end": 1569505731235,
    "duration": 1,
    "pid": 25050,
    "index": 29
  },
  {
    "name": "Require(26) node_modules/_egg-view@2.1.2@egg-view/app/extend/application.js",
    "start": 1569505731235,
    "end": 1569505731236,
    "duration": 1,
    "pid": 25050,
    "index": 30
  },
  {
    "name": "Require(27) node_modules/_egg-jwt@3.1.6@egg-jwt/app/extend/application.js",
    "start": 1569505731236,
    "end": 1569505731259,
    "duration": 23,
    "pid": 25050,
    "index": 31
  },
  {
    "name": "Load extend/request.js",
    "start": 1569505731260,
    "end": 1569505731262,
    "duration": 2,
    "pid": 25050,
    "index": 32
  },
  {
    "name": "Require(28) node_modules/_egg@2.23.0@egg/app/extend/request.js",
    "start": 1569505731260,
    "end": 1569505731261,
    "duration": 1,
    "pid": 25050,
    "index": 33
  },
  {
    "name": "Load extend/response.js",
    "start": 1569505731262,
    "end": 1569505731263,
    "duration": 1,
    "pid": 25050,
    "index": 34
  },
  {
    "name": "Require(29) node_modules/_egg@2.23.0@egg/app/extend/response.js",
    "start": 1569505731262,
    "end": 1569505731263,
    "duration": 1,
    "pid": 25050,
    "index": 35
  },
  {
    "name": "Load extend/context.js",
    "start": 1569505731263,
    "end": 1569505731302,
    "duration": 39,
    "pid": 25050,
    "index": 36
  },
  {
    "name": "Require(30) node_modules/_egg-security@2.6.1@egg-security/app/extend/context.js",
    "start": 1569505731263,
    "end": 1569505731268,
    "duration": 5,
    "pid": 25050,
    "index": 37
  },
  {
    "name": "Require(31) node_modules/_egg-jsonp@2.0.0@egg-jsonp/app/extend/context.js",
    "start": 1569505731268,
    "end": 1569505731268,
    "duration": 0,
    "pid": 25050,
    "index": 38
  },
  {
    "name": "Require(32) node_modules/_egg-i18n@2.1.1@egg-i18n/app/extend/context.js",
    "start": 1569505731269,
    "end": 1569505731269,
    "duration": 0,
    "pid": 25050,
    "index": 39
  },
  {
    "name": "Require(33) node_modules/_egg-multipart@2.9.0@egg-multipart/app/extend/context.js",
    "start": 1569505731269,
    "end": 1569505731300,
    "duration": 31,
    "pid": 25050,
    "index": 40
  },
  {
    "name": "Require(34) node_modules/_egg-view@2.1.2@egg-view/app/extend/context.js",
    "start": 1569505731300,
    "end": 1569505731301,
    "duration": 1,
    "pid": 25050,
    "index": 41
  },
  {
    "name": "Require(35) node_modules/_egg-mongoose@3.2.0@egg-mongoose/app/extend/context.js",
    "start": 1569505731301,
    "end": 1569505731301,
    "duration": 0,
    "pid": 25050,
    "index": 42
  },
  {
    "name": "Require(36) node_modules/_egg@2.23.0@egg/app/extend/context.js",
    "start": 1569505731301,
    "end": 1569505731302,
    "duration": 1,
    "pid": 25050,
    "index": 43
  },
  {
    "name": "Load extend/helper.js",
    "start": 1569505731302,
    "end": 1569505731312,
    "duration": 10,
    "pid": 25050,
    "index": 44
  },
  {
    "name": "Require(37) node_modules/_egg-security@2.6.1@egg-security/app/extend/helper.js",
    "start": 1569505731303,
    "end": 1569505731311,
    "duration": 8,
    "pid": 25050,
    "index": 45
  },
  {
    "name": "Require(38) node_modules/_egg@2.23.0@egg/app/extend/helper.js",
    "start": 1569505731311,
    "end": 1569505731311,
    "duration": 0,
    "pid": 25050,
    "index": 46
  },
  {
    "name": "Load app.js",
    "start": 1569505731312,
    "end": 1569505731327,
    "duration": 15,
    "pid": 25050,
    "index": 47
  },
  {
    "name": "Require(39) node_modules/_egg-session@3.1.0@egg-session/app.js",
    "start": 1569505731312,
    "end": 1569505731312,
    "duration": 0,
    "pid": 25050,
    "index": 48
  },
  {
    "name": "Require(40) node_modules/_egg-security@2.6.1@egg-security/app.js",
    "start": 1569505731312,
    "end": 1569505731313,
    "duration": 1,
    "pid": 25050,
    "index": 49
  },
  {
    "name": "Require(41) node_modules/_egg-onerror@2.1.0@egg-onerror/app.js",
    "start": 1569505731313,
    "end": 1569505731317,
    "duration": 4,
    "pid": 25050,
    "index": 50
  },
  {
    "name": "Require(42) node_modules/_egg-i18n@2.1.1@egg-i18n/app.js",
    "start": 1569505731317,
    "end": 1569505731320,
    "duration": 3,
    "pid": 25050,
    "index": 51
  },
  {
    "name": "Require(43) node_modules/_egg-watcher@3.1.0@egg-watcher/app.js",
    "start": 1569505731320,
    "end": 1569505731322,
    "duration": 2,
    "pid": 25050,
    "index": 52
  },
  {
    "name": "Require(44) node_modules/_egg-schedule@3.6.4@egg-schedule/app.js",
    "start": 1569505731322,
    "end": 1569505731324,
    "duration": 2,
    "pid": 25050,
    "index": 53
  },
  {
    "name": "Require(45) node_modules/_egg-multipart@2.9.0@egg-multipart/app.js",
    "start": 1569505731324,
    "end": 1569505731325,
    "duration": 1,
    "pid": 25050,
    "index": 54
  },
  {
    "name": "Require(46) node_modules/_egg-development@2.4.3@egg-development/app.js",
    "start": 1569505731325,
    "end": 1569505731325,
    "duration": 0,
    "pid": 25050,
    "index": 55
  },
  {
    "name": "Require(47) node_modules/_egg-logrotator@3.1.0@egg-logrotator/app.js",
    "start": 1569505731325,
    "end": 1569505731325,
    "duration": 0,
    "pid": 25050,
    "index": 56
  },
  {
    "name": "Require(48) node_modules/_egg-static@2.2.0@egg-static/app.js",
    "start": 1569505731325,
    "end": 1569505731325,
    "duration": 0,
    "pid": 25050,
    "index": 57
  },
  {
    "name": "Require(49) node_modules/_egg-mongoose@3.2.0@egg-mongoose/app.js",
    "start": 1569505731326,
    "end": 1569505731326,
    "duration": 0,
    "pid": 25050,
    "index": 58
  },
  {
    "name": "Require(50) node_modules/_egg-jwt@3.1.6@egg-jwt/app.js",
    "start": 1569505731326,
    "end": 1569505731326,
    "duration": 0,
    "pid": 25050,
    "index": 59
  },
  {
    "name": "Require(51) node_modules/_egg-router-group@1.1.0@egg-router-group/app.js",
    "start": 1569505731326,
    "end": 1569505731327,
    "duration": 1,
    "pid": 25050,
    "index": 60
  },
  {
    "name": "Before Start in node_modules/_egg-watcher@3.1.0@egg-watcher/lib/init.js:15:14",
    "start": 1569505731336,
    "end": 1569505731808,
    "duration": 472,
    "pid": 25050,
    "index": 61
  },
  {
    "name": "Before Start in node_modules/_egg-mongoose@3.2.0@egg-mongoose/lib/mongoose.js:91:7",
    "start": 1569505731626,
    "end": 1569505731803,
    "duration": 177,
    "pid": 25050,
    "index": 62
  },
  {
    "name": "Before Start in node_modules/_egg-mongoose@3.2.0@egg-mongoose/lib/mongoose.js:49:9",
    "start": 1569505731626,
    "end": 1569505731750,
    "duration": 124,
    "pid": 25050,
    "index": 63
  },
  {
    "name": "Before Start in node_modules/_egg-core@4.17.3@egg-core/lib/egg.js:303:10",
    "start": 1569505731626,
    "end": 1569505731750,
    "duration": 124,
    "pid": 25050,
    "index": 64
  },
  {
    "name": "Load Service",
    "start": 1569505731627,
    "end": 1569505731661,
    "duration": 34,
    "pid": 25050,
    "index": 65
  },
  {
    "name": "Load \"service\" to Context",
    "start": 1569505731627,
    "end": 1569505731661,
    "duration": 34,
    "pid": 25050,
    "index": 66
  },
  {
    "name": "Load Middleware",
    "start": 1569505731661,
    "end": 1569505731702,
    "duration": 41,
    "pid": 25050,
    "index": 67
  },
  {
    "name": "Load \"middlewares\" to Application",
    "start": 1569505731661,
    "end": 1569505731697,
    "duration": 36,
    "pid": 25050,
    "index": 68
  },
  {
    "name": "Load Controller",
    "start": 1569505731702,
    "end": 1569505731710,
    "duration": 8,
    "pid": 25050,
    "index": 69
  },
  {
    "name": "Load \"controller\" to Application",
    "start": 1569505731702,
    "end": 1569505731710,
    "duration": 8,
    "pid": 25050,
    "index": 70
  },
  {
    "name": "Load Router",
    "start": 1569505731710,
    "end": 1569505731713,
    "duration": 3,
    "pid": 25050,
    "index": 71
  },
  {
    "name": "Require(52) app/router.js",
    "start": 1569505731710,
    "end": 1569505731710,
    "duration": 0,
    "pid": 25050,
    "index": 72
  },
  {
    "name": "Load \"model\" to Application",
    "start": 1569505731725,
    "end": 1569505731747,
    "duration": 22,
    "pid": 25050,
    "index": 73
  }
]