[
  {
    "name": "Application Start",
    "start": 1569506178341,
    "end": 1569506178847,
    "duration": 506,
    "pid": 25282,
    "index": 0
  },
  {
    "name": "Load Plugin",
    "start": 1569506178345,
    "end": 1569506178353,
    "duration": 8,
    "pid": 25282,
    "index": 1
  },
  {
    "name": "Load Config",
    "start": 1569506178353,
    "end": 1569506178366,
    "duration": 13,
    "pid": 25282,
    "index": 2
  },
  {
    "name": "Require(0) config/config.default.js",
    "start": 1569506178354,
    "end": 1569506178354,
    "duration": 0,
    "pid": 25282,
    "index": 3
  },
  {
    "name": "Require(1) node_modules/_egg-session@3.1.0@egg-session/config/config.default.js",
    "start": 1569506178355,
    "end": 1569506178355,
    "duration": 0,
    "pid": 25282,
    "index": 4
  },
  {
    "name": "Require(2) node_modules/_egg-security@2.6.1@egg-security/config/config.default.js",
    "start": 1569506178355,
    "end": 1569506178356,
    "duration": 1,
    "pid": 25282,
    "index": 5
  },
  {
    "name": "Require(3) node_modules/_egg-jsonp@2.0.0@egg-jsonp/config/config.default.js",
    "start": 1569506178356,
    "end": 1569506178358,
    "duration": 2,
    "pid": 25282,
    "index": 6
  },
  {
    "name": "Require(4) node_modules/_egg-onerror@2.1.0@egg-onerror/config/config.default.js",
    "start": 1569506178358,
    "end": 1569506178359,
    "duration": 1,
    "pid": 25282,
    "index": 7
  },
  {
    "name": "Require(5) node_modules/_egg-i18n@2.1.1@egg-i18n/config/config.default.js",
    "start": 1569506178359,
    "end": 1569506178359,
    "duration": 0,
    "pid": 25282,
    "index": 8
  },
  {
    "name": "Require(6) node_modules/_egg-watcher@3.1.0@egg-watcher/config/config.default.js",
    "start": 1569506178359,
    "end": 1569506178359,
    "duration": 0,
    "pid": 25282,
    "index": 9
  },
  {
    "name": "Require(7) node_modules/_egg-schedule@3.6.4@egg-schedule/config/config.default.js",
    "start": 1569506178360,
    "end": 1569506178360,
    "duration": 0,
    "pid": 25282,
    "index": 10
  },
  {
    "name": "Require(8) node_modules/_egg-multipart@2.9.0@egg-multipart/config/config.default.js",
    "start": 1569506178360,
    "end": 1569506178360,
    "duration": 0,
    "pid": 25282,
    "index": 11
  },
  {
    "name": "Require(9) node_modules/_egg-development@2.4.3@egg-development/config/config.default.js",
    "start": 1569506178360,
    "end": 1569506178361,
    "duration": 1,
    "pid": 25282,
    "index": 12
  },
  {
    "name": "Require(10) node_modules/_egg-logrotator@3.1.0@egg-logrotator/config/config.default.js",
    "start": 1569506178361,
    "end": 1569506178361,
    "duration": 0,
    "pid": 25282,
    "index": 13
  },
  {
    "name": "Require(11) node_modules/_egg-static@2.2.0@egg-static/config/config.default.js",
    "start": 1569506178361,
    "end": 1569506178361,
    "duration": 0,
    "pid": 25282,
    "index": 14
  },
  {
    "name": "Require(12) node_modules/_egg-view@2.1.2@egg-view/config/config.default.js",
    "start": 1569506178361,
    "end": 1569506178362,
    "duration": 1,
    "pid": 25282,
    "index": 15
  },
  {
    "name": "Require(13) node_modules/_egg-mongoose@3.2.0@egg-mongoose/config/config.default.js",
    "start": 1569506178362,
    "end": 1569506178362,
    "duration": 0,
    "pid": 25282,
    "index": 16
  },
  {
    "name": "Require(14) node_modules/_egg-jwt@3.1.6@egg-jwt/config/config.default.js",
    "start": 1569506178362,
    "end": 1569506178362,
    "duration": 0,
    "pid": 25282,
    "index": 17
  },
  {
    "name": "Require(15) node_modules/_egg-router-group@1.1.0@egg-router-group/config/config.default.js",
    "start": 1569506178362,
    "end": 1569506178363,
    "duration": 1,
    "pid": 25282,
    "index": 18
  },
  {
    "name": "Require(16) node_modules/_egg@2.23.0@egg/config/config.default.js",
    "start": 1569506178363,
    "end": 1569506178363,
    "duration": 0,
    "pid": 25282,
    "index": 19
  },
  {
    "name": "Require(17) config/config.default.js",
    "start": 1569506178364,
    "end": 1569506178364,
    "duration": 0,
    "pid": 25282,
    "index": 20
  },
  {
    "name": "Require(18) node_modules/_egg-security@2.6.1@egg-security/config/config.local.js",
    "start": 1569506178364,
    "end": 1569506178364,
    "duration": 0,
    "pid": 25282,
    "index": 21
  },
  {
    "name": "Require(19) node_modules/_egg-watcher@3.1.0@egg-watcher/config/config.local.js",
    "start": 1569506178365,
    "end": 1569506178365,
    "duration": 0,
    "pid": 25282,
    "index": 22
  },
  {
    "name": "Require(20) node_modules/_egg-view@2.1.2@egg-view/config/config.local.js",
    "start": 1569506178366,
    "end": 1569506178366,
    "duration": 0,
    "pid": 25282,
    "index": 23
  },
  {
    "name": "Require(21) node_modules/_egg@2.23.0@egg/config/config.local.js",
    "start": 1569506178366,
    "end": 1569506178366,
    "duration": 0,
    "pid": 25282,
    "index": 24
  },
  {
    "name": "Load extend/application.js",
    "start": 1569506178367,
    "end": 1569506178398,
    "duration": 31,
    "pid": 25282,
    "index": 25
  },
  {
    "name": "Require(22) node_modules/_egg-session@3.1.0@egg-session/app/extend/application.js",
    "start": 1569506178368,
    "end": 1569506178368,
    "duration": 0,
    "pid": 25282,
    "index": 26
  },
  {
    "name": "Require(23) node_modules/_egg-security@2.6.1@egg-security/app/extend/application.js",
    "start": 1569506178368,
    "end": 1569506178369,
    "duration": 1,
    "pid": 25282,
    "index": 27
  },
  {
    "name": "Require(24) node_modules/_egg-jsonp@2.0.0@egg-jsonp/app/extend/application.js",
    "start": 1569506178369,
    "end": 1569506178370,
    "duration": 1,
    "pid": 25282,
    "index": 28
  },
  {
    "name": "Require(25) node_modules/_egg-logrotator@3.1.0@egg-logrotator/app/extend/application.js",
    "start": 1569506178370,
    "end": 1569506178371,
    "duration": 1,
    "pid": 25282,
    "index": 29
  },
  {
    "name": "Require(26) node_modules/_egg-view@2.1.2@egg-view/app/extend/application.js",
    "start": 1569506178371,
    "end": 1569506178372,
    "duration": 1,
    "pid": 25282,
    "index": 30
  },
  {
    "name": "Require(27) node_modules/_egg-jwt@3.1.6@egg-jwt/app/extend/application.js",
    "start": 1569506178372,
    "end": 1569506178397,
    "duration": 25,
    "pid": 25282,
    "index": 31
  },
  {
    "name": "Load extend/request.js",
    "start": 1569506178398,
    "end": 1569506178400,
    "duration": 2,
    "pid": 25282,
    "index": 32
  },
  {
    "name": "Require(28) node_modules/_egg@2.23.0@egg/app/extend/request.js",
    "start": 1569506178399,
    "end": 1569506178399,
    "duration": 0,
    "pid": 25282,
    "index": 33
  },
  {
    "name": "Load extend/response.js",
    "start": 1569506178400,
    "end": 1569506178402,
    "duration": 2,
    "pid": 25282,
    "index": 34
  },
  {
    "name": "Require(29) node_modules/_egg@2.23.0@egg/app/extend/response.js",
    "start": 1569506178400,
    "end": 1569506178401,
    "duration": 1,
    "pid": 25282,
    "index": 35
  },
  {
    "name": "Load extend/context.js",
    "start": 1569506178402,
    "end": 1569506178445,
    "duration": 43,
    "pid": 25282,
    "index": 36
  },
  {
    "name": "Require(30) node_modules/_egg-security@2.6.1@egg-security/app/extend/context.js",
    "start": 1569506178402,
    "end": 1569506178407,
    "duration": 5,
    "pid": 25282,
    "index": 37
  },
  {
    "name": "Require(31) node_modules/_egg-jsonp@2.0.0@egg-jsonp/app/extend/context.js",
    "start": 1569506178408,
    "end": 1569506178408,
    "duration": 0,
    "pid": 25282,
    "index": 38
  },
  {
    "name": "Require(32) node_modules/_egg-i18n@2.1.1@egg-i18n/app/extend/context.js",
    "start": 1569506178408,
    "end": 1569506178408,
    "duration": 0,
    "pid": 25282,
    "index": 39
  },
  {
    "name": "Require(33) node_modules/_egg-multipart@2.9.0@egg-multipart/app/extend/context.js",
    "start": 1569506178409,
    "end": 1569506178442,
    "duration": 33,
    "pid": 25282,
    "index": 40
  },
  {
    "name": "Require(34) node_modules/_egg-view@2.1.2@egg-view/app/extend/context.js",
    "start": 1569506178442,
    "end": 1569506178443,
    "duration": 1,
    "pid": 25282,
    "index": 41
  },
  {
    "name": "Require(35) node_modules/_egg-mongoose@3.2.0@egg-mongoose/app/extend/context.js",
    "start": 1569506178443,
    "end": 1569506178443,
    "duration": 0,
    "pid": 25282,
    "index": 42
  },
  {
    "name": "Require(36) node_modules/_egg@2.23.0@egg/app/extend/context.js",
    "start": 1569506178443,
    "end": 1569506178444,
    "duration": 1,
    "pid": 25282,
    "index": 43
  },
  {
    "name": "Load extend/helper.js",
    "start": 1569506178445,
    "end": 1569506178454,
    "duration": 9,
    "pid": 25282,
    "index": 44
  },
  {
    "name": "Require(37) node_modules/_egg-security@2.6.1@egg-security/app/extend/helper.js",
    "start": 1569506178445,
    "end": 1569506178453,
    "duration": 8,
    "pid": 25282,
    "index": 45
  },
  {
    "name": "Require(38) node_modules/_egg@2.23.0@egg/app/extend/helper.js",
    "start": 1569506178453,
    "end": 1569506178454,
    "duration": 1,
    "pid": 25282,
    "index": 46
  },
  {
    "name": "Load app.js",
    "start": 1569506178455,
    "end": 1569506178470,
    "duration": 15,
    "pid": 25282,
    "index": 47
  },
  {
    "name": "Require(39) node_modules/_egg-session@3.1.0@egg-session/app.js",
    "start": 1569506178455,
    "end": 1569506178455,
    "duration": 0,
    "pid": 25282,
    "index": 48
  },
  {
    "name": "Require(40) node_modules/_egg-security@2.6.1@egg-security/app.js",
    "start": 1569506178455,
    "end": 1569506178456,
    "duration": 1,
    "pid": 25282,
    "index": 49
  },
  {
    "name": "Require(41) node_modules/_egg-onerror@2.1.0@egg-onerror/app.js",
    "start": 1569506178456,
    "end": 1569506178461,
    "duration": 5,
    "pid": 25282,
    "index": 50
  },
  {
    "name": "Require(42) node_modules/_egg-i18n@2.1.1@egg-i18n/app.js",
    "start": 1569506178461,
    "end": 1569506178465,
    "duration": 4,
    "pid": 25282,
    "index": 51
  },
  {
    "name": "Require(43) node_modules/_egg-watcher@3.1.0@egg-watcher/app.js",
    "start": 1569506178465,
    "end": 1569506178466,
    "duration": 1,
    "pid": 25282,
    "index": 52
  },
  {
    "name": "Require(44) node_modules/_egg-schedule@3.6.4@egg-schedule/app.js",
    "start": 1569506178466,
    "end": 1569506178467,
    "duration": 1,
    "pid": 25282,
    "index": 53
  },
  {
    "name": "Require(45) node_modules/_egg-multipart@2.9.0@egg-multipart/app.js",
    "start": 1569506178467,
    "end": 1569506178468,
    "duration": 1,
    "pid": 25282,
    "index": 54
  },
  {
    "name": "Require(46) node_modules/_egg-development@2.4.3@egg-development/app.js",
    "start": 1569506178468,
    "end": 1569506178468,
    "duration": 0,
    "pid": 25282,
    "index": 55
  },
  {
    "name": "Require(47) node_modules/_egg-logrotator@3.1.0@egg-logrotator/app.js",
    "start": 1569506178468,
    "end": 1569506178468,
    "duration": 0,
    "pid": 25282,
    "index": 56
  },
  {
    "name": "Require(48) node_modules/_egg-static@2.2.0@egg-static/app.js",
    "start": 1569506178468,
    "end": 1569506178469,
    "duration": 1,
    "pid": 25282,
    "index": 57
  },
  {
    "name": "Require(49) node_modules/_egg-mongoose@3.2.0@egg-mongoose/app.js",
    "start": 1569506178469,
    "end": 1569506178469,
    "duration": 0,
    "pid": 25282,
    "index": 58
  },
  {
    "name": "Require(50) node_modules/_egg-jwt@3.1.6@egg-jwt/app.js",
    "start": 1569506178469,
    "end": 1569506178469,
    "duration": 0,
    "pid": 25282,
    "index": 59
  },
  {
    "name": "Require(51) node_modules/_egg-router-group@1.1.0@egg-router-group/app.js",
    "start": 1569506178469,
    "end": 1569506178470,
    "duration": 1,
    "pid": 25282,
    "index": 60
  },
  {
    "name": "Before Start in node_modules/_egg-watcher@3.1.0@egg-watcher/lib/init.js:15:14",
    "start": 1569506178480,
    "end": 1569506178839,
    "duration": 359,
    "pid": 25282,
    "index": 61
  },
  {
    "name": "Before Start in node_modules/_egg-mongoose@3.2.0@egg-mongoose/lib/mongoose.js:91:7",
    "start": 1569506178709,
    "end": 1569506178834,
    "duration": 125,
    "pid": 25282,
    "index": 62
  },
  {
    "name": "Before Start in node_modules/_egg-mongoose@3.2.0@egg-mongoose/lib/mongoose.js:49:9",
    "start": 1569506178709,
    "end": 1569506178811,
    "duration": 102,
    "pid": 25282,
    "index": 63
  },
  {
    "name": "Before Start in node_modules/_egg-core@4.17.3@egg-core/lib/egg.js:303:10",
    "start": 1569506178710,
    "end": 1569506178812,
    "duration": 102,
    "pid": 25282,
    "index": 64
  },
  {
    "name": "Load Service",
    "start": 1569506178710,
    "end": 1569506178738,
    "duration": 28,
    "pid": 25282,
    "index": 65
  },
  {
    "name": "Load \"service\" to Context",
    "start": 1569506178710,
    "end": 1569506178738,
    "duration": 28,
    "pid": 25282,
    "index": 66
  },
  {
    "name": "Load Middleware",
    "start": 1569506178738,
    "end": 1569506178777,
    "duration": 39,
    "pid": 25282,
    "index": 67
  },
  {
    "name": "Load \"middlewares\" to Application",
    "start": 1569506178738,
    "end": 1569506178772,
    "duration": 34,
    "pid": 25282,
    "index": 68
  },
  {
    "name": "Load Controller",
    "start": 1569506178777,
    "end": 1569506178784,
    "duration": 7,
    "pid": 25282,
    "index": 69
  },
  {
    "name": "Load \"controller\" to Application",
    "start": 1569506178777,
    "end": 1569506178784,
    "duration": 7,
    "pid": 25282,
    "index": 70
  },
  {
    "name": "Load Router",
    "start": 1569506178784,
    "end": 1569506178786,
    "duration": 2,
    "pid": 25282,
    "index": 71
  },
  {
    "name": "Require(52) app/router.js",
    "start": 1569506178784,
    "end": 1569506178784,
    "duration": 0,
    "pid": 25282,
    "index": 72
  },
  {
    "name": "Load \"model\" to Application",
    "start": 1569506178795,
    "end": 1569506178810,
    "duration": 15,
    "pid": 25282,
    "index": 73
  }
]