[
  {
    "name": "Application Start",
    "start": 1569506399172,
    "end": 1569506399667,
    "duration": 495,
    "pid": 25362,
    "index": 0
  },
  {
    "name": "Load Plugin",
    "start": 1569506399176,
    "end": 1569506399183,
    "duration": 7,
    "pid": 25362,
    "index": 1
  },
  {
    "name": "Load Config",
    "start": 1569506399183,
    "end": 1569506399198,
    "duration": 15,
    "pid": 25362,
    "index": 2
  },
  {
    "name": "Require(0) config/config.default.js",
    "start": 1569506399184,
    "end": 1569506399184,
    "duration": 0,
    "pid": 25362,
    "index": 3
  },
  {
    "name": "Require(1) node_modules/_egg-session@3.1.0@egg-session/config/config.default.js",
    "start": 1569506399186,
    "end": 1569506399186,
    "duration": 0,
    "pid": 25362,
    "index": 4
  },
  {
    "name": "Require(2) node_modules/_egg-security@2.6.1@egg-security/config/config.default.js",
    "start": 1569506399187,
    "end": 1569506399187,
    "duration": 0,
    "pid": 25362,
    "index": 5
  },
  {
    "name": "Require(3) node_modules/_egg-jsonp@2.0.0@egg-jsonp/config/config.default.js",
    "start": 1569506399188,
    "end": 1569506399190,
    "duration": 2,
    "pid": 25362,
    "index": 6
  },
  {
    "name": "Require(4) node_modules/_egg-onerror@2.1.0@egg-onerror/config/config.default.js",
    "start": 1569506399190,
    "end": 1569506399190,
    "duration": 0,
    "pid": 25362,
    "index": 7
  },
  {
    "name": "Require(5) node_modules/_egg-i18n@2.1.1@egg-i18n/config/config.default.js",
    "start": 1569506399190,
    "end": 1569506399190,
    "duration": 0,
    "pid": 25362,
    "index": 8
  },
  {
    "name": "Require(6) node_modules/_egg-watcher@3.1.0@egg-watcher/config/config.default.js",
    "start": 1569506399190,
    "end": 1569506399191,
    "duration": 1,
    "pid": 25362,
    "index": 9
  },
  {
    "name": "Require(7) node_modules/_egg-schedule@3.6.4@egg-schedule/config/config.default.js",
    "start": 1569506399191,
    "end": 1569506399191,
    "duration": 0,
    "pid": 25362,
    "index": 10
  },
  {
    "name": "Require(8) node_modules/_egg-multipart@2.9.0@egg-multipart/config/config.default.js",
    "start": 1569506399191,
    "end": 1569506399192,
    "duration": 1,
    "pid": 25362,
    "index": 11
  },
  {
    "name": "Require(9) node_modules/_egg-development@2.4.3@egg-development/config/config.default.js",
    "start": 1569506399192,
    "end": 1569506399193,
    "duration": 1,
    "pid": 25362,
    "index": 12
  },
  {
    "name": "Require(10) node_modules/_egg-logrotator@3.1.0@egg-logrotator/config/config.default.js",
    "start": 1569506399193,
    "end": 1569506399193,
    "duration": 0,
    "pid": 25362,
    "index": 13
  },
  {
    "name": "Require(11) node_modules/_egg-static@2.2.0@egg-static/config/config.default.js",
    "start": 1569506399193,
    "end": 1569506399194,
    "duration": 1,
    "pid": 25362,
    "index": 14
  },
  {
    "name": "Require(12) node_modules/_egg-view@2.1.2@egg-view/config/config.default.js",
    "start": 1569506399194,
    "end": 1569506399194,
    "duration": 0,
    "pid": 25362,
    "index": 15
  },
  {
    "name": "Require(13) node_modules/_egg-mongoose@3.2.0@egg-mongoose/config/config.default.js",
    "start": 1569506399194,
    "end": 1569506399194,
    "duration": 0,
    "pid": 25362,
    "index": 16
  },
  {
    "name": "Require(14) node_modules/_egg-jwt@3.1.6@egg-jwt/config/config.default.js",
    "start": 1569506399195,
    "end": 1569506399195,
    "duration": 0,
    "pid": 25362,
    "index": 17
  },
  {
    "name": "Require(15) node_modules/_egg-router-group@1.1.0@egg-router-group/config/config.default.js",
    "start": 1569506399195,
    "end": 1569506399195,
    "duration": 0,
    "pid": 25362,
    "index": 18
  },
  {
    "name": "Require(16) node_modules/_egg@2.23.0@egg/config/config.default.js",
    "start": 1569506399195,
    "end": 1569506399195,
    "duration": 0,
    "pid": 25362,
    "index": 19
  },
  {
    "name": "Require(17) config/config.default.js",
    "start": 1569506399196,
    "end": 1569506399197,
    "duration": 1,
    "pid": 25362,
    "index": 20
  },
  {
    "name": "Require(18) node_modules/_egg-security@2.6.1@egg-security/config/config.local.js",
    "start": 1569506399197,
    "end": 1569506399197,
    "duration": 0,
    "pid": 25362,
    "index": 21
  },
  {
    "name": "Require(19) node_modules/_egg-watcher@3.1.0@egg-watcher/config/config.local.js",
    "start": 1569506399197,
    "end": 1569506399197,
    "duration": 0,
    "pid": 25362,
    "index": 22
  },
  {
    "name": "Require(20) node_modules/_egg-view@2.1.2@egg-view/config/config.local.js",
    "start": 1569506399198,
    "end": 1569506399198,
    "duration": 0,
    "pid": 25362,
    "index": 23
  },
  {
    "name": "Require(21) node_modules/_egg@2.23.0@egg/config/config.local.js",
    "start": 1569506399198,
    "end": 1569506399198,
    "duration": 0,
    "pid": 25362,
    "index": 24
  },
  {
    "name": "Load extend/application.js",
    "start": 1569506399200,
    "end": 1569506399226,
    "duration": 26,
    "pid": 25362,
    "index": 25
  },
  {
    "name": "Require(22) node_modules/_egg-session@3.1.0@egg-session/app/extend/application.js",
    "start": 1569506399200,
    "end": 1569506399200,
    "duration": 0,
    "pid": 25362,
    "index": 26
  },
  {
    "name": "Require(23) node_modules/_egg-security@2.6.1@egg-security/app/extend/application.js",
    "start": 1569506399200,
    "end": 1569506399201,
    "duration": 1,
    "pid": 25362,
    "index": 27
  },
  {
    "name": "Require(24) node_modules/_egg-jsonp@2.0.0@egg-jsonp/app/extend/application.js",
    "start": 1569506399201,
    "end": 1569506399202,
    "duration": 1,
    "pid": 25362,
    "index": 28
  },
  {
    "name": "Require(25) node_modules/_egg-logrotator@3.1.0@egg-logrotator/app/extend/application.js",
    "start": 1569506399202,
    "end": 1569506399203,
    "duration": 1,
    "pid": 25362,
    "index": 29
  },
  {
    "name": "Require(26) node_modules/_egg-view@2.1.2@egg-view/app/extend/application.js",
    "start": 1569506399203,
    "end": 1569506399204,
    "duration": 1,
    "pid": 25362,
    "index": 30
  },
  {
    "name": "Require(27) node_modules/_egg-jwt@3.1.6@egg-jwt/app/extend/application.js",
    "start": 1569506399204,
    "end": 1569506399226,
    "duration": 22,
    "pid": 25362,
    "index": 31
  },
  {
    "name": "Load extend/request.js",
    "start": 1569506399227,
    "end": 1569506399228,
    "duration": 1,
    "pid": 25362,
    "index": 32
  },
  {
    "name": "Require(28) node_modules/_egg@2.23.0@egg/app/extend/request.js",
    "start": 1569506399227,
    "end": 1569506399228,
    "duration": 1,
    "pid": 25362,
    "index": 33
  },
  {
    "name": "Load extend/response.js",
    "start": 1569506399228,
    "end": 1569506399230,
    "duration": 2,
    "pid": 25362,
    "index": 34
  },
  {
    "name": "Require(29) node_modules/_egg@2.23.0@egg/app/extend/response.js",
    "start": 1569506399229,
    "end": 1569506399229,
    "duration": 0,
    "pid": 25362,
    "index": 35
  },
  {
    "name": "Load extend/context.js",
    "start": 1569506399230,
    "end": 1569506399269,
    "duration": 39,
    "pid": 25362,
    "index": 36
  },
  {
    "name": "Require(30) node_modules/_egg-security@2.6.1@egg-security/app/extend/context.js",
    "start": 1569506399230,
    "end": 1569506399235,
    "duration": 5,
    "pid": 25362,
    "index": 37
  },
  {
    "name": "Require(31) node_modules/_egg-jsonp@2.0.0@egg-jsonp/app/extend/context.js",
    "start": 1569506399235,
    "end": 1569506399235,
    "duration": 0,
    "pid": 25362,
    "index": 38
  },
  {
    "name": "Require(32) node_modules/_egg-i18n@2.1.1@egg-i18n/app/extend/context.js",
    "start": 1569506399235,
    "end": 1569506399236,
    "duration": 1,
    "pid": 25362,
    "index": 39
  },
  {
    "name": "Require(33) node_modules/_egg-multipart@2.9.0@egg-multipart/app/extend/context.js",
    "start": 1569506399236,
    "end": 1569506399267,
    "duration": 31,
    "pid": 25362,
    "index": 40
  },
  {
    "name": "Require(34) node_modules/_egg-view@2.1.2@egg-view/app/extend/context.js",
    "start": 1569506399267,
    "end": 1569506399268,
    "duration": 1,
    "pid": 25362,
    "index": 41
  },
  {
    "name": "Require(35) node_modules/_egg-mongoose@3.2.0@egg-mongoose/app/extend/context.js",
    "start": 1569506399268,
    "end": 1569506399268,
    "duration": 0,
    "pid": 25362,
    "index": 42
  },
  {
    "name": "Require(36) node_modules/_egg@2.23.0@egg/app/extend/context.js",
    "start": 1569506399268,
    "end": 1569506399269,
    "duration": 1,
    "pid": 25362,
    "index": 43
  },
  {
    "name": "Load extend/helper.js",
    "start": 1569506399269,
    "end": 1569506399278,
    "duration": 9,
    "pid": 25362,
    "index": 44
  },
  {
    "name": "Require(37) node_modules/_egg-security@2.6.1@egg-security/app/extend/helper.js",
    "start": 1569506399270,
    "end": 1569506399277,
    "duration": 7,
    "pid": 25362,
    "index": 45
  },
  {
    "name": "Require(38) node_modules/_egg@2.23.0@egg/app/extend/helper.js",
    "start": 1569506399277,
    "end": 1569506399278,
    "duration": 1,
    "pid": 25362,
    "index": 46
  },
  {
    "name": "Load app.js",
    "start": 1569506399278,
    "end": 1569506399295,
    "duration": 17,
    "pid": 25362,
    "index": 47
  },
  {
    "name": "Require(39) node_modules/_egg-session@3.1.0@egg-session/app.js",
    "start": 1569506399278,
    "end": 1569506399279,
    "duration": 1,
    "pid": 25362,
    "index": 48
  },
  {
    "name": "Require(40) node_modules/_egg-security@2.6.1@egg-security/app.js",
    "start": 1569506399279,
    "end": 1569506399279,
    "duration": 0,
    "pid": 25362,
    "index": 49
  },
  {
    "name": "Require(41) node_modules/_egg-onerror@2.1.0@egg-onerror/app.js",
    "start": 1569506399280,
    "end": 1569506399284,
    "duration": 4,
    "pid": 25362,
    "index": 50
  },
  {
    "name": "Require(42) node_modules/_egg-i18n@2.1.1@egg-i18n/app.js",
    "start": 1569506399284,
    "end": 1569506399287,
    "duration": 3,
    "pid": 25362,
    "index": 51
  },
  {
    "name": "Require(43) node_modules/_egg-watcher@3.1.0@egg-watcher/app.js",
    "start": 1569506399287,
    "end": 1569506399288,
    "duration": 1,
    "pid": 25362,
    "index": 52
  },
  {
    "name": "Require(44) node_modules/_egg-schedule@3.6.4@egg-schedule/app.js",
    "start": 1569506399288,
    "end": 1569506399289,
    "duration": 1,
    "pid": 25362,
    "index": 53
  },
  {
    "name": "Require(45) node_modules/_egg-multipart@2.9.0@egg-multipart/app.js",
    "start": 1569506399291,
    "end": 1569506399292,
    "duration": 1,
    "pid": 25362,
    "index": 54
  },
  {
    "name": "Require(46) node_modules/_egg-development@2.4.3@egg-development/app.js",
    "start": 1569506399292,
    "end": 1569506399292,
    "duration": 0,
    "pid": 25362,
    "index": 55
  },
  {
    "name": "Require(47) node_modules/_egg-logrotator@3.1.0@egg-logrotator/app.js",
    "start": 1569506399292,
    "end": 1569506399293,
    "duration": 1,
    "pid": 25362,
    "index": 56
  },
  {
    "name": "Require(48) node_modules/_egg-static@2.2.0@egg-static/app.js",
    "start": 1569506399293,
    "end": 1569506399293,
    "duration": 0,
    "pid": 25362,
    "index": 57
  },
  {
    "name": "Require(49) node_modules/_egg-mongoose@3.2.0@egg-mongoose/app.js",
    "start": 1569506399293,
    "end": 1569506399293,
    "duration": 0,
    "pid": 25362,
    "index": 58
  },
  {
    "name": "Require(50) node_modules/_egg-jwt@3.1.6@egg-jwt/app.js",
    "start": 1569506399293,
    "end": 1569506399294,
    "duration": 1,
    "pid": 25362,
    "index": 59
  },
  {
    "name": "Require(51) node_modules/_egg-router-group@1.1.0@egg-router-group/app.js",
    "start": 1569506399294,
    "end": 1569506399295,
    "duration": 1,
    "pid": 25362,
    "index": 60
  },
  {
    "name": "Before Start in node_modules/_egg-watcher@3.1.0@egg-watcher/lib/init.js:15:14",
    "start": 1569506399305,
    "end": 1569506399666,
    "duration": 361,
    "pid": 25362,
    "index": 61
  },
  {
    "name": "Before Start in node_modules/_egg-mongoose@3.2.0@egg-mongoose/lib/mongoose.js:91:7",
    "start": 1569506399542,
    "end": 1569506399662,
    "duration": 120,
    "pid": 25362,
    "index": 62
  },
  {
    "name": "Before Start in node_modules/_egg-mongoose@3.2.0@egg-mongoose/lib/mongoose.js:49:9",
    "start": 1569506399542,
    "end": 1569506399643,
    "duration": 101,
    "pid": 25362,
    "index": 63
  },
  {
    "name": "Before Start in node_modules/_egg-core@4.17.3@egg-core/lib/egg.js:303:10",
    "start": 1569506399542,
    "end": 1569506399643,
    "duration": 101,
    "pid": 25362,
    "index": 64
  },
  {
    "name": "Load Service",
    "start": 1569506399542,
    "end": 1569506399571,
    "duration": 29,
    "pid": 25362,
    "index": 65
  },
  {
    "name": "Load \"service\" to Context",
    "start": 1569506399543,
    "end": 1569506399571,
    "duration": 28,
    "pid": 25362,
    "index": 66
  },
  {
    "name": "Load Middleware",
    "start": 1569506399571,
    "end": 1569506399611,
    "duration": 40,
    "pid": 25362,
    "index": 67
  },
  {
    "name": "Load \"middlewares\" to Application",
    "start": 1569506399571,
    "end": 1569506399606,
    "duration": 35,
    "pid": 25362,
    "index": 68
  },
  {
    "name": "Load Controller",
    "start": 1569506399611,
    "end": 1569506399618,
    "duration": 7,
    "pid": 25362,
    "index": 69
  },
  {
    "name": "Load \"controller\" to Application",
    "start": 1569506399611,
    "end": 1569506399618,
    "duration": 7,
    "pid": 25362,
    "index": 70
  },
  {
    "name": "Load Router",
    "start": 1569506399618,
    "end": 1569506399621,
    "duration": 3,
    "pid": 25362,
    "index": 71
  },
  {
    "name": "Require(52) app/router.js",
    "start": 1569506399618,
    "end": 1569506399618,
    "duration": 0,
    "pid": 25362,
    "index": 72
  },
  {
    "name": "Load \"model\" to Application",
    "start": 1569506399629,
    "end": 1569506399642,
    "duration": 13,
    "pid": 25362,
    "index": 73
  }
]