[
  {
    "name": "Application Start",
    "start": 1569505685149,
    "end": 1569505685688,
    "duration": 539,
    "pid": 25033,
    "index": 0
  },
  {
    "name": "Load Plugin",
    "start": 1569505685153,
    "end": 1569505685161,
    "duration": 8,
    "pid": 25033,
    "index": 1
  },
  {
    "name": "Load Config",
    "start": 1569505685161,
    "end": 1569505685175,
    "duration": 14,
    "pid": 25033,
    "index": 2
  },
  {
    "name": "Require(0) config/config.default.js",
    "start": 1569505685162,
    "end": 1569505685162,
    "duration": 0,
    "pid": 25033,
    "index": 3
  },
  {
    "name": "Require(1) node_modules/_egg-session@3.1.0@egg-session/config/config.default.js",
    "start": 1569505685163,
    "end": 1569505685163,
    "duration": 0,
    "pid": 25033,
    "index": 4
  },
  {
    "name": "Require(2) node_modules/_egg-security@2.6.1@egg-security/config/config.default.js",
    "start": 1569505685164,
    "end": 1569505685164,
    "duration": 0,
    "pid": 25033,
    "index": 5
  },
  {
    "name": "Require(3) node_modules/_egg-jsonp@2.0.0@egg-jsonp/config/config.default.js",
    "start": 1569505685164,
    "end": 1569505685166,
    "duration": 2,
    "pid": 25033,
    "index": 6
  },
  {
    "name": "Require(4) node_modules/_egg-onerror@2.1.0@egg-onerror/config/config.default.js",
    "start": 1569505685167,
    "end": 1569505685167,
    "duration": 0,
    "pid": 25033,
    "index": 7
  },
  {
    "name": "Require(5) node_modules/_egg-i18n@2.1.1@egg-i18n/config/config.default.js",
    "start": 1569505685167,
    "end": 1569505685167,
    "duration": 0,
    "pid": 25033,
    "index": 8
  },
  {
    "name": "Require(6) node_modules/_egg-watcher@3.1.0@egg-watcher/config/config.default.js",
    "start": 1569505685167,
    "end": 1569505685167,
    "duration": 0,
    "pid": 25033,
    "index": 9
  },
  {
    "name": "Require(7) node_modules/_egg-schedule@3.6.4@egg-schedule/config/config.default.js",
    "start": 1569505685168,
    "end": 1569505685168,
    "duration": 0,
    "pid": 25033,
    "index": 10
  },
  {
    "name": "Require(8) node_modules/_egg-multipart@2.9.0@egg-multipart/config/config.default.js",
    "start": 1569505685168,
    "end": 1569505685168,
    "duration": 0,
    "pid": 25033,
    "index": 11
  },
  {
    "name": "Require(9) node_modules/_egg-development@2.4.3@egg-development/config/config.default.js",
    "start": 1569505685168,
    "end": 1569505685169,
    "duration": 1,
    "pid": 25033,
    "index": 12
  },
  {
    "name": "Require(10) node_modules/_egg-logrotator@3.1.0@egg-logrotator/config/config.default.js",
    "start": 1569505685169,
    "end": 1569505685169,
    "duration": 0,
    "pid": 25033,
    "index": 13
  },
  {
    "name": "Require(11) node_modules/_egg-static@2.2.0@egg-static/config/config.default.js",
    "start": 1569505685169,
    "end": 1569505685169,
    "duration": 0,
    "pid": 25033,
    "index": 14
  },
  {
    "name": "Require(12) node_modules/_egg-view@2.1.2@egg-view/config/config.default.js",
    "start": 1569505685169,
    "end": 1569505685170,
    "duration": 1,
    "pid": 25033,
    "index": 15
  },
  {
    "name": "Require(13) node_modules/_egg-mongoose@3.2.0@egg-mongoose/config/config.default.js",
    "start": 1569505685170,
    "end": 1569505685170,
    "duration": 0,
    "pid": 25033,
    "index": 16
  },
  {
    "name": "Require(14) node_modules/_egg-jwt@3.1.6@egg-jwt/config/config.default.js",
    "start": 1569505685170,
    "end": 1569505685170,
    "duration": 0,
    "pid": 25033,
    "index": 17
  },
  {
    "name": "Require(15) node_modules/_egg-router-group@1.1.0@egg-router-group/config/config.default.js",
    "start": 1569505685171,
    "end": 1569505685171,
    "duration": 0,
    "pid": 25033,
    "index": 18
  },
  {
    "name": "Require(16) node_modules/_egg@2.23.0@egg/config/config.default.js",
    "start": 1569505685171,
    "end": 1569505685171,
    "duration": 0,
    "pid": 25033,
    "index": 19
  },
  {
    "name": "Require(17) config/config.default.js",
    "start": 1569505685172,
    "end": 1569505685173,
    "duration": 1,
    "pid": 25033,
    "index": 20
  },
  {
    "name": "Require(18) node_modules/_egg-security@2.6.1@egg-security/config/config.local.js",
    "start": 1569505685173,
    "end": 1569505685173,
    "duration": 0,
    "pid": 25033,
    "index": 21
  },
  {
    "name": "Require(19) node_modules/_egg-watcher@3.1.0@egg-watcher/config/config.local.js",
    "start": 1569505685174,
    "end": 1569505685174,
    "duration": 0,
    "pid": 25033,
    "index": 22
  },
  {
    "name": "Require(20) node_modules/_egg-view@2.1.2@egg-view/config/config.local.js",
    "start": 1569505685175,
    "end": 1569505685175,
    "duration": 0,
    "pid": 25033,
    "index": 23
  },
  {
    "name": "Require(21) node_modules/_egg@2.23.0@egg/config/config.local.js",
    "start": 1569505685175,
    "end": 1569505685175,
    "duration": 0,
    "pid": 25033,
    "index": 24
  },
  {
    "name": "Load extend/application.js",
    "start": 1569505685177,
    "end": 1569505685206,
    "duration": 29,
    "pid": 25033,
    "index": 25
  },
  {
    "name": "Require(22) node_modules/_egg-session@3.1.0@egg-session/app/extend/application.js",
    "start": 1569505685177,
    "end": 1569505685177,
    "duration": 0,
    "pid": 25033,
    "index": 26
  },
  {
    "name": "Require(23) node_modules/_egg-security@2.6.1@egg-security/app/extend/application.js",
    "start": 1569505685177,
    "end": 1569505685178,
    "duration": 1,
    "pid": 25033,
    "index": 27
  },
  {
    "name": "Require(24) node_modules/_egg-jsonp@2.0.0@egg-jsonp/app/extend/application.js",
    "start": 1569505685178,
    "end": 1569505685178,
    "duration": 0,
    "pid": 25033,
    "index": 28
  },
  {
    "name": "Require(25) node_modules/_egg-logrotator@3.1.0@egg-logrotator/app/extend/application.js",
    "start": 1569505685179,
    "end": 1569505685180,
    "duration": 1,
    "pid": 25033,
    "index": 29
  },
  {
    "name": "Require(26) node_modules/_egg-view@2.1.2@egg-view/app/extend/application.js",
    "start": 1569505685180,
    "end": 1569505685181,
    "duration": 1,
    "pid": 25033,
    "index": 30
  },
  {
    "name": "Require(27) node_modules/_egg-jwt@3.1.6@egg-jwt/app/extend/application.js",
    "start": 1569505685181,
    "end": 1569505685205,
    "duration": 24,
    "pid": 25033,
    "index": 31
  },
  {
    "name": "Load extend/request.js",
    "start": 1569505685206,
    "end": 1569505685208,
    "duration": 2,
    "pid": 25033,
    "index": 32
  },
  {
    "name": "Require(28) node_modules/_egg@2.23.0@egg/app/extend/request.js",
    "start": 1569505685207,
    "end": 1569505685207,
    "duration": 0,
    "pid": 25033,
    "index": 33
  },
  {
    "name": "Load extend/response.js",
    "start": 1569505685208,
    "end": 1569505685210,
    "duration": 2,
    "pid": 25033,
    "index": 34
  },
  {
    "name": "Require(29) node_modules/_egg@2.23.0@egg/app/extend/response.js",
    "start": 1569505685209,
    "end": 1569505685209,
    "duration": 0,
    "pid": 25033,
    "index": 35
  },
  {
    "name": "Load extend/context.js",
    "start": 1569505685210,
    "end": 1569505685252,
    "duration": 42,
    "pid": 25033,
    "index": 36
  },
  {
    "name": "Require(30) node_modules/_egg-security@2.6.1@egg-security/app/extend/context.js",
    "start": 1569505685210,
    "end": 1569505685215,
    "duration": 5,
    "pid": 25033,
    "index": 37
  },
  {
    "name": "Require(31) node_modules/_egg-jsonp@2.0.0@egg-jsonp/app/extend/context.js",
    "start": 1569505685215,
    "end": 1569505685216,
    "duration": 1,
    "pid": 25033,
    "index": 38
  },
  {
    "name": "Require(32) node_modules/_egg-i18n@2.1.1@egg-i18n/app/extend/context.js",
    "start": 1569505685216,
    "end": 1569505685216,
    "duration": 0,
    "pid": 25033,
    "index": 39
  },
  {
    "name": "Require(33) node_modules/_egg-multipart@2.9.0@egg-multipart/app/extend/context.js",
    "start": 1569505685216,
    "end": 1569505685250,
    "duration": 34,
    "pid": 25033,
    "index": 40
  },
  {
    "name": "Require(34) node_modules/_egg-view@2.1.2@egg-view/app/extend/context.js",
    "start": 1569505685250,
    "end": 1569505685251,
    "duration": 1,
    "pid": 25033,
    "index": 41
  },
  {
    "name": "Require(35) node_modules/_egg-mongoose@3.2.0@egg-mongoose/app/extend/context.js",
    "start": 1569505685251,
    "end": 1569505685251,
    "duration": 0,
    "pid": 25033,
    "index": 42
  },
  {
    "name": "Require(36) node_modules/_egg@2.23.0@egg/app/extend/context.js",
    "start": 1569505685251,
    "end": 1569505685252,
    "duration": 1,
    "pid": 25033,
    "index": 43
  },
  {
    "name": "Load extend/helper.js",
    "start": 1569505685253,
    "end": 1569505685264,
    "duration": 11,
    "pid": 25033,
    "index": 44
  },
  {
    "name": "Require(37) node_modules/_egg-security@2.6.1@egg-security/app/extend/helper.js",
    "start": 1569505685253,
    "end": 1569505685263,
    "duration": 10,
    "pid": 25033,
    "index": 45
  },
  {
    "name": "Require(38) node_modules/_egg@2.23.0@egg/app/extend/helper.js",
    "start": 1569505685264,
    "end": 1569505685264,
    "duration": 0,
    "pid": 25033,
    "index": 46
  },
  {
    "name": "Load app.js",
    "start": 1569505685265,
    "end": 1569505685280,
    "duration": 15,
    "pid": 25033,
    "index": 47
  },
  {
    "name": "Require(39) node_modules/_egg-session@3.1.0@egg-session/app.js",
    "start": 1569505685265,
    "end": 1569505685265,
    "duration": 0,
    "pid": 25033,
    "index": 48
  },
  {
    "name": "Require(40) node_modules/_egg-security@2.6.1@egg-security/app.js",
    "start": 1569505685265,
    "end": 1569505685266,
    "duration": 1,
    "pid": 25033,
    "index": 49
  },
  {
    "name": "Require(41) node_modules/_egg-onerror@2.1.0@egg-onerror/app.js",
    "start": 1569505685266,
    "end": 1569505685270,
    "duration": 4,
    "pid": 25033,
    "index": 50
  },
  {
    "name": "Require(42) node_modules/_egg-i18n@2.1.1@egg-i18n/app.js",
    "start": 1569505685270,
    "end": 1569505685273,
    "duration": 3,
    "pid": 25033,
    "index": 51
  },
  {
    "name": "Require(43) node_modules/_egg-watcher@3.1.0@egg-watcher/app.js",
    "start": 1569505685273,
    "end": 1569505685276,
    "duration": 3,
    "pid": 25033,
    "index": 52
  },
  {
    "name": "Require(44) node_modules/_egg-schedule@3.6.4@egg-schedule/app.js",
    "start": 1569505685276,
    "end": 1569505685276,
    "duration": 0,
    "pid": 25033,
    "index": 53
  },
  {
    "name": "Require(45) node_modules/_egg-multipart@2.9.0@egg-multipart/app.js",
    "start": 1569505685276,
    "end": 1569505685278,
    "duration": 2,
    "pid": 25033,
    "index": 54
  },
  {
    "name": "Require(46) node_modules/_egg-development@2.4.3@egg-development/app.js",
    "start": 1569505685278,
    "end": 1569505685278,
    "duration": 0,
    "pid": 25033,
    "index": 55
  },
  {
    "name": "Require(47) node_modules/_egg-logrotator@3.1.0@egg-logrotator/app.js",
    "start": 1569505685278,
    "end": 1569505685278,
    "duration": 0,
    "pid": 25033,
    "index": 56
  },
  {
    "name": "Require(48) node_modules/_egg-static@2.2.0@egg-static/app.js",
    "start": 1569505685278,
    "end": 1569505685278,
    "duration": 0,
    "pid": 25033,
    "index": 57
  },
  {
    "name": "Require(49) node_modules/_egg-mongoose@3.2.0@egg-mongoose/app.js",
    "start": 1569505685279,
    "end": 1569505685279,
    "duration": 0,
    "pid": 25033,
    "index": 58
  },
  {
    "name": "Require(50) node_modules/_egg-jwt@3.1.6@egg-jwt/app.js",
    "start": 1569505685279,
    "end": 1569505685279,
    "duration": 0,
    "pid": 25033,
    "index": 59
  },
  {
    "name": "Require(51) node_modules/_egg-router-group@1.1.0@egg-router-group/app.js",
    "start": 1569505685279,
    "end": 1569505685280,
    "duration": 1,
    "pid": 25033,
    "index": 60
  },
  {
    "name": "Before Start in node_modules/_egg-watcher@3.1.0@egg-watcher/lib/init.js:15:14",
    "start": 1569505685290,
    "end": 1569505685683,
    "duration": 393,
    "pid": 25033,
    "index": 61
  },
  {
    "name": "Before Start in node_modules/_egg-mongoose@3.2.0@egg-mongoose/lib/mongoose.js:91:7",
    "start": 1569505685525,
    "end": 1569505685680,
    "duration": 155,
    "pid": 25033,
    "index": 62
  },
  {
    "name": "Before Start in node_modules/_egg-mongoose@3.2.0@egg-mongoose/lib/mongoose.js:49:9",
    "start": 1569505685525,
    "end": 1569505685660,
    "duration": 135,
    "pid": 25033,
    "index": 63
  },
  {
    "name": "Before Start in node_modules/_egg-core@4.17.3@egg-core/lib/egg.js:303:10",
    "start": 1569505685526,
    "end": 1569505685660,
    "duration": 134,
    "pid": 25033,
    "index": 64
  },
  {
    "name": "Load Service",
    "start": 1569505685526,
    "end": 1569505685553,
    "duration": 27,
    "pid": 25033,
    "index": 65
  },
  {
    "name": "Load \"service\" to Context",
    "start": 1569505685526,
    "end": 1569505685553,
    "duration": 27,
    "pid": 25033,
    "index": 66
  },
  {
    "name": "Load Middleware",
    "start": 1569505685554,
    "end": 1569505685621,
    "duration": 67,
    "pid": 25033,
    "index": 67
  },
  {
    "name": "Load \"middlewares\" to Application",
    "start": 1569505685554,
    "end": 1569505685612,
    "duration": 58,
    "pid": 25033,
    "index": 68
  },
  {
    "name": "Load Controller",
    "start": 1569505685621,
    "end": 1569505685630,
    "duration": 9,
    "pid": 25033,
    "index": 69
  },
  {
    "name": "Load \"controller\" to Application",
    "start": 1569505685621,
    "end": 1569505685630,
    "duration": 9,
    "pid": 25033,
    "index": 70
  },
  {
    "name": "Load Router",
    "start": 1569505685630,
    "end": 1569505685633,
    "duration": 3,
    "pid": 25033,
    "index": 71
  },
  {
    "name": "Require(52) app/router.js",
    "start": 1569505685630,
    "end": 1569505685631,
    "duration": 1,
    "pid": 25033,
    "index": 72
  },
  {
    "name": "Load \"model\" to Application",
    "start": 1569505685644,
    "end": 1569505685659,
    "duration": 15,
    "pid": 25033,
    "index": 73
  }
]