[
  {
    "name": "Application Start",
    "start": 1569506482358,
    "end": 1569506482851,
    "duration": 493,
    "pid": 25395,
    "index": 0
  },
  {
    "name": "Load Plugin",
    "start": 1569506482362,
    "end": 1569506482369,
    "duration": 7,
    "pid": 25395,
    "index": 1
  },
  {
    "name": "Load Config",
    "start": 1569506482370,
    "end": 1569506482382,
    "duration": 12,
    "pid": 25395,
    "index": 2
  },
  {
    "name": "Require(0) config/config.default.js",
    "start": 1569506482370,
    "end": 1569506482370,
    "duration": 0,
    "pid": 25395,
    "index": 3
  },
  {
    "name": "Require(1) node_modules/_egg-session@3.1.0@egg-session/config/config.default.js",
    "start": 1569506482371,
    "end": 1569506482372,
    "duration": 1,
    "pid": 25395,
    "index": 4
  },
  {
    "name": "Require(2) node_modules/_egg-security@2.6.1@egg-security/config/config.default.js",
    "start": 1569506482372,
    "end": 1569506482372,
    "duration": 0,
    "pid": 25395,
    "index": 5
  },
  {
    "name": "Require(3) node_modules/_egg-jsonp@2.0.0@egg-jsonp/config/config.default.js",
    "start": 1569506482373,
    "end": 1569506482375,
    "duration": 2,
    "pid": 25395,
    "index": 6
  },
  {
    "name": "Require(4) node_modules/_egg-onerror@2.1.0@egg-onerror/config/config.default.js",
    "start": 1569506482375,
    "end": 1569506482375,
    "duration": 0,
    "pid": 25395,
    "index": 7
  },
  {
    "name": "Require(5) node_modules/_egg-i18n@2.1.1@egg-i18n/config/config.default.js",
    "start": 1569506482375,
    "end": 1569506482375,
    "duration": 0,
    "pid": 25395,
    "index": 8
  },
  {
    "name": "Require(6) node_modules/_egg-watcher@3.1.0@egg-watcher/config/config.default.js",
    "start": 1569506482375,
    "end": 1569506482376,
    "duration": 1,
    "pid": 25395,
    "index": 9
  },
  {
    "name": "Require(7) node_modules/_egg-schedule@3.6.4@egg-schedule/config/config.default.js",
    "start": 1569506482376,
    "end": 1569506482376,
    "duration": 0,
    "pid": 25395,
    "index": 10
  },
  {
    "name": "Require(8) node_modules/_egg-multipart@2.9.0@egg-multipart/config/config.default.js",
    "start": 1569506482376,
    "end": 1569506482376,
    "duration": 0,
    "pid": 25395,
    "index": 11
  },
  {
    "name": "Require(9) node_modules/_egg-development@2.4.3@egg-development/config/config.default.js",
    "start": 1569506482377,
    "end": 1569506482377,
    "duration": 0,
    "pid": 25395,
    "index": 12
  },
  {
    "name": "Require(10) node_modules/_egg-logrotator@3.1.0@egg-logrotator/config/config.default.js",
    "start": 1569506482377,
    "end": 1569506482377,
    "duration": 0,
    "pid": 25395,
    "index": 13
  },
  {
    "name": "Require(11) node_modules/_egg-static@2.2.0@egg-static/config/config.default.js",
    "start": 1569506482377,
    "end": 1569506482377,
    "duration": 0,
    "pid": 25395,
    "index": 14
  },
  {
    "name": "Require(12) node_modules/_egg-view@2.1.2@egg-view/config/config.default.js",
    "start": 1569506482378,
    "end": 1569506482378,
    "duration": 0,
    "pid": 25395,
    "index": 15
  },
  {
    "name": "Require(13) node_modules/_egg-mongoose@3.2.0@egg-mongoose/config/config.default.js",
    "start": 1569506482378,
    "end": 1569506482378,
    "duration": 0,
    "pid": 25395,
    "index": 16
  },
  {
    "name": "Require(14) node_modules/_egg-jwt@3.1.6@egg-jwt/config/config.default.js",
    "start": 1569506482378,
    "end": 1569506482378,
    "duration": 0,
    "pid": 25395,
    "index": 17
  },
  {
    "name": "Require(15) node_modules/_egg-router-group@1.1.0@egg-router-group/config/config.default.js",
    "start": 1569506482379,
    "end": 1569506482379,
    "duration": 0,
    "pid": 25395,
    "index": 18
  },
  {
    "name": "Require(16) node_modules/_egg@2.23.0@egg/config/config.default.js",
    "start": 1569506482379,
    "end": 1569506482379,
    "duration": 0,
    "pid": 25395,
    "index": 19
  },
  {
    "name": "Require(17) config/config.default.js",
    "start": 1569506482380,
    "end": 1569506482380,
    "duration": 0,
    "pid": 25395,
    "index": 20
  },
  {
    "name": "Require(18) node_modules/_egg-security@2.6.1@egg-security/config/config.local.js",
    "start": 1569506482380,
    "end": 1569506482380,
    "duration": 0,
    "pid": 25395,
    "index": 21
  },
  {
    "name": "Require(19) node_modules/_egg-watcher@3.1.0@egg-watcher/config/config.local.js",
    "start": 1569506482381,
    "end": 1569506482381,
    "duration": 0,
    "pid": 25395,
    "index": 22
  },
  {
    "name": "Require(20) node_modules/_egg-view@2.1.2@egg-view/config/config.local.js",
    "start": 1569506482381,
    "end": 1569506482381,
    "duration": 0,
    "pid": 25395,
    "index": 23
  },
  {
    "name": "Require(21) node_modules/_egg@2.23.0@egg/config/config.local.js",
    "start": 1569506482381,
    "end": 1569506482382,
    "duration": 1,
    "pid": 25395,
    "index": 24
  },
  {
    "name": "Load extend/application.js",
    "start": 1569506482383,
    "end": 1569506482411,
    "duration": 28,
    "pid": 25395,
    "index": 25
  },
  {
    "name": "Require(22) node_modules/_egg-session@3.1.0@egg-session/app/extend/application.js",
    "start": 1569506482383,
    "end": 1569506482383,
    "duration": 0,
    "pid": 25395,
    "index": 26
  },
  {
    "name": "Require(23) node_modules/_egg-security@2.6.1@egg-security/app/extend/application.js",
    "start": 1569506482384,
    "end": 1569506482384,
    "duration": 0,
    "pid": 25395,
    "index": 27
  },
  {
    "name": "Require(24) node_modules/_egg-jsonp@2.0.0@egg-jsonp/app/extend/application.js",
    "start": 1569506482384,
    "end": 1569506482385,
    "duration": 1,
    "pid": 25395,
    "index": 28
  },
  {
    "name": "Require(25) node_modules/_egg-logrotator@3.1.0@egg-logrotator/app/extend/application.js",
    "start": 1569506482385,
    "end": 1569506482386,
    "duration": 1,
    "pid": 25395,
    "index": 29
  },
  {
    "name": "Require(26) node_modules/_egg-view@2.1.2@egg-view/app/extend/application.js",
    "start": 1569506482386,
    "end": 1569506482387,
    "duration": 1,
    "pid": 25395,
    "index": 30
  },
  {
    "name": "Require(27) node_modules/_egg-jwt@3.1.6@egg-jwt/app/extend/application.js",
    "start": 1569506482387,
    "end": 1569506482411,
    "duration": 24,
    "pid": 25395,
    "index": 31
  },
  {
    "name": "Load extend/request.js",
    "start": 1569506482411,
    "end": 1569506482413,
    "duration": 2,
    "pid": 25395,
    "index": 32
  },
  {
    "name": "Require(28) node_modules/_egg@2.23.0@egg/app/extend/request.js",
    "start": 1569506482412,
    "end": 1569506482413,
    "duration": 1,
    "pid": 25395,
    "index": 33
  },
  {
    "name": "Load extend/response.js",
    "start": 1569506482413,
    "end": 1569506482415,
    "duration": 2,
    "pid": 25395,
    "index": 34
  },
  {
    "name": "Require(29) node_modules/_egg@2.23.0@egg/app/extend/response.js",
    "start": 1569506482414,
    "end": 1569506482414,
    "duration": 0,
    "pid": 25395,
    "index": 35
  },
  {
    "name": "Load extend/context.js",
    "start": 1569506482415,
    "end": 1569506482454,
    "duration": 39,
    "pid": 25395,
    "index": 36
  },
  {
    "name": "Require(30) node_modules/_egg-security@2.6.1@egg-security/app/extend/context.js",
    "start": 1569506482415,
    "end": 1569506482419,
    "duration": 4,
    "pid": 25395,
    "index": 37
  },
  {
    "name": "Require(31) node_modules/_egg-jsonp@2.0.0@egg-jsonp/app/extend/context.js",
    "start": 1569506482419,
    "end": 1569506482420,
    "duration": 1,
    "pid": 25395,
    "index": 38
  },
  {
    "name": "Require(32) node_modules/_egg-i18n@2.1.1@egg-i18n/app/extend/context.js",
    "start": 1569506482420,
    "end": 1569506482420,
    "duration": 0,
    "pid": 25395,
    "index": 39
  },
  {
    "name": "Require(33) node_modules/_egg-multipart@2.9.0@egg-multipart/app/extend/context.js",
    "start": 1569506482420,
    "end": 1569506482451,
    "duration": 31,
    "pid": 25395,
    "index": 40
  },
  {
    "name": "Require(34) node_modules/_egg-view@2.1.2@egg-view/app/extend/context.js",
    "start": 1569506482451,
    "end": 1569506482452,
    "duration": 1,
    "pid": 25395,
    "index": 41
  },
  {
    "name": "Require(35) node_modules/_egg-mongoose@3.2.0@egg-mongoose/app/extend/context.js",
    "start": 1569506482452,
    "end": 1569506482452,
    "duration": 0,
    "pid": 25395,
    "index": 42
  },
  {
    "name": "Require(36) node_modules/_egg@2.23.0@egg/app/extend/context.js",
    "start": 1569506482452,
    "end": 1569506482453,
    "duration": 1,
    "pid": 25395,
    "index": 43
  },
  {
    "name": "Load extend/helper.js",
    "start": 1569506482454,
    "end": 1569506482464,
    "duration": 10,
    "pid": 25395,
    "index": 44
  },
  {
    "name": "Require(37) node_modules/_egg-security@2.6.1@egg-security/app/extend/helper.js",
    "start": 1569506482454,
    "end": 1569506482463,
    "duration": 9,
    "pid": 25395,
    "index": 45
  },
  {
    "name": "Require(38) node_modules/_egg@2.23.0@egg/app/extend/helper.js",
    "start": 1569506482463,
    "end": 1569506482464,
    "duration": 1,
    "pid": 25395,
    "index": 46
  },
  {
    "name": "Load app.js",
    "start": 1569506482465,
    "end": 1569506482479,
    "duration": 14,
    "pid": 25395,
    "index": 47
  },
  {
    "name": "Require(39) node_modules/_egg-session@3.1.0@egg-session/app.js",
    "start": 1569506482465,
    "end": 1569506482465,
    "duration": 0,
    "pid": 25395,
    "index": 48
  },
  {
    "name": "Require(40) node_modules/_egg-security@2.6.1@egg-security/app.js",
    "start": 1569506482465,
    "end": 1569506482466,
    "duration": 1,
    "pid": 25395,
    "index": 49
  },
  {
    "name": "Require(41) node_modules/_egg-onerror@2.1.0@egg-onerror/app.js",
    "start": 1569506482466,
    "end": 1569506482470,
    "duration": 4,
    "pid": 25395,
    "index": 50
  },
  {
    "name": "Require(42) node_modules/_egg-i18n@2.1.1@egg-i18n/app.js",
    "start": 1569506482470,
    "end": 1569506482473,
    "duration": 3,
    "pid": 25395,
    "index": 51
  },
  {
    "name": "Require(43) node_modules/_egg-watcher@3.1.0@egg-watcher/app.js",
    "start": 1569506482473,
    "end": 1569506482474,
    "duration": 1,
    "pid": 25395,
    "index": 52
  },
  {
    "name": "Require(44) node_modules/_egg-schedule@3.6.4@egg-schedule/app.js",
    "start": 1569506482475,
    "end": 1569506482475,
    "duration": 0,
    "pid": 25395,
    "index": 53
  },
  {
    "name": "Require(45) node_modules/_egg-multipart@2.9.0@egg-multipart/app.js",
    "start": 1569506482476,
    "end": 1569506482476,
    "duration": 0,
    "pid": 25395,
    "index": 54
  },
  {
    "name": "Require(46) node_modules/_egg-development@2.4.3@egg-development/app.js",
    "start": 1569506482477,
    "end": 1569506482477,
    "duration": 0,
    "pid": 25395,
    "index": 55
  },
  {
    "name": "Require(47) node_modules/_egg-logrotator@3.1.0@egg-logrotator/app.js",
    "start": 1569506482477,
    "end": 1569506482477,
    "duration": 0,
    "pid": 25395,
    "index": 56
  },
  {
    "name": "Require(48) node_modules/_egg-static@2.2.0@egg-static/app.js",
    "start": 1569506482477,
    "end": 1569506482477,
    "duration": 0,
    "pid": 25395,
    "index": 57
  },
  {
    "name": "Require(49) node_modules/_egg-mongoose@3.2.0@egg-mongoose/app.js",
    "start": 1569506482477,
    "end": 1569506482477,
    "duration": 0,
    "pid": 25395,
    "index": 58
  },
  {
    "name": "Require(50) node_modules/_egg-jwt@3.1.6@egg-jwt/app.js",
    "start": 1569506482477,
    "end": 1569506482478,
    "duration": 1,
    "pid": 25395,
    "index": 59
  },
  {
    "name": "Require(51) node_modules/_egg-router-group@1.1.0@egg-router-group/app.js",
    "start": 1569506482478,
    "end": 1569506482479,
    "duration": 1,
    "pid": 25395,
    "index": 60
  },
  {
    "name": "Before Start in node_modules/_egg-watcher@3.1.0@egg-watcher/lib/init.js:15:14",
    "start": 1569506482489,
    "end": 1569506482846,
    "duration": 357,
    "pid": 25395,
    "index": 61
  },
  {
    "name": "Before Start in node_modules/_egg-mongoose@3.2.0@egg-mongoose/lib/mongoose.js:91:7",
    "start": 1569506482716,
    "end": 1569506482843,
    "duration": 127,
    "pid": 25395,
    "index": 62
  },
  {
    "name": "Before Start in node_modules/_egg-mongoose@3.2.0@egg-mongoose/lib/mongoose.js:49:9",
    "start": 1569506482716,
    "end": 1569506482823,
    "duration": 107,
    "pid": 25395,
    "index": 63
  },
  {
    "name": "Before Start in node_modules/_egg-core@4.17.3@egg-core/lib/egg.js:303:10",
    "start": 1569506482716,
    "end": 1569506482823,
    "duration": 107,
    "pid": 25395,
    "index": 64
  },
  {
    "name": "Load Service",
    "start": 1569506482716,
    "end": 1569506482747,
    "duration": 31,
    "pid": 25395,
    "index": 65
  },
  {
    "name": "Load \"service\" to Context",
    "start": 1569506482717,
    "end": 1569506482747,
    "duration": 30,
    "pid": 25395,
    "index": 66
  },
  {
    "name": "Load Middleware",
    "start": 1569506482747,
    "end": 1569506482788,
    "duration": 41,
    "pid": 25395,
    "index": 67
  },
  {
    "name": "Load \"middlewares\" to Application",
    "start": 1569506482747,
    "end": 1569506482782,
    "duration": 35,
    "pid": 25395,
    "index": 68
  },
  {
    "name": "Load Controller",
    "start": 1569506482788,
    "end": 1569506482797,
    "duration": 9,
    "pid": 25395,
    "index": 69
  },
  {
    "name": "Load \"controller\" to Application",
    "start": 1569506482789,
    "end": 1569506482797,
    "duration": 8,
    "pid": 25395,
    "index": 70
  },
  {
    "name": "Load Router",
    "start": 1569506482797,
    "end": 1569506482799,
    "duration": 2,
    "pid": 25395,
    "index": 71
  },
  {
    "name": "Require(52) app/router.js",
    "start": 1569506482797,
    "end": 1569506482797,
    "duration": 0,
    "pid": 25395,
    "index": 72
  },
  {
    "name": "Load \"model\" to Application",
    "start": 1569506482808,
    "end": 1569506482822,
    "duration": 14,
    "pid": 25395,
    "index": 73
  }
]