[
  {
    "name": "Application Start",
    "start": 1569505373120,
    "end": 1569505373605,
    "duration": 485,
    "pid": 24894,
    "index": 0
  },
  {
    "name": "Load Plugin",
    "start": 1569505373125,
    "end": 1569505373132,
    "duration": 7,
    "pid": 24894,
    "index": 1
  },
  {
    "name": "Load Config",
    "start": 1569505373132,
    "end": 1569505373144,
    "duration": 12,
    "pid": 24894,
    "index": 2
  },
  {
    "name": "Require(0) config/config.default.js",
    "start": 1569505373132,
    "end": 1569505373133,
    "duration": 1,
    "pid": 24894,
    "index": 3
  },
  {
    "name": "Require(1) node_modules/_egg-session@3.1.0@egg-session/config/config.default.js",
    "start": 1569505373134,
    "end": 1569505373134,
    "duration": 0,
    "pid": 24894,
    "index": 4
  },
  {
    "name": "Require(2) node_modules/_egg-security@2.6.1@egg-security/config/config.default.js",
    "start": 1569505373134,
    "end": 1569505373134,
    "duration": 0,
    "pid": 24894,
    "index": 5
  },
  {
    "name": "Require(3) node_modules/_egg-jsonp@2.0.0@egg-jsonp/config/config.default.js",
    "start": 1569505373135,
    "end": 1569505373137,
    "duration": 2,
    "pid": 24894,
    "index": 6
  },
  {
    "name": "Require(4) node_modules/_egg-onerror@2.1.0@egg-onerror/config/config.default.js",
    "start": 1569505373137,
    "end": 1569505373137,
    "duration": 0,
    "pid": 24894,
    "index": 7
  },
  {
    "name": "Require(5) node_modules/_egg-i18n@2.1.1@egg-i18n/config/config.default.js",
    "start": 1569505373137,
    "end": 1569505373137,
    "duration": 0,
    "pid": 24894,
    "index": 8
  },
  {
    "name": "Require(6) node_modules/_egg-watcher@3.1.0@egg-watcher/config/config.default.js",
    "start": 1569505373138,
    "end": 1569505373138,
    "duration": 0,
    "pid": 24894,
    "index": 9
  },
  {
    "name": "Require(7) node_modules/_egg-schedule@3.6.4@egg-schedule/config/config.default.js",
    "start": 1569505373138,
    "end": 1569505373138,
    "duration": 0,
    "pid": 24894,
    "index": 10
  },
  {
    "name": "Require(8) node_modules/_egg-multipart@2.9.0@egg-multipart/config/config.default.js",
    "start": 1569505373138,
    "end": 1569505373138,
    "duration": 0,
    "pid": 24894,
    "index": 11
  },
  {
    "name": "Require(9) node_modules/_egg-development@2.4.3@egg-development/config/config.default.js",
    "start": 1569505373139,
    "end": 1569505373139,
    "duration": 0,
    "pid": 24894,
    "index": 12
  },
  {
    "name": "Require(10) node_modules/_egg-logrotator@3.1.0@egg-logrotator/config/config.default.js",
    "start": 1569505373139,
    "end": 1569505373139,
    "duration": 0,
    "pid": 24894,
    "index": 13
  },
  {
    "name": "Require(11) node_modules/_egg-static@2.2.0@egg-static/config/config.default.js",
    "start": 1569505373139,
    "end": 1569505373139,
    "duration": 0,
    "pid": 24894,
    "index": 14
  },
  {
    "name": "Require(12) node_modules/_egg-view@2.1.2@egg-view/config/config.default.js",
    "start": 1569505373140,
    "end": 1569505373140,
    "duration": 0,
    "pid": 24894,
    "index": 15
  },
  {
    "name": "Require(13) node_modules/_egg-mongoose@3.2.0@egg-mongoose/config/config.default.js",
    "start": 1569505373140,
    "end": 1569505373140,
    "duration": 0,
    "pid": 24894,
    "index": 16
  },
  {
    "name": "Require(14) node_modules/_egg-jwt@3.1.6@egg-jwt/config/config.default.js",
    "start": 1569505373140,
    "end": 1569505373140,
    "duration": 0,
    "pid": 24894,
    "index": 17
  },
  {
    "name": "Require(15) node_modules/_egg-router-group@1.1.0@egg-router-group/config/config.default.js",
    "start": 1569505373141,
    "end": 1569505373141,
    "duration": 0,
    "pid": 24894,
    "index": 18
  },
  {
    "name": "Require(16) node_modules/_egg@2.23.0@egg/config/config.default.js",
    "start": 1569505373141,
    "end": 1569505373141,
    "duration": 0,
    "pid": 24894,
    "index": 19
  },
  {
    "name": "Require(17) config/config.default.js",
    "start": 1569505373142,
    "end": 1569505373142,
    "duration": 0,
    "pid": 24894,
    "index": 20
  },
  {
    "name": "Require(18) node_modules/_egg-security@2.6.1@egg-security/config/config.local.js",
    "start": 1569505373142,
    "end": 1569505373143,
    "duration": 1,
    "pid": 24894,
    "index": 21
  },
  {
    "name": "Require(19) node_modules/_egg-watcher@3.1.0@egg-watcher/config/config.local.js",
    "start": 1569505373143,
    "end": 1569505373143,
    "duration": 0,
    "pid": 24894,
    "index": 22
  },
  {
    "name": "Require(20) node_modules/_egg-view@2.1.2@egg-view/config/config.local.js",
    "start": 1569505373143,
    "end": 1569505373143,
    "duration": 0,
    "pid": 24894,
    "index": 23
  },
  {
    "name": "Require(21) node_modules/_egg@2.23.0@egg/config/config.local.js",
    "start": 1569505373144,
    "end": 1569505373144,
    "duration": 0,
    "pid": 24894,
    "index": 24
  },
  {
    "name": "Load extend/application.js",
    "start": 1569505373145,
    "end": 1569505373172,
    "duration": 27,
    "pid": 24894,
    "index": 25
  },
  {
    "name": "Require(22) node_modules/_egg-session@3.1.0@egg-session/app/extend/application.js",
    "start": 1569505373145,
    "end": 1569505373146,
    "duration": 1,
    "pid": 24894,
    "index": 26
  },
  {
    "name": "Require(23) node_modules/_egg-security@2.6.1@egg-security/app/extend/application.js",
    "start": 1569505373146,
    "end": 1569505373146,
    "duration": 0,
    "pid": 24894,
    "index": 27
  },
  {
    "name": "Require(24) node_modules/_egg-jsonp@2.0.0@egg-jsonp/app/extend/application.js",
    "start": 1569505373146,
    "end": 1569505373147,
    "duration": 1,
    "pid": 24894,
    "index": 28
  },
  {
    "name": "Require(25) node_modules/_egg-logrotator@3.1.0@egg-logrotator/app/extend/application.js",
    "start": 1569505373147,
    "end": 1569505373148,
    "duration": 1,
    "pid": 24894,
    "index": 29
  },
  {
    "name": "Require(26) node_modules/_egg-view@2.1.2@egg-view/app/extend/application.js",
    "start": 1569505373148,
    "end": 1569505373149,
    "duration": 1,
    "pid": 24894,
    "index": 30
  },
  {
    "name": "Require(27) node_modules/_egg-jwt@3.1.6@egg-jwt/app/extend/application.js",
    "start": 1569505373149,
    "end": 1569505373171,
    "duration": 22,
    "pid": 24894,
    "index": 31
  },
  {
    "name": "Load extend/request.js",
    "start": 1569505373172,
    "end": 1569505373174,
    "duration": 2,
    "pid": 24894,
    "index": 32
  },
  {
    "name": "Require(28) node_modules/_egg@2.23.0@egg/app/extend/request.js",
    "start": 1569505373173,
    "end": 1569505373173,
    "duration": 0,
    "pid": 24894,
    "index": 33
  },
  {
    "name": "Load extend/response.js",
    "start": 1569505373174,
    "end": 1569505373176,
    "duration": 2,
    "pid": 24894,
    "index": 34
  },
  {
    "name": "Require(29) node_modules/_egg@2.23.0@egg/app/extend/response.js",
    "start": 1569505373174,
    "end": 1569505373175,
    "duration": 1,
    "pid": 24894,
    "index": 35
  },
  {
    "name": "Load extend/context.js",
    "start": 1569505373176,
    "end": 1569505373218,
    "duration": 42,
    "pid": 24894,
    "index": 36
  },
  {
    "name": "Require(30) node_modules/_egg-security@2.6.1@egg-security/app/extend/context.js",
    "start": 1569505373176,
    "end": 1569505373180,
    "duration": 4,
    "pid": 24894,
    "index": 37
  },
  {
    "name": "Require(31) node_modules/_egg-jsonp@2.0.0@egg-jsonp/app/extend/context.js",
    "start": 1569505373181,
    "end": 1569505373181,
    "duration": 0,
    "pid": 24894,
    "index": 38
  },
  {
    "name": "Require(32) node_modules/_egg-i18n@2.1.1@egg-i18n/app/extend/context.js",
    "start": 1569505373181,
    "end": 1569505373182,
    "duration": 1,
    "pid": 24894,
    "index": 39
  },
  {
    "name": "Require(33) node_modules/_egg-multipart@2.9.0@egg-multipart/app/extend/context.js",
    "start": 1569505373182,
    "end": 1569505373216,
    "duration": 34,
    "pid": 24894,
    "index": 40
  },
  {
    "name": "Require(34) node_modules/_egg-view@2.1.2@egg-view/app/extend/context.js",
    "start": 1569505373216,
    "end": 1569505373216,
    "duration": 0,
    "pid": 24894,
    "index": 41
  },
  {
    "name": "Require(35) node_modules/_egg-mongoose@3.2.0@egg-mongoose/app/extend/context.js",
    "start": 1569505373216,
    "end": 1569505373217,
    "duration": 1,
    "pid": 24894,
    "index": 42
  },
  {
    "name": "Require(36) node_modules/_egg@2.23.0@egg/app/extend/context.js",
    "start": 1569505373217,
    "end": 1569505373217,
    "duration": 0,
    "pid": 24894,
    "index": 43
  },
  {
    "name": "Load extend/helper.js",
    "start": 1569505373218,
    "end": 1569505373227,
    "duration": 9,
    "pid": 24894,
    "index": 44
  },
  {
    "name": "Require(37) node_modules/_egg-security@2.6.1@egg-security/app/extend/helper.js",
    "start": 1569505373218,
    "end": 1569505373226,
    "duration": 8,
    "pid": 24894,
    "index": 45
  },
  {
    "name": "Require(38) node_modules/_egg@2.23.0@egg/app/extend/helper.js",
    "start": 1569505373227,
    "end": 1569505373227,
    "duration": 0,
    "pid": 24894,
    "index": 46
  },
  {
    "name": "Load app.js",
    "start": 1569505373228,
    "end": 1569505373244,
    "duration": 16,
    "pid": 24894,
    "index": 47
  },
  {
    "name": "Require(39) node_modules/_egg-session@3.1.0@egg-session/app.js",
    "start": 1569505373228,
    "end": 1569505373228,
    "duration": 0,
    "pid": 24894,
    "index": 48
  },
  {
    "name": "Require(40) node_modules/_egg-security@2.6.1@egg-security/app.js",
    "start": 1569505373228,
    "end": 1569505373228,
    "duration": 0,
    "pid": 24894,
    "index": 49
  },
  {
    "name": "Require(41) node_modules/_egg-onerror@2.1.0@egg-onerror/app.js",
    "start": 1569505373229,
    "end": 1569505373233,
    "duration": 4,
    "pid": 24894,
    "index": 50
  },
  {
    "name": "Require(42) node_modules/_egg-i18n@2.1.1@egg-i18n/app.js",
    "start": 1569505373233,
    "end": 1569505373236,
    "duration": 3,
    "pid": 24894,
    "index": 51
  },
  {
    "name": "Require(43) node_modules/_egg-watcher@3.1.0@egg-watcher/app.js",
    "start": 1569505373236,
    "end": 1569505373238,
    "duration": 2,
    "pid": 24894,
    "index": 52
  },
  {
    "name": "Require(44) node_modules/_egg-schedule@3.6.4@egg-schedule/app.js",
    "start": 1569505373238,
    "end": 1569505373239,
    "duration": 1,
    "pid": 24894,
    "index": 53
  },
  {
    "name": "Require(45) node_modules/_egg-multipart@2.9.0@egg-multipart/app.js",
    "start": 1569505373239,
    "end": 1569505373240,
    "duration": 1,
    "pid": 24894,
    "index": 54
  },
  {
    "name": "Require(46) node_modules/_egg-development@2.4.3@egg-development/app.js",
    "start": 1569505373240,
    "end": 1569505373241,
    "duration": 1,
    "pid": 24894,
    "index": 55
  },
  {
    "name": "Require(47) node_modules/_egg-logrotator@3.1.0@egg-logrotator/app.js",
    "start": 1569505373241,
    "end": 1569505373241,
    "duration": 0,
    "pid": 24894,
    "index": 56
  },
  {
    "name": "Require(48) node_modules/_egg-static@2.2.0@egg-static/app.js",
    "start": 1569505373241,
    "end": 1569505373241,
    "duration": 0,
    "pid": 24894,
    "index": 57
  },
  {
    "name": "Require(49) node_modules/_egg-mongoose@3.2.0@egg-mongoose/app.js",
    "start": 1569505373241,
    "end": 1569505373242,
    "duration": 1,
    "pid": 24894,
    "index": 58
  },
  {
    "name": "Require(50) node_modules/_egg-jwt@3.1.6@egg-jwt/app.js",
    "start": 1569505373242,
    "end": 1569505373242,
    "duration": 0,
    "pid": 24894,
    "index": 59
  },
  {
    "name": "Require(51) node_modules/_egg-router-group@1.1.0@egg-router-group/app.js",
    "start": 1569505373242,
    "end": 1569505373243,
    "duration": 1,
    "pid": 24894,
    "index": 60
  },
  {
    "name": "Before Start in node_modules/_egg-watcher@3.1.0@egg-watcher/lib/init.js:15:14",
    "start": 1569505373254,
    "pid": 24894,
    "index": 61
  },
  {
    "name": "Before Start in node_modules/_egg-mongoose@3.2.0@egg-mongoose/lib/mongoose.js:91:7",
    "start": 1569505373490,
    "pid": 24894,
    "index": 62
  },
  {
    "name": "Before Start in node_modules/_egg-mongoose@3.2.0@egg-mongoose/lib/mongoose.js:49:9",
    "start": 1569505373490,
    "end": 1569505373593,
    "duration": 103,
    "pid": 24894,
    "index": 63
  },
  {
    "name": "Before Start in node_modules/_egg-core@4.17.3@egg-core/lib/egg.js:303:10",
    "start": 1569505373491,
    "end": 1569505373593,
    "duration": 102,
    "pid": 24894,
    "index": 64
  },
  {
    "name": "Load Service",
    "start": 1569505373491,
    "end": 1569505373519,
    "duration": 28,
    "pid": 24894,
    "index": 65
  },
  {
    "name": "Load \"service\" to Context",
    "start": 1569505373491,
    "end": 1569505373519,
    "duration": 28,
    "pid": 24894,
    "index": 66
  },
  {
    "name": "Load Middleware",
    "start": 1569505373519,
    "end": 1569505373560,
    "duration": 41,
    "pid": 24894,
    "index": 67
  },
  {
    "name": "Load \"middlewares\" to Application",
    "start": 1569505373520,
    "end": 1569505373554,
    "duration": 34,
    "pid": 24894,
    "index": 68
  },
  {
    "name": "Load Controller",
    "start": 1569505373560,
    "end": 1569505373567,
    "duration": 7,
    "pid": 24894,
    "index": 69
  },
  {
    "name": "Load \"controller\" to Application",
    "start": 1569505373560,
    "end": 1569505373567,
    "duration": 7,
    "pid": 24894,
    "index": 70
  },
  {
    "name": "Load Router",
    "start": 1569505373567,
    "end": 1569505373570,
    "duration": 3,
    "pid": 24894,
    "index": 71
  },
  {
    "name": "Require(52) app/router.js",
    "start": 1569505373567,
    "end": 1569505373568,
    "duration": 1,
    "pid": 24894,
    "index": 72
  },
  {
    "name": "Load \"model\" to Application",
    "start": 1569505373579,
    "pid": 24894,
    "index": 73
  }
]