[
  {
    "name": "Application Start",
    "start": 1569503975023,
    "end": 1569503975534,
    "duration": 511,
    "pid": 24341,
    "index": 0
  },
  {
    "name": "Load Plugin",
    "start": 1569503975027,
    "end": 1569503975034,
    "duration": 7,
    "pid": 24341,
    "index": 1
  },
  {
    "name": "Load Config",
    "start": 1569503975035,
    "end": 1569503975047,
    "duration": 12,
    "pid": 24341,
    "index": 2
  },
  {
    "name": "Require(0) config/config.default.js",
    "start": 1569503975035,
    "end": 1569503975035,
    "duration": 0,
    "pid": 24341,
    "index": 3
  },
  {
    "name": "Require(1) node_modules/_egg-session@3.1.0@egg-session/config/config.default.js",
    "start": 1569503975036,
    "end": 1569503975036,
    "duration": 0,
    "pid": 24341,
    "index": 4
  },
  {
    "name": "Require(2) node_modules/_egg-security@2.6.1@egg-security/config/config.default.js",
    "start": 1569503975037,
    "end": 1569503975037,
    "duration": 0,
    "pid": 24341,
    "index": 5
  },
  {
    "name": "Require(3) node_modules/_egg-jsonp@2.0.0@egg-jsonp/config/config.default.js",
    "start": 1569503975038,
    "end": 1569503975040,
    "duration": 2,
    "pid": 24341,
    "index": 6
  },
  {
    "name": "Require(4) node_modules/_egg-onerror@2.1.0@egg-onerror/config/config.default.js",
    "start": 1569503975040,
    "end": 1569503975040,
    "duration": 0,
    "pid": 24341,
    "index": 7
  },
  {
    "name": "Require(5) node_modules/_egg-i18n@2.1.1@egg-i18n/config/config.default.js",
    "start": 1569503975040,
    "end": 1569503975040,
    "duration": 0,
    "pid": 24341,
    "index": 8
  },
  {
    "name": "Require(6) node_modules/_egg-watcher@3.1.0@egg-watcher/config/config.default.js",
    "start": 1569503975040,
    "end": 1569503975041,
    "duration": 1,
    "pid": 24341,
    "index": 9
  },
  {
    "name": "Require(7) node_modules/_egg-schedule@3.6.4@egg-schedule/config/config.default.js",
    "start": 1569503975041,
    "end": 1569503975041,
    "duration": 0,
    "pid": 24341,
    "index": 10
  },
  {
    "name": "Require(8) node_modules/_egg-multipart@2.9.0@egg-multipart/config/config.default.js",
    "start": 1569503975041,
    "end": 1569503975041,
    "duration": 0,
    "pid": 24341,
    "index": 11
  },
  {
    "name": "Require(9) node_modules/_egg-development@2.4.3@egg-development/config/config.default.js",
    "start": 1569503975042,
    "end": 1569503975042,
    "duration": 0,
    "pid": 24341,
    "index": 12
  },
  {
    "name": "Require(10) node_modules/_egg-logrotator@3.1.0@egg-logrotator/config/config.default.js",
    "start": 1569503975042,
    "end": 1569503975042,
    "duration": 0,
    "pid": 24341,
    "index": 13
  },
  {
    "name": "Require(11) node_modules/_egg-static@2.2.0@egg-static/config/config.default.js",
    "start": 1569503975042,
    "end": 1569503975042,
    "duration": 0,
    "pid": 24341,
    "index": 14
  },
  {
    "name": "Require(12) node_modules/_egg-view@2.1.2@egg-view/config/config.default.js",
    "start": 1569503975043,
    "end": 1569503975043,
    "duration": 0,
    "pid": 24341,
    "index": 15
  },
  {
    "name": "Require(13) node_modules/_egg-mongoose@3.2.0@egg-mongoose/config/config.default.js",
    "start": 1569503975043,
    "end": 1569503975043,
    "duration": 0,
    "pid": 24341,
    "index": 16
  },
  {
    "name": "Require(14) node_modules/_egg-jwt@3.1.6@egg-jwt/config/config.default.js",
    "start": 1569503975043,
    "end": 1569503975043,
    "duration": 0,
    "pid": 24341,
    "index": 17
  },
  {
    "name": "Require(15) node_modules/_egg-router-group@1.1.0@egg-router-group/config/config.default.js",
    "start": 1569503975043,
    "end": 1569503975044,
    "duration": 1,
    "pid": 24341,
    "index": 18
  },
  {
    "name": "Require(16) node_modules/_egg@2.23.0@egg/config/config.default.js",
    "start": 1569503975044,
    "end": 1569503975044,
    "duration": 0,
    "pid": 24341,
    "index": 19
  },
  {
    "name": "Require(17) config/config.default.js",
    "start": 1569503975045,
    "end": 1569503975045,
    "duration": 0,
    "pid": 24341,
    "index": 20
  },
  {
    "name": "Require(18) node_modules/_egg-security@2.6.1@egg-security/config/config.local.js",
    "start": 1569503975045,
    "end": 1569503975045,
    "duration": 0,
    "pid": 24341,
    "index": 21
  },
  {
    "name": "Require(19) node_modules/_egg-watcher@3.1.0@egg-watcher/config/config.local.js",
    "start": 1569503975046,
    "end": 1569503975046,
    "duration": 0,
    "pid": 24341,
    "index": 22
  },
  {
    "name": "Require(20) node_modules/_egg-view@2.1.2@egg-view/config/config.local.js",
    "start": 1569503975046,
    "end": 1569503975046,
    "duration": 0,
    "pid": 24341,
    "index": 23
  },
  {
    "name": "Require(21) node_modules/_egg@2.23.0@egg/config/config.local.js",
    "start": 1569503975046,
    "end": 1569503975047,
    "duration": 1,
    "pid": 24341,
    "index": 24
  },
  {
    "name": "Load extend/application.js",
    "start": 1569503975048,
    "end": 1569503975075,
    "duration": 27,
    "pid": 24341,
    "index": 25
  },
  {
    "name": "Require(22) node_modules/_egg-session@3.1.0@egg-session/app/extend/application.js",
    "start": 1569503975049,
    "end": 1569503975049,
    "duration": 0,
    "pid": 24341,
    "index": 26
  },
  {
    "name": "Require(23) node_modules/_egg-security@2.6.1@egg-security/app/extend/application.js",
    "start": 1569503975050,
    "end": 1569503975050,
    "duration": 0,
    "pid": 24341,
    "index": 27
  },
  {
    "name": "Require(24) node_modules/_egg-jsonp@2.0.0@egg-jsonp/app/extend/application.js",
    "start": 1569503975050,
    "end": 1569503975051,
    "duration": 1,
    "pid": 24341,
    "index": 28
  },
  {
    "name": "Require(25) node_modules/_egg-logrotator@3.1.0@egg-logrotator/app/extend/application.js",
    "start": 1569503975051,
    "end": 1569503975052,
    "duration": 1,
    "pid": 24341,
    "index": 29
  },
  {
    "name": "Require(26) node_modules/_egg-view@2.1.2@egg-view/app/extend/application.js",
    "start": 1569503975052,
    "end": 1569503975053,
    "duration": 1,
    "pid": 24341,
    "index": 30
  },
  {
    "name": "Require(27) node_modules/_egg-jwt@3.1.6@egg-jwt/app/extend/application.js",
    "start": 1569503975053,
    "end": 1569503975074,
    "duration": 21,
    "pid": 24341,
    "index": 31
  },
  {
    "name": "Load extend/request.js",
    "start": 1569503975075,
    "end": 1569503975076,
    "duration": 1,
    "pid": 24341,
    "index": 32
  },
  {
    "name": "Require(28) node_modules/_egg@2.23.0@egg/app/extend/request.js",
    "start": 1569503975075,
    "end": 1569503975076,
    "duration": 1,
    "pid": 24341,
    "index": 33
  },
  {
    "name": "Load extend/response.js",
    "start": 1569503975076,
    "end": 1569503975078,
    "duration": 2,
    "pid": 24341,
    "index": 34
  },
  {
    "name": "Require(29) node_modules/_egg@2.23.0@egg/app/extend/response.js",
    "start": 1569503975077,
    "end": 1569503975077,
    "duration": 0,
    "pid": 24341,
    "index": 35
  },
  {
    "name": "Load extend/context.js",
    "start": 1569503975078,
    "end": 1569503975120,
    "duration": 42,
    "pid": 24341,
    "index": 36
  },
  {
    "name": "Require(30) node_modules/_egg-security@2.6.1@egg-security/app/extend/context.js",
    "start": 1569503975078,
    "end": 1569503975082,
    "duration": 4,
    "pid": 24341,
    "index": 37
  },
  {
    "name": "Require(31) node_modules/_egg-jsonp@2.0.0@egg-jsonp/app/extend/context.js",
    "start": 1569503975082,
    "end": 1569503975083,
    "duration": 1,
    "pid": 24341,
    "index": 38
  },
  {
    "name": "Require(32) node_modules/_egg-i18n@2.1.1@egg-i18n/app/extend/context.js",
    "start": 1569503975083,
    "end": 1569503975083,
    "duration": 0,
    "pid": 24341,
    "index": 39
  },
  {
    "name": "Require(33) node_modules/_egg-multipart@2.9.0@egg-multipart/app/extend/context.js",
    "start": 1569503975083,
    "end": 1569503975116,
    "duration": 33,
    "pid": 24341,
    "index": 40
  },
  {
    "name": "Require(34) node_modules/_egg-view@2.1.2@egg-view/app/extend/context.js",
    "start": 1569503975116,
    "end": 1569503975117,
    "duration": 1,
    "pid": 24341,
    "index": 41
  },
  {
    "name": "Require(35) node_modules/_egg-mongoose@3.2.0@egg-mongoose/app/extend/context.js",
    "start": 1569503975117,
    "end": 1569503975118,
    "duration": 1,
    "pid": 24341,
    "index": 42
  },
  {
    "name": "Require(36) node_modules/_egg@2.23.0@egg/app/extend/context.js",
    "start": 1569503975118,
    "end": 1569503975119,
    "duration": 1,
    "pid": 24341,
    "index": 43
  },
  {
    "name": "Load extend/helper.js",
    "start": 1569503975120,
    "end": 1569503975128,
    "duration": 8,
    "pid": 24341,
    "index": 44
  },
  {
    "name": "Require(37) node_modules/_egg-security@2.6.1@egg-security/app/extend/helper.js",
    "start": 1569503975120,
    "end": 1569503975127,
    "duration": 7,
    "pid": 24341,
    "index": 45
  },
  {
    "name": "Require(38) node_modules/_egg@2.23.0@egg/app/extend/helper.js",
    "start": 1569503975127,
    "end": 1569503975128,
    "duration": 1,
    "pid": 24341,
    "index": 46
  },
  {
    "name": "Load app.js",
    "start": 1569503975128,
    "end": 1569503975142,
    "duration": 14,
    "pid": 24341,
    "index": 47
  },
  {
    "name": "Require(39) node_modules/_egg-session@3.1.0@egg-session/app.js",
    "start": 1569503975128,
    "end": 1569503975129,
    "duration": 1,
    "pid": 24341,
    "index": 48
  },
  {
    "name": "Require(40) node_modules/_egg-security@2.6.1@egg-security/app.js",
    "start": 1569503975129,
    "end": 1569503975129,
    "duration": 0,
    "pid": 24341,
    "index": 49
  },
  {
    "name": "Require(41) node_modules/_egg-onerror@2.1.0@egg-onerror/app.js",
    "start": 1569503975129,
    "end": 1569503975134,
    "duration": 5,
    "pid": 24341,
    "index": 50
  },
  {
    "name": "Require(42) node_modules/_egg-i18n@2.1.1@egg-i18n/app.js",
    "start": 1569503975134,
    "end": 1569503975136,
    "duration": 2,
    "pid": 24341,
    "index": 51
  },
  {
    "name": "Require(43) node_modules/_egg-watcher@3.1.0@egg-watcher/app.js",
    "start": 1569503975136,
    "end": 1569503975138,
    "duration": 2,
    "pid": 24341,
    "index": 52
  },
  {
    "name": "Require(44) node_modules/_egg-schedule@3.6.4@egg-schedule/app.js",
    "start": 1569503975138,
    "end": 1569503975139,
    "duration": 1,
    "pid": 24341,
    "index": 53
  },
  {
    "name": "Require(45) node_modules/_egg-multipart@2.9.0@egg-multipart/app.js",
    "start": 1569503975139,
    "end": 1569503975140,
    "duration": 1,
    "pid": 24341,
    "index": 54
  },
  {
    "name": "Require(46) node_modules/_egg-development@2.4.3@egg-development/app.js",
    "start": 1569503975140,
    "end": 1569503975140,
    "duration": 0,
    "pid": 24341,
    "index": 55
  },
  {
    "name": "Require(47) node_modules/_egg-logrotator@3.1.0@egg-logrotator/app.js",
    "start": 1569503975140,
    "end": 1569503975140,
    "duration": 0,
    "pid": 24341,
    "index": 56
  },
  {
    "name": "Require(48) node_modules/_egg-static@2.2.0@egg-static/app.js",
    "start": 1569503975140,
    "end": 1569503975140,
    "duration": 0,
    "pid": 24341,
    "index": 57
  },
  {
    "name": "Require(49) node_modules/_egg-mongoose@3.2.0@egg-mongoose/app.js",
    "start": 1569503975141,
    "end": 1569503975141,
    "duration": 0,
    "pid": 24341,
    "index": 58
  },
  {
    "name": "Require(50) node_modules/_egg-jwt@3.1.6@egg-jwt/app.js",
    "start": 1569503975141,
    "end": 1569503975141,
    "duration": 0,
    "pid": 24341,
    "index": 59
  },
  {
    "name": "Require(51) node_modules/_egg-router-group@1.1.0@egg-router-group/app.js",
    "start": 1569503975141,
    "end": 1569503975142,
    "duration": 1,
    "pid": 24341,
    "index": 60
  },
  {
    "name": "Before Start in node_modules/_egg-watcher@3.1.0@egg-watcher/lib/init.js:15:14",
    "start": 1569503975151,
    "end": 1569503975533,
    "duration": 382,
    "pid": 24341,
    "index": 61
  },
  {
    "name": "Before Start in node_modules/_egg-mongoose@3.2.0@egg-mongoose/lib/mongoose.js:91:7",
    "start": 1569503975382,
    "end": 1569503975530,
    "duration": 148,
    "pid": 24341,
    "index": 62
  },
  {
    "name": "Before Start in node_modules/_egg-mongoose@3.2.0@egg-mongoose/lib/mongoose.js:49:9",
    "start": 1569503975382,
    "end": 1569503975503,
    "duration": 121,
    "pid": 24341,
    "index": 63
  },
  {
    "name": "Before Start in node_modules/_egg-core@4.17.3@egg-core/lib/egg.js:303:10",
    "start": 1569503975382,
    "end": 1569503975503,
    "duration": 121,
    "pid": 24341,
    "index": 64
  },
  {
    "name": "Load Service",
    "start": 1569503975382,
    "end": 1569503975411,
    "duration": 29,
    "pid": 24341,
    "index": 65
  },
  {
    "name": "Load \"service\" to Context",
    "start": 1569503975383,
    "end": 1569503975411,
    "duration": 28,
    "pid": 24341,
    "index": 66
  },
  {
    "name": "Load Middleware",
    "start": 1569503975411,
    "end": 1569503975465,
    "duration": 54,
    "pid": 24341,
    "index": 67
  },
  {
    "name": "Load \"middlewares\" to Application",
    "start": 1569503975411,
    "end": 1569503975451,
    "duration": 40,
    "pid": 24341,
    "index": 68
  },
  {
    "name": "Load Controller",
    "start": 1569503975465,
    "end": 1569503975474,
    "duration": 9,
    "pid": 24341,
    "index": 69
  },
  {
    "name": "Load \"controller\" to Application",
    "start": 1569503975465,
    "end": 1569503975474,
    "duration": 9,
    "pid": 24341,
    "index": 70
  },
  {
    "name": "Load Router",
    "start": 1569503975474,
    "end": 1569503975477,
    "duration": 3,
    "pid": 24341,
    "index": 71
  },
  {
    "name": "Require(52) app/router.js",
    "start": 1569503975474,
    "end": 1569503975474,
    "duration": 0,
    "pid": 24341,
    "index": 72
  },
  {
    "name": "Load \"model\" to Application",
    "start": 1569503975488,
    "end": 1569503975501,
    "duration": 13,
    "pid": 24341,
    "index": 73
  }
]