[
  {
    "name": "Application Start",
    "start": 1569504064354,
    "end": 1569504064859,
    "duration": 505,
    "pid": 24381,
    "index": 0
  },
  {
    "name": "Load Plugin",
    "start": 1569504064357,
    "end": 1569504064364,
    "duration": 7,
    "pid": 24381,
    "index": 1
  },
  {
    "name": "Load Config",
    "start": 1569504064365,
    "end": 1569504064382,
    "duration": 17,
    "pid": 24381,
    "index": 2
  },
  {
    "name": "Require(0) config/config.default.js",
    "start": 1569504064365,
    "end": 1569504064365,
    "duration": 0,
    "pid": 24381,
    "index": 3
  },
  {
    "name": "Require(1) node_modules/_egg-session@3.1.0@egg-session/config/config.default.js",
    "start": 1569504064366,
    "end": 1569504064367,
    "duration": 1,
    "pid": 24381,
    "index": 4
  },
  {
    "name": "Require(2) node_modules/_egg-security@2.6.1@egg-security/config/config.default.js",
    "start": 1569504064367,
    "end": 1569504064367,
    "duration": 0,
    "pid": 24381,
    "index": 5
  },
  {
    "name": "Require(3) node_modules/_egg-jsonp@2.0.0@egg-jsonp/config/config.default.js",
    "start": 1569504064368,
    "end": 1569504064370,
    "duration": 2,
    "pid": 24381,
    "index": 6
  },
  {
    "name": "Require(4) node_modules/_egg-onerror@2.1.0@egg-onerror/config/config.default.js",
    "start": 1569504064370,
    "end": 1569504064370,
    "duration": 0,
    "pid": 24381,
    "index": 7
  },
  {
    "name": "Require(5) node_modules/_egg-i18n@2.1.1@egg-i18n/config/config.default.js",
    "start": 1569504064370,
    "end": 1569504064370,
    "duration": 0,
    "pid": 24381,
    "index": 8
  },
  {
    "name": "Require(6) node_modules/_egg-watcher@3.1.0@egg-watcher/config/config.default.js",
    "start": 1569504064370,
    "end": 1569504064371,
    "duration": 1,
    "pid": 24381,
    "index": 9
  },
  {
    "name": "Require(7) node_modules/_egg-schedule@3.6.4@egg-schedule/config/config.default.js",
    "start": 1569504064371,
    "end": 1569504064371,
    "duration": 0,
    "pid": 24381,
    "index": 10
  },
  {
    "name": "Require(8) node_modules/_egg-multipart@2.9.0@egg-multipart/config/config.default.js",
    "start": 1569504064371,
    "end": 1569504064371,
    "duration": 0,
    "pid": 24381,
    "index": 11
  },
  {
    "name": "Require(9) node_modules/_egg-development@2.4.3@egg-development/config/config.default.js",
    "start": 1569504064372,
    "end": 1569504064372,
    "duration": 0,
    "pid": 24381,
    "index": 12
  },
  {
    "name": "Require(10) node_modules/_egg-logrotator@3.1.0@egg-logrotator/config/config.default.js",
    "start": 1569504064372,
    "end": 1569504064372,
    "duration": 0,
    "pid": 24381,
    "index": 13
  },
  {
    "name": "Require(11) node_modules/_egg-static@2.2.0@egg-static/config/config.default.js",
    "start": 1569504064372,
    "end": 1569504064373,
    "duration": 1,
    "pid": 24381,
    "index": 14
  },
  {
    "name": "Require(12) node_modules/_egg-view@2.1.2@egg-view/config/config.default.js",
    "start": 1569504064373,
    "end": 1569504064373,
    "duration": 0,
    "pid": 24381,
    "index": 15
  },
  {
    "name": "Require(13) node_modules/_egg-mongoose@3.2.0@egg-mongoose/config/config.default.js",
    "start": 1569504064374,
    "end": 1569504064374,
    "duration": 0,
    "pid": 24381,
    "index": 16
  },
  {
    "name": "Require(14) node_modules/_egg-jwt@3.1.6@egg-jwt/config/config.default.js",
    "start": 1569504064374,
    "end": 1569504064375,
    "duration": 1,
    "pid": 24381,
    "index": 17
  },
  {
    "name": "Require(15) node_modules/_egg-router-group@1.1.0@egg-router-group/config/config.default.js",
    "start": 1569504064375,
    "end": 1569504064375,
    "duration": 0,
    "pid": 24381,
    "index": 18
  },
  {
    "name": "Require(16) node_modules/_egg@2.23.0@egg/config/config.default.js",
    "start": 1569504064375,
    "end": 1569504064376,
    "duration": 1,
    "pid": 24381,
    "index": 19
  },
  {
    "name": "Require(17) config/config.default.js",
    "start": 1569504064378,
    "end": 1569504064378,
    "duration": 0,
    "pid": 24381,
    "index": 20
  },
  {
    "name": "Require(18) node_modules/_egg-security@2.6.1@egg-security/config/config.local.js",
    "start": 1569504064379,
    "end": 1569504064379,
    "duration": 0,
    "pid": 24381,
    "index": 21
  },
  {
    "name": "Require(19) node_modules/_egg-watcher@3.1.0@egg-watcher/config/config.local.js",
    "start": 1569504064380,
    "end": 1569504064380,
    "duration": 0,
    "pid": 24381,
    "index": 22
  },
  {
    "name": "Require(20) node_modules/_egg-view@2.1.2@egg-view/config/config.local.js",
    "start": 1569504064380,
    "end": 1569504064381,
    "duration": 1,
    "pid": 24381,
    "index": 23
  },
  {
    "name": "Require(21) node_modules/_egg@2.23.0@egg/config/config.local.js",
    "start": 1569504064382,
    "end": 1569504064382,
    "duration": 0,
    "pid": 24381,
    "index": 24
  },
  {
    "name": "Load extend/application.js",
    "start": 1569504064385,
    "end": 1569504064432,
    "duration": 47,
    "pid": 24381,
    "index": 25
  },
  {
    "name": "Require(22) node_modules/_egg-session@3.1.0@egg-session/app/extend/application.js",
    "start": 1569504064386,
    "end": 1569504064388,
    "duration": 2,
    "pid": 24381,
    "index": 26
  },
  {
    "name": "Require(23) node_modules/_egg-security@2.6.1@egg-security/app/extend/application.js",
    "start": 1569504064389,
    "end": 1569504064391,
    "duration": 2,
    "pid": 24381,
    "index": 27
  },
  {
    "name": "Require(24) node_modules/_egg-jsonp@2.0.0@egg-jsonp/app/extend/application.js",
    "start": 1569504064391,
    "end": 1569504064395,
    "duration": 4,
    "pid": 24381,
    "index": 28
  },
  {
    "name": "Require(25) node_modules/_egg-logrotator@3.1.0@egg-logrotator/app/extend/application.js",
    "start": 1569504064396,
    "end": 1569504064397,
    "duration": 1,
    "pid": 24381,
    "index": 29
  },
  {
    "name": "Require(26) node_modules/_egg-view@2.1.2@egg-view/app/extend/application.js",
    "start": 1569504064398,
    "end": 1569504064399,
    "duration": 1,
    "pid": 24381,
    "index": 30
  },
  {
    "name": "Require(27) node_modules/_egg-jwt@3.1.6@egg-jwt/app/extend/application.js",
    "start": 1569504064399,
    "end": 1569504064431,
    "duration": 32,
    "pid": 24381,
    "index": 31
  },
  {
    "name": "Load extend/request.js",
    "start": 1569504064432,
    "end": 1569504064435,
    "duration": 3,
    "pid": 24381,
    "index": 32
  },
  {
    "name": "Require(28) node_modules/_egg@2.23.0@egg/app/extend/request.js",
    "start": 1569504064433,
    "end": 1569504064434,
    "duration": 1,
    "pid": 24381,
    "index": 33
  },
  {
    "name": "Load extend/response.js",
    "start": 1569504064435,
    "end": 1569504064438,
    "duration": 3,
    "pid": 24381,
    "index": 34
  },
  {
    "name": "Require(29) node_modules/_egg@2.23.0@egg/app/extend/response.js",
    "start": 1569504064436,
    "end": 1569504064437,
    "duration": 1,
    "pid": 24381,
    "index": 35
  },
  {
    "name": "Load extend/context.js",
    "start": 1569504064438,
    "end": 1569504064482,
    "duration": 44,
    "pid": 24381,
    "index": 36
  },
  {
    "name": "Require(30) node_modules/_egg-security@2.6.1@egg-security/app/extend/context.js",
    "start": 1569504064438,
    "end": 1569504064443,
    "duration": 5,
    "pid": 24381,
    "index": 37
  },
  {
    "name": "Require(31) node_modules/_egg-jsonp@2.0.0@egg-jsonp/app/extend/context.js",
    "start": 1569504064443,
    "end": 1569504064444,
    "duration": 1,
    "pid": 24381,
    "index": 38
  },
  {
    "name": "Require(32) node_modules/_egg-i18n@2.1.1@egg-i18n/app/extend/context.js",
    "start": 1569504064444,
    "end": 1569504064444,
    "duration": 0,
    "pid": 24381,
    "index": 39
  },
  {
    "name": "Require(33) node_modules/_egg-multipart@2.9.0@egg-multipart/app/extend/context.js",
    "start": 1569504064444,
    "end": 1569504064480,
    "duration": 36,
    "pid": 24381,
    "index": 40
  },
  {
    "name": "Require(34) node_modules/_egg-view@2.1.2@egg-view/app/extend/context.js",
    "start": 1569504064480,
    "end": 1569504064481,
    "duration": 1,
    "pid": 24381,
    "index": 41
  },
  {
    "name": "Require(35) node_modules/_egg-mongoose@3.2.0@egg-mongoose/app/extend/context.js",
    "start": 1569504064481,
    "end": 1569504064481,
    "duration": 0,
    "pid": 24381,
    "index": 42
  },
  {
    "name": "Require(36) node_modules/_egg@2.23.0@egg/app/extend/context.js",
    "start": 1569504064481,
    "end": 1569504064482,
    "duration": 1,
    "pid": 24381,
    "index": 43
  },
  {
    "name": "Load extend/helper.js",
    "start": 1569504064482,
    "end": 1569504064492,
    "duration": 10,
    "pid": 24381,
    "index": 44
  },
  {
    "name": "Require(37) node_modules/_egg-security@2.6.1@egg-security/app/extend/helper.js",
    "start": 1569504064482,
    "end": 1569504064490,
    "duration": 8,
    "pid": 24381,
    "index": 45
  },
  {
    "name": "Require(38) node_modules/_egg@2.23.0@egg/app/extend/helper.js",
    "start": 1569504064491,
    "end": 1569504064491,
    "duration": 0,
    "pid": 24381,
    "index": 46
  },
  {
    "name": "Load app.js",
    "start": 1569504064492,
    "end": 1569504064506,
    "duration": 14,
    "pid": 24381,
    "index": 47
  },
  {
    "name": "Require(39) node_modules/_egg-session@3.1.0@egg-session/app.js",
    "start": 1569504064492,
    "end": 1569504064492,
    "duration": 0,
    "pid": 24381,
    "index": 48
  },
  {
    "name": "Require(40) node_modules/_egg-security@2.6.1@egg-security/app.js",
    "start": 1569504064492,
    "end": 1569504064493,
    "duration": 1,
    "pid": 24381,
    "index": 49
  },
  {
    "name": "Require(41) node_modules/_egg-onerror@2.1.0@egg-onerror/app.js",
    "start": 1569504064493,
    "end": 1569504064497,
    "duration": 4,
    "pid": 24381,
    "index": 50
  },
  {
    "name": "Require(42) node_modules/_egg-i18n@2.1.1@egg-i18n/app.js",
    "start": 1569504064497,
    "end": 1569504064500,
    "duration": 3,
    "pid": 24381,
    "index": 51
  },
  {
    "name": "Require(43) node_modules/_egg-watcher@3.1.0@egg-watcher/app.js",
    "start": 1569504064500,
    "end": 1569504064501,
    "duration": 1,
    "pid": 24381,
    "index": 52
  },
  {
    "name": "Require(44) node_modules/_egg-schedule@3.6.4@egg-schedule/app.js",
    "start": 1569504064502,
    "end": 1569504064503,
    "duration": 1,
    "pid": 24381,
    "index": 53
  },
  {
    "name": "Require(45) node_modules/_egg-multipart@2.9.0@egg-multipart/app.js",
    "start": 1569504064503,
    "end": 1569504064504,
    "duration": 1,
    "pid": 24381,
    "index": 54
  },
  {
    "name": "Require(46) node_modules/_egg-development@2.4.3@egg-development/app.js",
    "start": 1569504064504,
    "end": 1569504064504,
    "duration": 0,
    "pid": 24381,
    "index": 55
  },
  {
    "name": "Require(47) node_modules/_egg-logrotator@3.1.0@egg-logrotator/app.js",
    "start": 1569504064504,
    "end": 1569504064504,
    "duration": 0,
    "pid": 24381,
    "index": 56
  },
  {
    "name": "Require(48) node_modules/_egg-static@2.2.0@egg-static/app.js",
    "start": 1569504064505,
    "end": 1569504064505,
    "duration": 0,
    "pid": 24381,
    "index": 57
  },
  {
    "name": "Require(49) node_modules/_egg-mongoose@3.2.0@egg-mongoose/app.js",
    "start": 1569504064505,
    "end": 1569504064505,
    "duration": 0,
    "pid": 24381,
    "index": 58
  },
  {
    "name": "Require(50) node_modules/_egg-jwt@3.1.6@egg-jwt/app.js",
    "start": 1569504064505,
    "end": 1569504064505,
    "duration": 0,
    "pid": 24381,
    "index": 59
  },
  {
    "name": "Require(51) node_modules/_egg-router-group@1.1.0@egg-router-group/app.js",
    "start": 1569504064505,
    "end": 1569504064506,
    "duration": 1,
    "pid": 24381,
    "index": 60
  },
  {
    "name": "Before Start in node_modules/_egg-watcher@3.1.0@egg-watcher/lib/init.js:15:14",
    "start": 1569504064515,
    "end": 1569504064854,
    "duration": 339,
    "pid": 24381,
    "index": 61
  },
  {
    "name": "Before Start in node_modules/_egg-mongoose@3.2.0@egg-mongoose/lib/mongoose.js:91:7",
    "start": 1569504064735,
    "end": 1569504064850,
    "duration": 115,
    "pid": 24381,
    "index": 62
  },
  {
    "name": "Before Start in node_modules/_egg-mongoose@3.2.0@egg-mongoose/lib/mongoose.js:49:9",
    "start": 1569504064735,
    "end": 1569504064827,
    "duration": 92,
    "pid": 24381,
    "index": 63
  },
  {
    "name": "Before Start in node_modules/_egg-core@4.17.3@egg-core/lib/egg.js:303:10",
    "start": 1569504064735,
    "end": 1569504064827,
    "duration": 92,
    "pid": 24381,
    "index": 64
  },
  {
    "name": "Load Service",
    "start": 1569504064735,
    "end": 1569504064762,
    "duration": 27,
    "pid": 24381,
    "index": 65
  },
  {
    "name": "Load \"service\" to Context",
    "start": 1569504064736,
    "end": 1569504064762,
    "duration": 26,
    "pid": 24381,
    "index": 66
  },
  {
    "name": "Load Middleware",
    "start": 1569504064762,
    "end": 1569504064799,
    "duration": 37,
    "pid": 24381,
    "index": 67
  },
  {
    "name": "Load \"middlewares\" to Application",
    "start": 1569504064762,
    "end": 1569504064794,
    "duration": 32,
    "pid": 24381,
    "index": 68
  },
  {
    "name": "Load Controller",
    "start": 1569504064799,
    "end": 1569504064805,
    "duration": 6,
    "pid": 24381,
    "index": 69
  },
  {
    "name": "Load \"controller\" to Application",
    "start": 1569504064799,
    "end": 1569504064805,
    "duration": 6,
    "pid": 24381,
    "index": 70
  },
  {
    "name": "Load Router",
    "start": 1569504064805,
    "end": 1569504064807,
    "duration": 2,
    "pid": 24381,
    "index": 71
  },
  {
    "name": "Require(52) app/router.js",
    "start": 1569504064805,
    "end": 1569504064806,
    "duration": 1,
    "pid": 24381,
    "index": 72
  },
  {
    "name": "Load \"model\" to Application",
    "start": 1569504064815,
    "end": 1569504064827,
    "duration": 12,
    "pid": 24381,
    "index": 73
  }
]