[
  {
    "name": "Application Start",
    "start": 1569503888812,
    "end": 1569503889343,
    "duration": 531,
    "pid": 24303,
    "index": 0
  },
  {
    "name": "Load Plugin",
    "start": 1569503888816,
    "end": 1569503888829,
    "duration": 13,
    "pid": 24303,
    "index": 1
  },
  {
    "name": "Load Config",
    "start": 1569503888829,
    "end": 1569503888846,
    "duration": 17,
    "pid": 24303,
    "index": 2
  },
  {
    "name": "Require(0) config/config.default.js",
    "start": 1569503888830,
    "end": 1569503888830,
    "duration": 0,
    "pid": 24303,
    "index": 3
  },
  {
    "name": "Require(1) node_modules/_egg-session@3.1.0@egg-session/config/config.default.js",
    "start": 1569503888832,
    "end": 1569503888832,
    "duration": 0,
    "pid": 24303,
    "index": 4
  },
  {
    "name": "Require(2) node_modules/_egg-security@2.6.1@egg-security/config/config.default.js",
    "start": 1569503888832,
    "end": 1569503888832,
    "duration": 0,
    "pid": 24303,
    "index": 5
  },
  {
    "name": "Require(3) node_modules/_egg-jsonp@2.0.0@egg-jsonp/config/config.default.js",
    "start": 1569503888834,
    "end": 1569503888836,
    "duration": 2,
    "pid": 24303,
    "index": 6
  },
  {
    "name": "Require(4) node_modules/_egg-onerror@2.1.0@egg-onerror/config/config.default.js",
    "start": 1569503888837,
    "end": 1569503888837,
    "duration": 0,
    "pid": 24303,
    "index": 7
  },
  {
    "name": "Require(5) node_modules/_egg-i18n@2.1.1@egg-i18n/config/config.default.js",
    "start": 1569503888837,
    "end": 1569503888837,
    "duration": 0,
    "pid": 24303,
    "index": 8
  },
  {
    "name": "Require(6) node_modules/_egg-watcher@3.1.0@egg-watcher/config/config.default.js",
    "start": 1569503888838,
    "end": 1569503888838,
    "duration": 0,
    "pid": 24303,
    "index": 9
  },
  {
    "name": "Require(7) node_modules/_egg-schedule@3.6.4@egg-schedule/config/config.default.js",
    "start": 1569503888838,
    "end": 1569503888838,
    "duration": 0,
    "pid": 24303,
    "index": 10
  },
  {
    "name": "Require(8) node_modules/_egg-multipart@2.9.0@egg-multipart/config/config.default.js",
    "start": 1569503888839,
    "end": 1569503888839,
    "duration": 0,
    "pid": 24303,
    "index": 11
  },
  {
    "name": "Require(9) node_modules/_egg-development@2.4.3@egg-development/config/config.default.js",
    "start": 1569503888839,
    "end": 1569503888840,
    "duration": 1,
    "pid": 24303,
    "index": 12
  },
  {
    "name": "Require(10) node_modules/_egg-logrotator@3.1.0@egg-logrotator/config/config.default.js",
    "start": 1569503888840,
    "end": 1569503888840,
    "duration": 0,
    "pid": 24303,
    "index": 13
  },
  {
    "name": "Require(11) node_modules/_egg-static@2.2.0@egg-static/config/config.default.js",
    "start": 1569503888840,
    "end": 1569503888840,
    "duration": 0,
    "pid": 24303,
    "index": 14
  },
  {
    "name": "Require(12) node_modules/_egg-view@2.1.2@egg-view/config/config.default.js",
    "start": 1569503888841,
    "end": 1569503888841,
    "duration": 0,
    "pid": 24303,
    "index": 15
  },
  {
    "name": "Require(13) node_modules/_egg-mongoose@3.2.0@egg-mongoose/config/config.default.js",
    "start": 1569503888841,
    "end": 1569503888841,
    "duration": 0,
    "pid": 24303,
    "index": 16
  },
  {
    "name": "Require(14) node_modules/_egg-jwt@3.1.6@egg-jwt/config/config.default.js",
    "start": 1569503888841,
    "end": 1569503888842,
    "duration": 1,
    "pid": 24303,
    "index": 17
  },
  {
    "name": "Require(15) node_modules/_egg-router-group@1.1.0@egg-router-group/config/config.default.js",
    "start": 1569503888842,
    "end": 1569503888842,
    "duration": 0,
    "pid": 24303,
    "index": 18
  },
  {
    "name": "Require(16) node_modules/_egg@2.23.0@egg/config/config.default.js",
    "start": 1569503888842,
    "end": 1569503888843,
    "duration": 1,
    "pid": 24303,
    "index": 19
  },
  {
    "name": "Require(17) config/config.default.js",
    "start": 1569503888844,
    "end": 1569503888844,
    "duration": 0,
    "pid": 24303,
    "index": 20
  },
  {
    "name": "Require(18) node_modules/_egg-security@2.6.1@egg-security/config/config.local.js",
    "start": 1569503888844,
    "end": 1569503888844,
    "duration": 0,
    "pid": 24303,
    "index": 21
  },
  {
    "name": "Require(19) node_modules/_egg-watcher@3.1.0@egg-watcher/config/config.local.js",
    "start": 1569503888845,
    "end": 1569503888845,
    "duration": 0,
    "pid": 24303,
    "index": 22
  },
  {
    "name": "Require(20) node_modules/_egg-view@2.1.2@egg-view/config/config.local.js",
    "start": 1569503888845,
    "end": 1569503888845,
    "duration": 0,
    "pid": 24303,
    "index": 23
  },
  {
    "name": "Require(21) node_modules/_egg@2.23.0@egg/config/config.local.js",
    "start": 1569503888846,
    "end": 1569503888846,
    "duration": 0,
    "pid": 24303,
    "index": 24
  },
  {
    "name": "Load extend/application.js",
    "start": 1569503888847,
    "end": 1569503888896,
    "duration": 49,
    "pid": 24303,
    "index": 25
  },
  {
    "name": "Require(22) node_modules/_egg-session@3.1.0@egg-session/app/extend/application.js",
    "start": 1569503888848,
    "end": 1569503888848,
    "duration": 0,
    "pid": 24303,
    "index": 26
  },
  {
    "name": "Require(23) node_modules/_egg-security@2.6.1@egg-security/app/extend/application.js",
    "start": 1569503888848,
    "end": 1569503888849,
    "duration": 1,
    "pid": 24303,
    "index": 27
  },
  {
    "name": "Require(24) node_modules/_egg-jsonp@2.0.0@egg-jsonp/app/extend/application.js",
    "start": 1569503888849,
    "end": 1569503888851,
    "duration": 2,
    "pid": 24303,
    "index": 28
  },
  {
    "name": "Require(25) node_modules/_egg-logrotator@3.1.0@egg-logrotator/app/extend/application.js",
    "start": 1569503888851,
    "end": 1569503888852,
    "duration": 1,
    "pid": 24303,
    "index": 29
  },
  {
    "name": "Require(26) node_modules/_egg-view@2.1.2@egg-view/app/extend/application.js",
    "start": 1569503888852,
    "end": 1569503888853,
    "duration": 1,
    "pid": 24303,
    "index": 30
  },
  {
    "name": "Require(27) node_modules/_egg-jwt@3.1.6@egg-jwt/app/extend/application.js",
    "start": 1569503888853,
    "end": 1569503888895,
    "duration": 42,
    "pid": 24303,
    "index": 31
  },
  {
    "name": "Load extend/request.js",
    "start": 1569503888896,
    "end": 1569503888898,
    "duration": 2,
    "pid": 24303,
    "index": 32
  },
  {
    "name": "Require(28) node_modules/_egg@2.23.0@egg/app/extend/request.js",
    "start": 1569503888897,
    "end": 1569503888898,
    "duration": 1,
    "pid": 24303,
    "index": 33
  },
  {
    "name": "Load extend/response.js",
    "start": 1569503888898,
    "end": 1569503888901,
    "duration": 3,
    "pid": 24303,
    "index": 34
  },
  {
    "name": "Require(29) node_modules/_egg@2.23.0@egg/app/extend/response.js",
    "start": 1569503888899,
    "end": 1569503888900,
    "duration": 1,
    "pid": 24303,
    "index": 35
  },
  {
    "name": "Load extend/context.js",
    "start": 1569503888901,
    "end": 1569503888949,
    "duration": 48,
    "pid": 24303,
    "index": 36
  },
  {
    "name": "Require(30) node_modules/_egg-security@2.6.1@egg-security/app/extend/context.js",
    "start": 1569503888901,
    "end": 1569503888908,
    "duration": 7,
    "pid": 24303,
    "index": 37
  },
  {
    "name": "Require(31) node_modules/_egg-jsonp@2.0.0@egg-jsonp/app/extend/context.js",
    "start": 1569503888908,
    "end": 1569503888909,
    "duration": 1,
    "pid": 24303,
    "index": 38
  },
  {
    "name": "Require(32) node_modules/_egg-i18n@2.1.1@egg-i18n/app/extend/context.js",
    "start": 1569503888909,
    "end": 1569503888909,
    "duration": 0,
    "pid": 24303,
    "index": 39
  },
  {
    "name": "Require(33) node_modules/_egg-multipart@2.9.0@egg-multipart/app/extend/context.js",
    "start": 1569503888909,
    "end": 1569503888947,
    "duration": 38,
    "pid": 24303,
    "index": 40
  },
  {
    "name": "Require(34) node_modules/_egg-view@2.1.2@egg-view/app/extend/context.js",
    "start": 1569503888947,
    "end": 1569503888948,
    "duration": 1,
    "pid": 24303,
    "index": 41
  },
  {
    "name": "Require(35) node_modules/_egg-mongoose@3.2.0@egg-mongoose/app/extend/context.js",
    "start": 1569503888948,
    "end": 1569503888948,
    "duration": 0,
    "pid": 24303,
    "index": 42
  },
  {
    "name": "Require(36) node_modules/_egg@2.23.0@egg/app/extend/context.js",
    "start": 1569503888948,
    "end": 1569503888949,
    "duration": 1,
    "pid": 24303,
    "index": 43
  },
  {
    "name": "Load extend/helper.js",
    "start": 1569503888950,
    "end": 1569503888966,
    "duration": 16,
    "pid": 24303,
    "index": 44
  },
  {
    "name": "Require(37) node_modules/_egg-security@2.6.1@egg-security/app/extend/helper.js",
    "start": 1569503888950,
    "end": 1569503888965,
    "duration": 15,
    "pid": 24303,
    "index": 45
  },
  {
    "name": "Require(38) node_modules/_egg@2.23.0@egg/app/extend/helper.js",
    "start": 1569503888965,
    "end": 1569503888965,
    "duration": 0,
    "pid": 24303,
    "index": 46
  },
  {
    "name": "Load app.js",
    "start": 1569503888966,
    "end": 1569503888983,
    "duration": 17,
    "pid": 24303,
    "index": 47
  },
  {
    "name": "Require(39) node_modules/_egg-session@3.1.0@egg-session/app.js",
    "start": 1569503888967,
    "end": 1569503888967,
    "duration": 0,
    "pid": 24303,
    "index": 48
  },
  {
    "name": "Require(40) node_modules/_egg-security@2.6.1@egg-security/app.js",
    "start": 1569503888967,
    "end": 1569503888968,
    "duration": 1,
    "pid": 24303,
    "index": 49
  },
  {
    "name": "Require(41) node_modules/_egg-onerror@2.1.0@egg-onerror/app.js",
    "start": 1569503888968,
    "end": 1569503888973,
    "duration": 5,
    "pid": 24303,
    "index": 50
  },
  {
    "name": "Require(42) node_modules/_egg-i18n@2.1.1@egg-i18n/app.js",
    "start": 1569503888973,
    "end": 1569503888977,
    "duration": 4,
    "pid": 24303,
    "index": 51
  },
  {
    "name": "Require(43) node_modules/_egg-watcher@3.1.0@egg-watcher/app.js",
    "start": 1569503888977,
    "end": 1569503888978,
    "duration": 1,
    "pid": 24303,
    "index": 52
  },
  {
    "name": "Require(44) node_modules/_egg-schedule@3.6.4@egg-schedule/app.js",
    "start": 1569503888978,
    "end": 1569503888979,
    "duration": 1,
    "pid": 24303,
    "index": 53
  },
  {
    "name": "Require(45) node_modules/_egg-multipart@2.9.0@egg-multipart/app.js",
    "start": 1569503888979,
    "end": 1569503888980,
    "duration": 1,
    "pid": 24303,
    "index": 54
  },
  {
    "name": "Require(46) node_modules/_egg-development@2.4.3@egg-development/app.js",
    "start": 1569503888980,
    "end": 1569503888981,
    "duration": 1,
    "pid": 24303,
    "index": 55
  },
  {
    "name": "Require(47) node_modules/_egg-logrotator@3.1.0@egg-logrotator/app.js",
    "start": 1569503888981,
    "end": 1569503888981,
    "duration": 0,
    "pid": 24303,
    "index": 56
  },
  {
    "name": "Require(48) node_modules/_egg-static@2.2.0@egg-static/app.js",
    "start": 1569503888981,
    "end": 1569503888981,
    "duration": 0,
    "pid": 24303,
    "index": 57
  },
  {
    "name": "Require(49) node_modules/_egg-mongoose@3.2.0@egg-mongoose/app.js",
    "start": 1569503888981,
    "end": 1569503888981,
    "duration": 0,
    "pid": 24303,
    "index": 58
  },
  {
    "name": "Require(50) node_modules/_egg-jwt@3.1.6@egg-jwt/app.js",
    "start": 1569503888981,
    "end": 1569503888981,
    "duration": 0,
    "pid": 24303,
    "index": 59
  },
  {
    "name": "Require(51) node_modules/_egg-router-group@1.1.0@egg-router-group/app.js",
    "start": 1569503888982,
    "end": 1569503888982,
    "duration": 0,
    "pid": 24303,
    "index": 60
  },
  {
    "name": "Before Start in node_modules/_egg-watcher@3.1.0@egg-watcher/lib/init.js:15:14",
    "start": 1569503888994,
    "end": 1569503889338,
    "duration": 344,
    "pid": 24303,
    "index": 61
  },
  {
    "name": "Before Start in node_modules/_egg-mongoose@3.2.0@egg-mongoose/lib/mongoose.js:91:7",
    "start": 1569503889212,
    "end": 1569503889335,
    "duration": 123,
    "pid": 24303,
    "index": 62
  },
  {
    "name": "Before Start in node_modules/_egg-mongoose@3.2.0@egg-mongoose/lib/mongoose.js:49:9",
    "start": 1569503889213,
    "end": 1569503889311,
    "duration": 98,
    "pid": 24303,
    "index": 63
  },
  {
    "name": "Before Start in node_modules/_egg-core@4.17.3@egg-core/lib/egg.js:303:10",
    "start": 1569503889213,
    "end": 1569503889311,
    "duration": 98,
    "pid": 24303,
    "index": 64
  },
  {
    "name": "Load Service",
    "start": 1569503889213,
    "end": 1569503889240,
    "duration": 27,
    "pid": 24303,
    "index": 65
  },
  {
    "name": "Load \"service\" to Context",
    "start": 1569503889213,
    "end": 1569503889240,
    "duration": 27,
    "pid": 24303,
    "index": 66
  },
  {
    "name": "Load Middleware",
    "start": 1569503889240,
    "end": 1569503889281,
    "duration": 41,
    "pid": 24303,
    "index": 67
  },
  {
    "name": "Load \"middlewares\" to Application",
    "start": 1569503889240,
    "end": 1569503889276,
    "duration": 36,
    "pid": 24303,
    "index": 68
  },
  {
    "name": "Load Controller",
    "start": 1569503889281,
    "end": 1569503889288,
    "duration": 7,
    "pid": 24303,
    "index": 69
  },
  {
    "name": "Load \"controller\" to Application",
    "start": 1569503889281,
    "end": 1569503889288,
    "duration": 7,
    "pid": 24303,
    "index": 70
  },
  {
    "name": "Load Router",
    "start": 1569503889288,
    "end": 1569503889290,
    "duration": 2,
    "pid": 24303,
    "index": 71
  },
  {
    "name": "Require(52) app/router.js",
    "start": 1569503889288,
    "end": 1569503889288,
    "duration": 0,
    "pid": 24303,
    "index": 72
  },
  {
    "name": "Load \"model\" to Application",
    "start": 1569503889298,
    "end": 1569503889310,
    "duration": 12,
    "pid": 24303,
    "index": 73
  }
]