[
  {
    "name": "Application Start",
    "start": 1569505577949,
    "end": 1569505578417,
    "duration": 468,
    "pid": 24988,
    "index": 0
  },
  {
    "name": "Load Plugin",
    "start": 1569505577952,
    "end": 1569505577960,
    "duration": 8,
    "pid": 24988,
    "index": 1
  },
  {
    "name": "Load Config",
    "start": 1569505577960,
    "end": 1569505577973,
    "duration": 13,
    "pid": 24988,
    "index": 2
  },
  {
    "name": "Require(0) config/config.default.js",
    "start": 1569505577960,
    "end": 1569505577961,
    "duration": 1,
    "pid": 24988,
    "index": 3
  },
  {
    "name": "Require(1) node_modules/_egg-session@3.1.0@egg-session/config/config.default.js",
    "start": 1569505577962,
    "end": 1569505577962,
    "duration": 0,
    "pid": 24988,
    "index": 4
  },
  {
    "name": "Require(2) node_modules/_egg-security@2.6.1@egg-security/config/config.default.js",
    "start": 1569505577962,
    "end": 1569505577962,
    "duration": 0,
    "pid": 24988,
    "index": 5
  },
  {
    "name": "Require(3) node_modules/_egg-jsonp@2.0.0@egg-jsonp/config/config.default.js",
    "start": 1569505577963,
    "end": 1569505577965,
    "duration": 2,
    "pid": 24988,
    "index": 6
  },
  {
    "name": "Require(4) node_modules/_egg-onerror@2.1.0@egg-onerror/config/config.default.js",
    "start": 1569505577965,
    "end": 1569505577965,
    "duration": 0,
    "pid": 24988,
    "index": 7
  },
  {
    "name": "Require(5) node_modules/_egg-i18n@2.1.1@egg-i18n/config/config.default.js",
    "start": 1569505577965,
    "end": 1569505577966,
    "duration": 1,
    "pid": 24988,
    "index": 8
  },
  {
    "name": "Require(6) node_modules/_egg-watcher@3.1.0@egg-watcher/config/config.default.js",
    "start": 1569505577966,
    "end": 1569505577966,
    "duration": 0,
    "pid": 24988,
    "index": 9
  },
  {
    "name": "Require(7) node_modules/_egg-schedule@3.6.4@egg-schedule/config/config.default.js",
    "start": 1569505577966,
    "end": 1569505577966,
    "duration": 0,
    "pid": 24988,
    "index": 10
  },
  {
    "name": "Require(8) node_modules/_egg-multipart@2.9.0@egg-multipart/config/config.default.js",
    "start": 1569505577966,
    "end": 1569505577967,
    "duration": 1,
    "pid": 24988,
    "index": 11
  },
  {
    "name": "Require(9) node_modules/_egg-development@2.4.3@egg-development/config/config.default.js",
    "start": 1569505577967,
    "end": 1569505577967,
    "duration": 0,
    "pid": 24988,
    "index": 12
  },
  {
    "name": "Require(10) node_modules/_egg-logrotator@3.1.0@egg-logrotator/config/config.default.js",
    "start": 1569505577967,
    "end": 1569505577967,
    "duration": 0,
    "pid": 24988,
    "index": 13
  },
  {
    "name": "Require(11) node_modules/_egg-static@2.2.0@egg-static/config/config.default.js",
    "start": 1569505577968,
    "end": 1569505577968,
    "duration": 0,
    "pid": 24988,
    "index": 14
  },
  {
    "name": "Require(12) node_modules/_egg-view@2.1.2@egg-view/config/config.default.js",
    "start": 1569505577968,
    "end": 1569505577968,
    "duration": 0,
    "pid": 24988,
    "index": 15
  },
  {
    "name": "Require(13) node_modules/_egg-mongoose@3.2.0@egg-mongoose/config/config.default.js",
    "start": 1569505577968,
    "end": 1569505577969,
    "duration": 1,
    "pid": 24988,
    "index": 16
  },
  {
    "name": "Require(14) node_modules/_egg-jwt@3.1.6@egg-jwt/config/config.default.js",
    "start": 1569505577969,
    "end": 1569505577969,
    "duration": 0,
    "pid": 24988,
    "index": 17
  },
  {
    "name": "Require(15) node_modules/_egg-router-group@1.1.0@egg-router-group/config/config.default.js",
    "start": 1569505577969,
    "end": 1569505577969,
    "duration": 0,
    "pid": 24988,
    "index": 18
  },
  {
    "name": "Require(16) node_modules/_egg@2.23.0@egg/config/config.default.js",
    "start": 1569505577969,
    "end": 1569505577970,
    "duration": 1,
    "pid": 24988,
    "index": 19
  },
  {
    "name": "Require(17) config/config.default.js",
    "start": 1569505577971,
    "end": 1569505577971,
    "duration": 0,
    "pid": 24988,
    "index": 20
  },
  {
    "name": "Require(18) node_modules/_egg-security@2.6.1@egg-security/config/config.local.js",
    "start": 1569505577971,
    "end": 1569505577971,
    "duration": 0,
    "pid": 24988,
    "index": 21
  },
  {
    "name": "Require(19) node_modules/_egg-watcher@3.1.0@egg-watcher/config/config.local.js",
    "start": 1569505577972,
    "end": 1569505577972,
    "duration": 0,
    "pid": 24988,
    "index": 22
  },
  {
    "name": "Require(20) node_modules/_egg-view@2.1.2@egg-view/config/config.local.js",
    "start": 1569505577972,
    "end": 1569505577972,
    "duration": 0,
    "pid": 24988,
    "index": 23
  },
  {
    "name": "Require(21) node_modules/_egg@2.23.0@egg/config/config.local.js",
    "start": 1569505577972,
    "end": 1569505577972,
    "duration": 0,
    "pid": 24988,
    "index": 24
  },
  {
    "name": "Load extend/application.js",
    "start": 1569505577974,
    "end": 1569505578003,
    "duration": 29,
    "pid": 24988,
    "index": 25
  },
  {
    "name": "Require(22) node_modules/_egg-session@3.1.0@egg-session/app/extend/application.js",
    "start": 1569505577974,
    "end": 1569505577975,
    "duration": 1,
    "pid": 24988,
    "index": 26
  },
  {
    "name": "Require(23) node_modules/_egg-security@2.6.1@egg-security/app/extend/application.js",
    "start": 1569505577975,
    "end": 1569505577975,
    "duration": 0,
    "pid": 24988,
    "index": 27
  },
  {
    "name": "Require(24) node_modules/_egg-jsonp@2.0.0@egg-jsonp/app/extend/application.js",
    "start": 1569505577975,
    "end": 1569505577976,
    "duration": 1,
    "pid": 24988,
    "index": 28
  },
  {
    "name": "Require(25) node_modules/_egg-logrotator@3.1.0@egg-logrotator/app/extend/application.js",
    "start": 1569505577976,
    "end": 1569505577977,
    "duration": 1,
    "pid": 24988,
    "index": 29
  },
  {
    "name": "Require(26) node_modules/_egg-view@2.1.2@egg-view/app/extend/application.js",
    "start": 1569505577977,
    "end": 1569505577978,
    "duration": 1,
    "pid": 24988,
    "index": 30
  },
  {
    "name": "Require(27) node_modules/_egg-jwt@3.1.6@egg-jwt/app/extend/application.js",
    "start": 1569505577978,
    "end": 1569505578002,
    "duration": 24,
    "pid": 24988,
    "index": 31
  },
  {
    "name": "Load extend/request.js",
    "start": 1569505578003,
    "end": 1569505578005,
    "duration": 2,
    "pid": 24988,
    "index": 32
  },
  {
    "name": "Require(28) node_modules/_egg@2.23.0@egg/app/extend/request.js",
    "start": 1569505578004,
    "end": 1569505578004,
    "duration": 0,
    "pid": 24988,
    "index": 33
  },
  {
    "name": "Load extend/response.js",
    "start": 1569505578005,
    "end": 1569505578006,
    "duration": 1,
    "pid": 24988,
    "index": 34
  },
  {
    "name": "Require(29) node_modules/_egg@2.23.0@egg/app/extend/response.js",
    "start": 1569505578005,
    "end": 1569505578006,
    "duration": 1,
    "pid": 24988,
    "index": 35
  },
  {
    "name": "Load extend/context.js",
    "start": 1569505578006,
    "end": 1569505578046,
    "duration": 40,
    "pid": 24988,
    "index": 36
  },
  {
    "name": "Require(30) node_modules/_egg-security@2.6.1@egg-security/app/extend/context.js",
    "start": 1569505578006,
    "end": 1569505578011,
    "duration": 5,
    "pid": 24988,
    "index": 37
  },
  {
    "name": "Require(31) node_modules/_egg-jsonp@2.0.0@egg-jsonp/app/extend/context.js",
    "start": 1569505578011,
    "end": 1569505578012,
    "duration": 1,
    "pid": 24988,
    "index": 38
  },
  {
    "name": "Require(32) node_modules/_egg-i18n@2.1.1@egg-i18n/app/extend/context.js",
    "start": 1569505578012,
    "end": 1569505578012,
    "duration": 0,
    "pid": 24988,
    "index": 39
  },
  {
    "name": "Require(33) node_modules/_egg-multipart@2.9.0@egg-multipart/app/extend/context.js",
    "start": 1569505578012,
    "end": 1569505578043,
    "duration": 31,
    "pid": 24988,
    "index": 40
  },
  {
    "name": "Require(34) node_modules/_egg-view@2.1.2@egg-view/app/extend/context.js",
    "start": 1569505578043,
    "end": 1569505578044,
    "duration": 1,
    "pid": 24988,
    "index": 41
  },
  {
    "name": "Require(35) node_modules/_egg-mongoose@3.2.0@egg-mongoose/app/extend/context.js",
    "start": 1569505578044,
    "end": 1569505578044,
    "duration": 0,
    "pid": 24988,
    "index": 42
  },
  {
    "name": "Require(36) node_modules/_egg@2.23.0@egg/app/extend/context.js",
    "start": 1569505578044,
    "end": 1569505578045,
    "duration": 1,
    "pid": 24988,
    "index": 43
  },
  {
    "name": "Load extend/helper.js",
    "start": 1569505578046,
    "end": 1569505578055,
    "duration": 9,
    "pid": 24988,
    "index": 44
  },
  {
    "name": "Require(37) node_modules/_egg-security@2.6.1@egg-security/app/extend/helper.js",
    "start": 1569505578046,
    "end": 1569505578054,
    "duration": 8,
    "pid": 24988,
    "index": 45
  },
  {
    "name": "Require(38) node_modules/_egg@2.23.0@egg/app/extend/helper.js",
    "start": 1569505578054,
    "end": 1569505578054,
    "duration": 0,
    "pid": 24988,
    "index": 46
  },
  {
    "name": "Load app.js",
    "start": 1569505578055,
    "end": 1569505578070,
    "duration": 15,
    "pid": 24988,
    "index": 47
  },
  {
    "name": "Require(39) node_modules/_egg-session@3.1.0@egg-session/app.js",
    "start": 1569505578055,
    "end": 1569505578056,
    "duration": 1,
    "pid": 24988,
    "index": 48
  },
  {
    "name": "Require(40) node_modules/_egg-security@2.6.1@egg-security/app.js",
    "start": 1569505578056,
    "end": 1569505578058,
    "duration": 2,
    "pid": 24988,
    "index": 49
  },
  {
    "name": "Require(41) node_modules/_egg-onerror@2.1.0@egg-onerror/app.js",
    "start": 1569505578058,
    "end": 1569505578062,
    "duration": 4,
    "pid": 24988,
    "index": 50
  },
  {
    "name": "Require(42) node_modules/_egg-i18n@2.1.1@egg-i18n/app.js",
    "start": 1569505578062,
    "end": 1569505578065,
    "duration": 3,
    "pid": 24988,
    "index": 51
  },
  {
    "name": "Require(43) node_modules/_egg-watcher@3.1.0@egg-watcher/app.js",
    "start": 1569505578065,
    "end": 1569505578066,
    "duration": 1,
    "pid": 24988,
    "index": 52
  },
  {
    "name": "Require(44) node_modules/_egg-schedule@3.6.4@egg-schedule/app.js",
    "start": 1569505578066,
    "end": 1569505578067,
    "duration": 1,
    "pid": 24988,
    "index": 53
  },
  {
    "name": "Require(45) node_modules/_egg-multipart@2.9.0@egg-multipart/app.js",
    "start": 1569505578067,
    "end": 1569505578068,
    "duration": 1,
    "pid": 24988,
    "index": 54
  },
  {
    "name": "Require(46) node_modules/_egg-development@2.4.3@egg-development/app.js",
    "start": 1569505578068,
    "end": 1569505578068,
    "duration": 0,
    "pid": 24988,
    "index": 55
  },
  {
    "name": "Require(47) node_modules/_egg-logrotator@3.1.0@egg-logrotator/app.js",
    "start": 1569505578069,
    "end": 1569505578069,
    "duration": 0,
    "pid": 24988,
    "index": 56
  },
  {
    "name": "Require(48) node_modules/_egg-static@2.2.0@egg-static/app.js",
    "start": 1569505578069,
    "end": 1569505578069,
    "duration": 0,
    "pid": 24988,
    "index": 57
  },
  {
    "name": "Require(49) node_modules/_egg-mongoose@3.2.0@egg-mongoose/app.js",
    "start": 1569505578069,
    "end": 1569505578069,
    "duration": 0,
    "pid": 24988,
    "index": 58
  },
  {
    "name": "Require(50) node_modules/_egg-jwt@3.1.6@egg-jwt/app.js",
    "start": 1569505578069,
    "end": 1569505578069,
    "duration": 0,
    "pid": 24988,
    "index": 59
  },
  {
    "name": "Require(51) node_modules/_egg-router-group@1.1.0@egg-router-group/app.js",
    "start": 1569505578069,
    "end": 1569505578070,
    "duration": 1,
    "pid": 24988,
    "index": 60
  },
  {
    "name": "Before Start in node_modules/_egg-watcher@3.1.0@egg-watcher/lib/init.js:15:14",
    "start": 1569505578079,
    "end": 1569505578417,
    "duration": 338,
    "pid": 24988,
    "index": 61
  },
  {
    "name": "Before Start in node_modules/_egg-mongoose@3.2.0@egg-mongoose/lib/mongoose.js:91:7",
    "start": 1569505578297,
    "end": 1569505578414,
    "duration": 117,
    "pid": 24988,
    "index": 62
  },
  {
    "name": "Before Start in node_modules/_egg-mongoose@3.2.0@egg-mongoose/lib/mongoose.js:49:9",
    "start": 1569505578298,
    "end": 1569505578396,
    "duration": 98,
    "pid": 24988,
    "index": 63
  },
  {
    "name": "Before Start in node_modules/_egg-core@4.17.3@egg-core/lib/egg.js:303:10",
    "start": 1569505578298,
    "end": 1569505578396,
    "duration": 98,
    "pid": 24988,
    "index": 64
  },
  {
    "name": "Load Service",
    "start": 1569505578298,
    "end": 1569505578327,
    "duration": 29,
    "pid": 24988,
    "index": 65
  },
  {
    "name": "Load \"service\" to Context",
    "start": 1569505578298,
    "end": 1569505578327,
    "duration": 29,
    "pid": 24988,
    "index": 66
  },
  {
    "name": "Load Middleware",
    "start": 1569505578327,
    "end": 1569505578363,
    "duration": 36,
    "pid": 24988,
    "index": 67
  },
  {
    "name": "Load \"middlewares\" to Application",
    "start": 1569505578328,
    "end": 1569505578358,
    "duration": 30,
    "pid": 24988,
    "index": 68
  },
  {
    "name": "Load Controller",
    "start": 1569505578363,
    "end": 1569505578370,
    "duration": 7,
    "pid": 24988,
    "index": 69
  },
  {
    "name": "Load \"controller\" to Application",
    "start": 1569505578363,
    "end": 1569505578370,
    "duration": 7,
    "pid": 24988,
    "index": 70
  },
  {
    "name": "Load Router",
    "start": 1569505578370,
    "end": 1569505578372,
    "duration": 2,
    "pid": 24988,
    "index": 71
  },
  {
    "name": "Require(52) app/router.js",
    "start": 1569505578370,
    "end": 1569505578370,
    "duration": 0,
    "pid": 24988,
    "index": 72
  },
  {
    "name": "Load \"model\" to Application",
    "start": 1569505578380,
    "end": 1569505578395,
    "duration": 15,
    "pid": 24988,
    "index": 73
  }
]