[
  {
    "name": "Application Start",
    "start": 1569503081306,
    "end": 1569503081918,
    "duration": 612,
    "pid": 23915,
    "index": 0
  },
  {
    "name": "Load Plugin",
    "start": 1569503081312,
    "end": 1569503081325,
    "duration": 13,
    "pid": 23915,
    "index": 1
  },
  {
    "name": "Load Config",
    "start": 1569503081326,
    "end": 1569503081340,
    "duration": 14,
    "pid": 23915,
    "index": 2
  },
  {
    "name": "Require(0) config/config.default.js",
    "start": 1569503081326,
    "end": 1569503081326,
    "duration": 0,
    "pid": 23915,
    "index": 3
  },
  {
    "name": "Require(1) node_modules/_egg-session@3.1.0@egg-session/config/config.default.js",
    "start": 1569503081328,
    "end": 1569503081328,
    "duration": 0,
    "pid": 23915,
    "index": 4
  },
  {
    "name": "Require(2) node_modules/_egg-security@2.6.1@egg-security/config/config.default.js",
    "start": 1569503081328,
    "end": 1569503081328,
    "duration": 0,
    "pid": 23915,
    "index": 5
  },
  {
    "name": "Require(3) node_modules/_egg-jsonp@2.0.0@egg-jsonp/config/config.default.js",
    "start": 1569503081329,
    "end": 1569503081331,
    "duration": 2,
    "pid": 23915,
    "index": 6
  },
  {
    "name": "Require(4) node_modules/_egg-onerror@2.1.0@egg-onerror/config/config.default.js",
    "start": 1569503081331,
    "end": 1569503081332,
    "duration": 1,
    "pid": 23915,
    "index": 7
  },
  {
    "name": "Require(5) node_modules/_egg-i18n@2.1.1@egg-i18n/config/config.default.js",
    "start": 1569503081332,
    "end": 1569503081332,
    "duration": 0,
    "pid": 23915,
    "index": 8
  },
  {
    "name": "Require(6) node_modules/_egg-watcher@3.1.0@egg-watcher/config/config.default.js",
    "start": 1569503081333,
    "end": 1569503081333,
    "duration": 0,
    "pid": 23915,
    "index": 9
  },
  {
    "name": "Require(7) node_modules/_egg-schedule@3.6.4@egg-schedule/config/config.default.js",
    "start": 1569503081333,
    "end": 1569503081333,
    "duration": 0,
    "pid": 23915,
    "index": 10
  },
  {
    "name": "Require(8) node_modules/_egg-multipart@2.9.0@egg-multipart/config/config.default.js",
    "start": 1569503081333,
    "end": 1569503081334,
    "duration": 1,
    "pid": 23915,
    "index": 11
  },
  {
    "name": "Require(9) node_modules/_egg-development@2.4.3@egg-development/config/config.default.js",
    "start": 1569503081334,
    "end": 1569503081334,
    "duration": 0,
    "pid": 23915,
    "index": 12
  },
  {
    "name": "Require(10) node_modules/_egg-logrotator@3.1.0@egg-logrotator/config/config.default.js",
    "start": 1569503081334,
    "end": 1569503081334,
    "duration": 0,
    "pid": 23915,
    "index": 13
  },
  {
    "name": "Require(11) node_modules/_egg-static@2.2.0@egg-static/config/config.default.js",
    "start": 1569503081335,
    "end": 1569503081335,
    "duration": 0,
    "pid": 23915,
    "index": 14
  },
  {
    "name": "Require(12) node_modules/_egg-view@2.1.2@egg-view/config/config.default.js",
    "start": 1569503081335,
    "end": 1569503081335,
    "duration": 0,
    "pid": 23915,
    "index": 15
  },
  {
    "name": "Require(13) node_modules/_egg-mongoose@3.2.0@egg-mongoose/config/config.default.js",
    "start": 1569503081335,
    "end": 1569503081336,
    "duration": 1,
    "pid": 23915,
    "index": 16
  },
  {
    "name": "Require(14) node_modules/_egg-jwt@3.1.6@egg-jwt/config/config.default.js",
    "start": 1569503081336,
    "end": 1569503081336,
    "duration": 0,
    "pid": 23915,
    "index": 17
  },
  {
    "name": "Require(15) node_modules/_egg-router-group@1.1.0@egg-router-group/config/config.default.js",
    "start": 1569503081336,
    "end": 1569503081336,
    "duration": 0,
    "pid": 23915,
    "index": 18
  },
  {
    "name": "Require(16) node_modules/_egg@2.23.0@egg/config/config.default.js",
    "start": 1569503081336,
    "end": 1569503081337,
    "duration": 1,
    "pid": 23915,
    "index": 19
  },
  {
    "name": "Require(17) config/config.default.js",
    "start": 1569503081338,
    "end": 1569503081338,
    "duration": 0,
    "pid": 23915,
    "index": 20
  },
  {
    "name": "Require(18) node_modules/_egg-security@2.6.1@egg-security/config/config.local.js",
    "start": 1569503081338,
    "end": 1569503081338,
    "duration": 0,
    "pid": 23915,
    "index": 21
  },
  {
    "name": "Require(19) node_modules/_egg-watcher@3.1.0@egg-watcher/config/config.local.js",
    "start": 1569503081339,
    "end": 1569503081339,
    "duration": 0,
    "pid": 23915,
    "index": 22
  },
  {
    "name": "Require(20) node_modules/_egg-view@2.1.2@egg-view/config/config.local.js",
    "start": 1569503081339,
    "end": 1569503081339,
    "duration": 0,
    "pid": 23915,
    "index": 23
  },
  {
    "name": "Require(21) node_modules/_egg@2.23.0@egg/config/config.local.js",
    "start": 1569503081340,
    "end": 1569503081340,
    "duration": 0,
    "pid": 23915,
    "index": 24
  },
  {
    "name": "Load extend/application.js",
    "start": 1569503081342,
    "end": 1569503081372,
    "duration": 30,
    "pid": 23915,
    "index": 25
  },
  {
    "name": "Require(22) node_modules/_egg-session@3.1.0@egg-session/app/extend/application.js",
    "start": 1569503081342,
    "end": 1569503081342,
    "duration": 0,
    "pid": 23915,
    "index": 26
  },
  {
    "name": "Require(23) node_modules/_egg-security@2.6.1@egg-security/app/extend/application.js",
    "start": 1569503081342,
    "end": 1569503081343,
    "duration": 1,
    "pid": 23915,
    "index": 27
  },
  {
    "name": "Require(24) node_modules/_egg-jsonp@2.0.0@egg-jsonp/app/extend/application.js",
    "start": 1569503081343,
    "end": 1569503081344,
    "duration": 1,
    "pid": 23915,
    "index": 28
  },
  {
    "name": "Require(25) node_modules/_egg-logrotator@3.1.0@egg-logrotator/app/extend/application.js",
    "start": 1569503081344,
    "end": 1569503081345,
    "duration": 1,
    "pid": 23915,
    "index": 29
  },
  {
    "name": "Require(26) node_modules/_egg-view@2.1.2@egg-view/app/extend/application.js",
    "start": 1569503081345,
    "end": 1569503081346,
    "duration": 1,
    "pid": 23915,
    "index": 30
  },
  {
    "name": "Require(27) node_modules/_egg-jwt@3.1.6@egg-jwt/app/extend/application.js",
    "start": 1569503081346,
    "end": 1569503081371,
    "duration": 25,
    "pid": 23915,
    "index": 31
  },
  {
    "name": "Load extend/request.js",
    "start": 1569503081372,
    "end": 1569503081373,
    "duration": 1,
    "pid": 23915,
    "index": 32
  },
  {
    "name": "Require(28) node_modules/_egg@2.23.0@egg/app/extend/request.js",
    "start": 1569503081372,
    "end": 1569503081373,
    "duration": 1,
    "pid": 23915,
    "index": 33
  },
  {
    "name": "Load extend/response.js",
    "start": 1569503081373,
    "end": 1569503081375,
    "duration": 2,
    "pid": 23915,
    "index": 34
  },
  {
    "name": "Require(29) node_modules/_egg@2.23.0@egg/app/extend/response.js",
    "start": 1569503081374,
    "end": 1569503081375,
    "duration": 1,
    "pid": 23915,
    "index": 35
  },
  {
    "name": "Load extend/context.js",
    "start": 1569503081375,
    "end": 1569503081421,
    "duration": 46,
    "pid": 23915,
    "index": 36
  },
  {
    "name": "Require(30) node_modules/_egg-security@2.6.1@egg-security/app/extend/context.js",
    "start": 1569503081375,
    "end": 1569503081381,
    "duration": 6,
    "pid": 23915,
    "index": 37
  },
  {
    "name": "Require(31) node_modules/_egg-jsonp@2.0.0@egg-jsonp/app/extend/context.js",
    "start": 1569503081382,
    "end": 1569503081382,
    "duration": 0,
    "pid": 23915,
    "index": 38
  },
  {
    "name": "Require(32) node_modules/_egg-i18n@2.1.1@egg-i18n/app/extend/context.js",
    "start": 1569503081383,
    "end": 1569503081383,
    "duration": 0,
    "pid": 23915,
    "index": 39
  },
  {
    "name": "Require(33) node_modules/_egg-multipart@2.9.0@egg-multipart/app/extend/context.js",
    "start": 1569503081383,
    "end": 1569503081417,
    "duration": 34,
    "pid": 23915,
    "index": 40
  },
  {
    "name": "Require(34) node_modules/_egg-view@2.1.2@egg-view/app/extend/context.js",
    "start": 1569503081418,
    "end": 1569503081418,
    "duration": 0,
    "pid": 23915,
    "index": 41
  },
  {
    "name": "Require(35) node_modules/_egg-mongoose@3.2.0@egg-mongoose/app/extend/context.js",
    "start": 1569503081419,
    "end": 1569503081419,
    "duration": 0,
    "pid": 23915,
    "index": 42
  },
  {
    "name": "Require(36) node_modules/_egg@2.23.0@egg/app/extend/context.js",
    "start": 1569503081419,
    "end": 1569503081420,
    "duration": 1,
    "pid": 23915,
    "index": 43
  },
  {
    "name": "Load extend/helper.js",
    "start": 1569503081421,
    "end": 1569503081432,
    "duration": 11,
    "pid": 23915,
    "index": 44
  },
  {
    "name": "Require(37) node_modules/_egg-security@2.6.1@egg-security/app/extend/helper.js",
    "start": 1569503081421,
    "end": 1569503081431,
    "duration": 10,
    "pid": 23915,
    "index": 45
  },
  {
    "name": "Require(38) node_modules/_egg@2.23.0@egg/app/extend/helper.js",
    "start": 1569503081431,
    "end": 1569503081431,
    "duration": 0,
    "pid": 23915,
    "index": 46
  },
  {
    "name": "Load app.js",
    "start": 1569503081432,
    "end": 1569503081449,
    "duration": 17,
    "pid": 23915,
    "index": 47
  },
  {
    "name": "Require(39) node_modules/_egg-session@3.1.0@egg-session/app.js",
    "start": 1569503081432,
    "end": 1569503081432,
    "duration": 0,
    "pid": 23915,
    "index": 48
  },
  {
    "name": "Require(40) node_modules/_egg-security@2.6.1@egg-security/app.js",
    "start": 1569503081432,
    "end": 1569503081433,
    "duration": 1,
    "pid": 23915,
    "index": 49
  },
  {
    "name": "Require(41) node_modules/_egg-onerror@2.1.0@egg-onerror/app.js",
    "start": 1569503081433,
    "end": 1569503081438,
    "duration": 5,
    "pid": 23915,
    "index": 50
  },
  {
    "name": "Require(42) node_modules/_egg-i18n@2.1.1@egg-i18n/app.js",
    "start": 1569503081439,
    "end": 1569503081442,
    "duration": 3,
    "pid": 23915,
    "index": 51
  },
  {
    "name": "Require(43) node_modules/_egg-watcher@3.1.0@egg-watcher/app.js",
    "start": 1569503081442,
    "end": 1569503081444,
    "duration": 2,
    "pid": 23915,
    "index": 52
  },
  {
    "name": "Require(44) node_modules/_egg-schedule@3.6.4@egg-schedule/app.js",
    "start": 1569503081444,
    "end": 1569503081445,
    "duration": 1,
    "pid": 23915,
    "index": 53
  },
  {
    "name": "Require(45) node_modules/_egg-multipart@2.9.0@egg-multipart/app.js",
    "start": 1569503081445,
    "end": 1569503081446,
    "duration": 1,
    "pid": 23915,
    "index": 54
  },
  {
    "name": "Require(46) node_modules/_egg-development@2.4.3@egg-development/app.js",
    "start": 1569503081446,
    "end": 1569503081446,
    "duration": 0,
    "pid": 23915,
    "index": 55
  },
  {
    "name": "Require(47) node_modules/_egg-logrotator@3.1.0@egg-logrotator/app.js",
    "start": 1569503081446,
    "end": 1569503081447,
    "duration": 1,
    "pid": 23915,
    "index": 56
  },
  {
    "name": "Require(48) node_modules/_egg-static@2.2.0@egg-static/app.js",
    "start": 1569503081447,
    "end": 1569503081447,
    "duration": 0,
    "pid": 23915,
    "index": 57
  },
  {
    "name": "Require(49) node_modules/_egg-mongoose@3.2.0@egg-mongoose/app.js",
    "start": 1569503081447,
    "end": 1569503081447,
    "duration": 0,
    "pid": 23915,
    "index": 58
  },
  {
    "name": "Require(50) node_modules/_egg-jwt@3.1.6@egg-jwt/app.js",
    "start": 1569503081447,
    "end": 1569503081447,
    "duration": 0,
    "pid": 23915,
    "index": 59
  },
  {
    "name": "Require(51) node_modules/_egg-router-group@1.1.0@egg-router-group/app.js",
    "start": 1569503081447,
    "end": 1569503081448,
    "duration": 1,
    "pid": 23915,
    "index": 60
  },
  {
    "name": "Before Start in node_modules/_egg-watcher@3.1.0@egg-watcher/lib/init.js:15:14",
    "start": 1569503081461,
    "end": 1569503081911,
    "duration": 450,
    "pid": 23915,
    "index": 61
  },
  {
    "name": "Before Start in node_modules/_egg-mongoose@3.2.0@egg-mongoose/lib/mongoose.js:91:7",
    "start": 1569503081747,
    "end": 1569503081907,
    "duration": 160,
    "pid": 23915,
    "index": 62
  },
  {
    "name": "Before Start in node_modules/_egg-mongoose@3.2.0@egg-mongoose/lib/mongoose.js:49:9",
    "start": 1569503081748,
    "end": 1569503081873,
    "duration": 125,
    "pid": 23915,
    "index": 63
  },
  {
    "name": "Before Start in node_modules/_egg-core@4.17.3@egg-core/lib/egg.js:303:10",
    "start": 1569503081748,
    "end": 1569503081873,
    "duration": 125,
    "pid": 23915,
    "index": 64
  },
  {
    "name": "Load Service",
    "start": 1569503081749,
    "end": 1569503081786,
    "duration": 37,
    "pid": 23915,
    "index": 65
  },
  {
    "name": "Load \"service\" to Context",
    "start": 1569503081749,
    "end": 1569503081786,
    "duration": 37,
    "pid": 23915,
    "index": 66
  },
  {
    "name": "Load Middleware",
    "start": 1569503081786,
    "end": 1569503081835,
    "duration": 49,
    "pid": 23915,
    "index": 67
  },
  {
    "name": "Load \"middlewares\" to Application",
    "start": 1569503081786,
    "end": 1569503081828,
    "duration": 42,
    "pid": 23915,
    "index": 68
  },
  {
    "name": "Load Controller",
    "start": 1569503081835,
    "end": 1569503081845,
    "duration": 10,
    "pid": 23915,
    "index": 69
  },
  {
    "name": "Load \"controller\" to Application",
    "start": 1569503081835,
    "end": 1569503081845,
    "duration": 10,
    "pid": 23915,
    "index": 70
  },
  {
    "name": "Load Router",
    "start": 1569503081845,
    "end": 1569503081849,
    "duration": 4,
    "pid": 23915,
    "index": 71
  },
  {
    "name": "Require(52) app/router.js",
    "start": 1569503081845,
    "end": 1569503081845,
    "duration": 0,
    "pid": 23915,
    "index": 72
  },
  {
    "name": "Load \"model\" to Application",
    "start": 1569503081859,
    "end": 1569503081872,
    "duration": 13,
    "pid": 23915,
    "index": 73
  }
]