[
  {
    "name": "Application Start",
    "start": 1569505571394,
    "end": 1569505571957,
    "duration": 563,
    "pid": 24983,
    "index": 0
  },
  {
    "name": "Load Plugin",
    "start": 1569505571397,
    "end": 1569505571405,
    "duration": 8,
    "pid": 24983,
    "index": 1
  },
  {
    "name": "Load Config",
    "start": 1569505571405,
    "end": 1569505571419,
    "duration": 14,
    "pid": 24983,
    "index": 2
  },
  {
    "name": "Require(0) config/config.default.js",
    "start": 1569505571406,
    "end": 1569505571406,
    "duration": 0,
    "pid": 24983,
    "index": 3
  },
  {
    "name": "Require(1) node_modules/_egg-session@3.1.0@egg-session/config/config.default.js",
    "start": 1569505571407,
    "end": 1569505571408,
    "duration": 1,
    "pid": 24983,
    "index": 4
  },
  {
    "name": "Require(2) node_modules/_egg-security@2.6.1@egg-security/config/config.default.js",
    "start": 1569505571408,
    "end": 1569505571408,
    "duration": 0,
    "pid": 24983,
    "index": 5
  },
  {
    "name": "Require(3) node_modules/_egg-jsonp@2.0.0@egg-jsonp/config/config.default.js",
    "start": 1569505571409,
    "end": 1569505571411,
    "duration": 2,
    "pid": 24983,
    "index": 6
  },
  {
    "name": "Require(4) node_modules/_egg-onerror@2.1.0@egg-onerror/config/config.default.js",
    "start": 1569505571411,
    "end": 1569505571411,
    "duration": 0,
    "pid": 24983,
    "index": 7
  },
  {
    "name": "Require(5) node_modules/_egg-i18n@2.1.1@egg-i18n/config/config.default.js",
    "start": 1569505571411,
    "end": 1569505571412,
    "duration": 1,
    "pid": 24983,
    "index": 8
  },
  {
    "name": "Require(6) node_modules/_egg-watcher@3.1.0@egg-watcher/config/config.default.js",
    "start": 1569505571412,
    "end": 1569505571412,
    "duration": 0,
    "pid": 24983,
    "index": 9
  },
  {
    "name": "Require(7) node_modules/_egg-schedule@3.6.4@egg-schedule/config/config.default.js",
    "start": 1569505571412,
    "end": 1569505571412,
    "duration": 0,
    "pid": 24983,
    "index": 10
  },
  {
    "name": "Require(8) node_modules/_egg-multipart@2.9.0@egg-multipart/config/config.default.js",
    "start": 1569505571413,
    "end": 1569505571413,
    "duration": 0,
    "pid": 24983,
    "index": 11
  },
  {
    "name": "Require(9) node_modules/_egg-development@2.4.3@egg-development/config/config.default.js",
    "start": 1569505571413,
    "end": 1569505571413,
    "duration": 0,
    "pid": 24983,
    "index": 12
  },
  {
    "name": "Require(10) node_modules/_egg-logrotator@3.1.0@egg-logrotator/config/config.default.js",
    "start": 1569505571413,
    "end": 1569505571414,
    "duration": 1,
    "pid": 24983,
    "index": 13
  },
  {
    "name": "Require(11) node_modules/_egg-static@2.2.0@egg-static/config/config.default.js",
    "start": 1569505571414,
    "end": 1569505571414,
    "duration": 0,
    "pid": 24983,
    "index": 14
  },
  {
    "name": "Require(12) node_modules/_egg-view@2.1.2@egg-view/config/config.default.js",
    "start": 1569505571414,
    "end": 1569505571414,
    "duration": 0,
    "pid": 24983,
    "index": 15
  },
  {
    "name": "Require(13) node_modules/_egg-mongoose@3.2.0@egg-mongoose/config/config.default.js",
    "start": 1569505571415,
    "end": 1569505571415,
    "duration": 0,
    "pid": 24983,
    "index": 16
  },
  {
    "name": "Require(14) node_modules/_egg-jwt@3.1.6@egg-jwt/config/config.default.js",
    "start": 1569505571415,
    "end": 1569505571415,
    "duration": 0,
    "pid": 24983,
    "index": 17
  },
  {
    "name": "Require(15) node_modules/_egg-router-group@1.1.0@egg-router-group/config/config.default.js",
    "start": 1569505571415,
    "end": 1569505571415,
    "duration": 0,
    "pid": 24983,
    "index": 18
  },
  {
    "name": "Require(16) node_modules/_egg@2.23.0@egg/config/config.default.js",
    "start": 1569505571416,
    "end": 1569505571416,
    "duration": 0,
    "pid": 24983,
    "index": 19
  },
  {
    "name": "Require(17) config/config.default.js",
    "start": 1569505571417,
    "end": 1569505571417,
    "duration": 0,
    "pid": 24983,
    "index": 20
  },
  {
    "name": "Require(18) node_modules/_egg-security@2.6.1@egg-security/config/config.local.js",
    "start": 1569505571417,
    "end": 1569505571417,
    "duration": 0,
    "pid": 24983,
    "index": 21
  },
  {
    "name": "Require(19) node_modules/_egg-watcher@3.1.0@egg-watcher/config/config.local.js",
    "start": 1569505571418,
    "end": 1569505571418,
    "duration": 0,
    "pid": 24983,
    "index": 22
  },
  {
    "name": "Require(20) node_modules/_egg-view@2.1.2@egg-view/config/config.local.js",
    "start": 1569505571418,
    "end": 1569505571418,
    "duration": 0,
    "pid": 24983,
    "index": 23
  },
  {
    "name": "Require(21) node_modules/_egg@2.23.0@egg/config/config.local.js",
    "start": 1569505571418,
    "end": 1569505571419,
    "duration": 1,
    "pid": 24983,
    "index": 24
  },
  {
    "name": "Load extend/application.js",
    "start": 1569505571420,
    "end": 1569505571449,
    "duration": 29,
    "pid": 24983,
    "index": 25
  },
  {
    "name": "Require(22) node_modules/_egg-session@3.1.0@egg-session/app/extend/application.js",
    "start": 1569505571420,
    "end": 1569505571420,
    "duration": 0,
    "pid": 24983,
    "index": 26
  },
  {
    "name": "Require(23) node_modules/_egg-security@2.6.1@egg-security/app/extend/application.js",
    "start": 1569505571421,
    "end": 1569505571421,
    "duration": 0,
    "pid": 24983,
    "index": 27
  },
  {
    "name": "Require(24) node_modules/_egg-jsonp@2.0.0@egg-jsonp/app/extend/application.js",
    "start": 1569505571421,
    "end": 1569505571422,
    "duration": 1,
    "pid": 24983,
    "index": 28
  },
  {
    "name": "Require(25) node_modules/_egg-logrotator@3.1.0@egg-logrotator/app/extend/application.js",
    "start": 1569505571422,
    "end": 1569505571423,
    "duration": 1,
    "pid": 24983,
    "index": 29
  },
  {
    "name": "Require(26) node_modules/_egg-view@2.1.2@egg-view/app/extend/application.js",
    "start": 1569505571423,
    "end": 1569505571425,
    "duration": 2,
    "pid": 24983,
    "index": 30
  },
  {
    "name": "Require(27) node_modules/_egg-jwt@3.1.6@egg-jwt/app/extend/application.js",
    "start": 1569505571425,
    "end": 1569505571449,
    "duration": 24,
    "pid": 24983,
    "index": 31
  },
  {
    "name": "Load extend/request.js",
    "start": 1569505571449,
    "end": 1569505571451,
    "duration": 2,
    "pid": 24983,
    "index": 32
  },
  {
    "name": "Require(28) node_modules/_egg@2.23.0@egg/app/extend/request.js",
    "start": 1569505571450,
    "end": 1569505571451,
    "duration": 1,
    "pid": 24983,
    "index": 33
  },
  {
    "name": "Load extend/response.js",
    "start": 1569505571451,
    "end": 1569505571453,
    "duration": 2,
    "pid": 24983,
    "index": 34
  },
  {
    "name": "Require(29) node_modules/_egg@2.23.0@egg/app/extend/response.js",
    "start": 1569505571452,
    "end": 1569505571452,
    "duration": 0,
    "pid": 24983,
    "index": 35
  },
  {
    "name": "Load extend/context.js",
    "start": 1569505571453,
    "end": 1569505571499,
    "duration": 46,
    "pid": 24983,
    "index": 36
  },
  {
    "name": "Require(30) node_modules/_egg-security@2.6.1@egg-security/app/extend/context.js",
    "start": 1569505571453,
    "end": 1569505571460,
    "duration": 7,
    "pid": 24983,
    "index": 37
  },
  {
    "name": "Require(31) node_modules/_egg-jsonp@2.0.0@egg-jsonp/app/extend/context.js",
    "start": 1569505571461,
    "end": 1569505571461,
    "duration": 0,
    "pid": 24983,
    "index": 38
  },
  {
    "name": "Require(32) node_modules/_egg-i18n@2.1.1@egg-i18n/app/extend/context.js",
    "start": 1569505571461,
    "end": 1569505571462,
    "duration": 1,
    "pid": 24983,
    "index": 39
  },
  {
    "name": "Require(33) node_modules/_egg-multipart@2.9.0@egg-multipart/app/extend/context.js",
    "start": 1569505571462,
    "end": 1569505571497,
    "duration": 35,
    "pid": 24983,
    "index": 40
  },
  {
    "name": "Require(34) node_modules/_egg-view@2.1.2@egg-view/app/extend/context.js",
    "start": 1569505571497,
    "end": 1569505571498,
    "duration": 1,
    "pid": 24983,
    "index": 41
  },
  {
    "name": "Require(35) node_modules/_egg-mongoose@3.2.0@egg-mongoose/app/extend/context.js",
    "start": 1569505571498,
    "end": 1569505571498,
    "duration": 0,
    "pid": 24983,
    "index": 42
  },
  {
    "name": "Require(36) node_modules/_egg@2.23.0@egg/app/extend/context.js",
    "start": 1569505571498,
    "end": 1569505571499,
    "duration": 1,
    "pid": 24983,
    "index": 43
  },
  {
    "name": "Load extend/helper.js",
    "start": 1569505571499,
    "end": 1569505571510,
    "duration": 11,
    "pid": 24983,
    "index": 44
  },
  {
    "name": "Require(37) node_modules/_egg-security@2.6.1@egg-security/app/extend/helper.js",
    "start": 1569505571500,
    "end": 1569505571508,
    "duration": 8,
    "pid": 24983,
    "index": 45
  },
  {
    "name": "Require(38) node_modules/_egg@2.23.0@egg/app/extend/helper.js",
    "start": 1569505571509,
    "end": 1569505571509,
    "duration": 0,
    "pid": 24983,
    "index": 46
  },
  {
    "name": "Load app.js",
    "start": 1569505571510,
    "end": 1569505571527,
    "duration": 17,
    "pid": 24983,
    "index": 47
  },
  {
    "name": "Require(39) node_modules/_egg-session@3.1.0@egg-session/app.js",
    "start": 1569505571510,
    "end": 1569505571510,
    "duration": 0,
    "pid": 24983,
    "index": 48
  },
  {
    "name": "Require(40) node_modules/_egg-security@2.6.1@egg-security/app.js",
    "start": 1569505571511,
    "end": 1569505571511,
    "duration": 0,
    "pid": 24983,
    "index": 49
  },
  {
    "name": "Require(41) node_modules/_egg-onerror@2.1.0@egg-onerror/app.js",
    "start": 1569505571511,
    "end": 1569505571516,
    "duration": 5,
    "pid": 24983,
    "index": 50
  },
  {
    "name": "Require(42) node_modules/_egg-i18n@2.1.1@egg-i18n/app.js",
    "start": 1569505571516,
    "end": 1569505571519,
    "duration": 3,
    "pid": 24983,
    "index": 51
  },
  {
    "name": "Require(43) node_modules/_egg-watcher@3.1.0@egg-watcher/app.js",
    "start": 1569505571519,
    "end": 1569505571521,
    "duration": 2,
    "pid": 24983,
    "index": 52
  },
  {
    "name": "Require(44) node_modules/_egg-schedule@3.6.4@egg-schedule/app.js",
    "start": 1569505571521,
    "end": 1569505571522,
    "duration": 1,
    "pid": 24983,
    "index": 53
  },
  {
    "name": "Require(45) node_modules/_egg-multipart@2.9.0@egg-multipart/app.js",
    "start": 1569505571522,
    "end": 1569505571524,
    "duration": 2,
    "pid": 24983,
    "index": 54
  },
  {
    "name": "Require(46) node_modules/_egg-development@2.4.3@egg-development/app.js",
    "start": 1569505571524,
    "end": 1569505571524,
    "duration": 0,
    "pid": 24983,
    "index": 55
  },
  {
    "name": "Require(47) node_modules/_egg-logrotator@3.1.0@egg-logrotator/app.js",
    "start": 1569505571524,
    "end": 1569505571524,
    "duration": 0,
    "pid": 24983,
    "index": 56
  },
  {
    "name": "Require(48) node_modules/_egg-static@2.2.0@egg-static/app.js",
    "start": 1569505571524,
    "end": 1569505571524,
    "duration": 0,
    "pid": 24983,
    "index": 57
  },
  {
    "name": "Require(49) node_modules/_egg-mongoose@3.2.0@egg-mongoose/app.js",
    "start": 1569505571524,
    "end": 1569505571525,
    "duration": 1,
    "pid": 24983,
    "index": 58
  },
  {
    "name": "Require(50) node_modules/_egg-jwt@3.1.6@egg-jwt/app.js",
    "start": 1569505571525,
    "end": 1569505571525,
    "duration": 0,
    "pid": 24983,
    "index": 59
  },
  {
    "name": "Require(51) node_modules/_egg-router-group@1.1.0@egg-router-group/app.js",
    "start": 1569505571525,
    "end": 1569505571526,
    "duration": 1,
    "pid": 24983,
    "index": 60
  },
  {
    "name": "Before Start in node_modules/_egg-watcher@3.1.0@egg-watcher/lib/init.js:15:14",
    "start": 1569505571536,
    "end": 1569505571952,
    "duration": 416,
    "pid": 24983,
    "index": 61
  },
  {
    "name": "Before Start in node_modules/_egg-mongoose@3.2.0@egg-mongoose/lib/mongoose.js:91:7",
    "start": 1569505571809,
    "end": 1569505571949,
    "duration": 140,
    "pid": 24983,
    "index": 62
  },
  {
    "name": "Before Start in node_modules/_egg-mongoose@3.2.0@egg-mongoose/lib/mongoose.js:49:9",
    "start": 1569505571809,
    "end": 1569505571928,
    "duration": 119,
    "pid": 24983,
    "index": 63
  },
  {
    "name": "Before Start in node_modules/_egg-core@4.17.3@egg-core/lib/egg.js:303:10",
    "start": 1569505571810,
    "end": 1569505571928,
    "duration": 118,
    "pid": 24983,
    "index": 64
  },
  {
    "name": "Load Service",
    "start": 1569505571811,
    "end": 1569505571843,
    "duration": 32,
    "pid": 24983,
    "index": 65
  },
  {
    "name": "Load \"service\" to Context",
    "start": 1569505571811,
    "end": 1569505571843,
    "duration": 32,
    "pid": 24983,
    "index": 66
  },
  {
    "name": "Load Middleware",
    "start": 1569505571843,
    "end": 1569505571890,
    "duration": 47,
    "pid": 24983,
    "index": 67
  },
  {
    "name": "Load \"middlewares\" to Application",
    "start": 1569505571843,
    "end": 1569505571884,
    "duration": 41,
    "pid": 24983,
    "index": 68
  },
  {
    "name": "Load Controller",
    "start": 1569505571890,
    "end": 1569505571899,
    "duration": 9,
    "pid": 24983,
    "index": 69
  },
  {
    "name": "Load \"controller\" to Application",
    "start": 1569505571890,
    "end": 1569505571899,
    "duration": 9,
    "pid": 24983,
    "index": 70
  },
  {
    "name": "Load Router",
    "start": 1569505571900,
    "end": 1569505571902,
    "duration": 2,
    "pid": 24983,
    "index": 71
  },
  {
    "name": "Require(52) app/router.js",
    "start": 1569505571900,
    "end": 1569505571900,
    "duration": 0,
    "pid": 24983,
    "index": 72
  },
  {
    "name": "Load \"model\" to Application",
    "start": 1569505571912,
    "end": 1569505571928,
    "duration": 16,
    "pid": 24983,
    "index": 73
  }
]