[
  {
    "name": "Application Start",
    "start": 1569506559521,
    "end": 1569506560048,
    "duration": 527,
    "pid": 25435,
    "index": 0
  },
  {
    "name": "Load Plugin",
    "start": 1569506559525,
    "end": 1569506559536,
    "duration": 11,
    "pid": 25435,
    "index": 1
  },
  {
    "name": "Load Config",
    "start": 1569506559536,
    "end": 1569506559548,
    "duration": 12,
    "pid": 25435,
    "index": 2
  },
  {
    "name": "Require(0) config/config.default.js",
    "start": 1569506559536,
    "end": 1569506559537,
    "duration": 1,
    "pid": 25435,
    "index": 3
  },
  {
    "name": "Require(1) node_modules/_egg-session@3.1.0@egg-session/config/config.default.js",
    "start": 1569506559538,
    "end": 1569506559538,
    "duration": 0,
    "pid": 25435,
    "index": 4
  },
  {
    "name": "Require(2) node_modules/_egg-security@2.6.1@egg-security/config/config.default.js",
    "start": 1569506559538,
    "end": 1569506559538,
    "duration": 0,
    "pid": 25435,
    "index": 5
  },
  {
    "name": "Require(3) node_modules/_egg-jsonp@2.0.0@egg-jsonp/config/config.default.js",
    "start": 1569506559539,
    "end": 1569506559541,
    "duration": 2,
    "pid": 25435,
    "index": 6
  },
  {
    "name": "Require(4) node_modules/_egg-onerror@2.1.0@egg-onerror/config/config.default.js",
    "start": 1569506559541,
    "end": 1569506559541,
    "duration": 0,
    "pid": 25435,
    "index": 7
  },
  {
    "name": "Require(5) node_modules/_egg-i18n@2.1.1@egg-i18n/config/config.default.js",
    "start": 1569506559541,
    "end": 1569506559541,
    "duration": 0,
    "pid": 25435,
    "index": 8
  },
  {
    "name": "Require(6) node_modules/_egg-watcher@3.1.0@egg-watcher/config/config.default.js",
    "start": 1569506559541,
    "end": 1569506559542,
    "duration": 1,
    "pid": 25435,
    "index": 9
  },
  {
    "name": "Require(7) node_modules/_egg-schedule@3.6.4@egg-schedule/config/config.default.js",
    "start": 1569506559542,
    "end": 1569506559542,
    "duration": 0,
    "pid": 25435,
    "index": 10
  },
  {
    "name": "Require(8) node_modules/_egg-multipart@2.9.0@egg-multipart/config/config.default.js",
    "start": 1569506559542,
    "end": 1569506559542,
    "duration": 0,
    "pid": 25435,
    "index": 11
  },
  {
    "name": "Require(9) node_modules/_egg-development@2.4.3@egg-development/config/config.default.js",
    "start": 1569506559543,
    "end": 1569506559543,
    "duration": 0,
    "pid": 25435,
    "index": 12
  },
  {
    "name": "Require(10) node_modules/_egg-logrotator@3.1.0@egg-logrotator/config/config.default.js",
    "start": 1569506559543,
    "end": 1569506559543,
    "duration": 0,
    "pid": 25435,
    "index": 13
  },
  {
    "name": "Require(11) node_modules/_egg-static@2.2.0@egg-static/config/config.default.js",
    "start": 1569506559543,
    "end": 1569506559543,
    "duration": 0,
    "pid": 25435,
    "index": 14
  },
  {
    "name": "Require(12) node_modules/_egg-view@2.1.2@egg-view/config/config.default.js",
    "start": 1569506559544,
    "end": 1569506559544,
    "duration": 0,
    "pid": 25435,
    "index": 15
  },
  {
    "name": "Require(13) node_modules/_egg-mongoose@3.2.0@egg-mongoose/config/config.default.js",
    "start": 1569506559544,
    "end": 1569506559544,
    "duration": 0,
    "pid": 25435,
    "index": 16
  },
  {
    "name": "Require(14) node_modules/_egg-jwt@3.1.6@egg-jwt/config/config.default.js",
    "start": 1569506559544,
    "end": 1569506559544,
    "duration": 0,
    "pid": 25435,
    "index": 17
  },
  {
    "name": "Require(15) node_modules/_egg-router-group@1.1.0@egg-router-group/config/config.default.js",
    "start": 1569506559545,
    "end": 1569506559545,
    "duration": 0,
    "pid": 25435,
    "index": 18
  },
  {
    "name": "Require(16) node_modules/_egg@2.23.0@egg/config/config.default.js",
    "start": 1569506559545,
    "end": 1569506559545,
    "duration": 0,
    "pid": 25435,
    "index": 19
  },
  {
    "name": "Require(17) config/config.default.js",
    "start": 1569506559546,
    "end": 1569506559546,
    "duration": 0,
    "pid": 25435,
    "index": 20
  },
  {
    "name": "Require(18) node_modules/_egg-security@2.6.1@egg-security/config/config.local.js",
    "start": 1569506559546,
    "end": 1569506559547,
    "duration": 1,
    "pid": 25435,
    "index": 21
  },
  {
    "name": "Require(19) node_modules/_egg-watcher@3.1.0@egg-watcher/config/config.local.js",
    "start": 1569506559547,
    "end": 1569506559547,
    "duration": 0,
    "pid": 25435,
    "index": 22
  },
  {
    "name": "Require(20) node_modules/_egg-view@2.1.2@egg-view/config/config.local.js",
    "start": 1569506559547,
    "end": 1569506559547,
    "duration": 0,
    "pid": 25435,
    "index": 23
  },
  {
    "name": "Require(21) node_modules/_egg@2.23.0@egg/config/config.local.js",
    "start": 1569506559548,
    "end": 1569506559548,
    "duration": 0,
    "pid": 25435,
    "index": 24
  },
  {
    "name": "Load extend/application.js",
    "start": 1569506559549,
    "end": 1569506559586,
    "duration": 37,
    "pid": 25435,
    "index": 25
  },
  {
    "name": "Require(22) node_modules/_egg-session@3.1.0@egg-session/app/extend/application.js",
    "start": 1569506559550,
    "end": 1569506559550,
    "duration": 0,
    "pid": 25435,
    "index": 26
  },
  {
    "name": "Require(23) node_modules/_egg-security@2.6.1@egg-security/app/extend/application.js",
    "start": 1569506559550,
    "end": 1569506559550,
    "duration": 0,
    "pid": 25435,
    "index": 27
  },
  {
    "name": "Require(24) node_modules/_egg-jsonp@2.0.0@egg-jsonp/app/extend/application.js",
    "start": 1569506559551,
    "end": 1569506559552,
    "duration": 1,
    "pid": 25435,
    "index": 28
  },
  {
    "name": "Require(25) node_modules/_egg-logrotator@3.1.0@egg-logrotator/app/extend/application.js",
    "start": 1569506559552,
    "end": 1569506559554,
    "duration": 2,
    "pid": 25435,
    "index": 29
  },
  {
    "name": "Require(26) node_modules/_egg-view@2.1.2@egg-view/app/extend/application.js",
    "start": 1569506559554,
    "end": 1569506559555,
    "duration": 1,
    "pid": 25435,
    "index": 30
  },
  {
    "name": "Require(27) node_modules/_egg-jwt@3.1.6@egg-jwt/app/extend/application.js",
    "start": 1569506559556,
    "end": 1569506559585,
    "duration": 29,
    "pid": 25435,
    "index": 31
  },
  {
    "name": "Load extend/request.js",
    "start": 1569506559586,
    "end": 1569506559588,
    "duration": 2,
    "pid": 25435,
    "index": 32
  },
  {
    "name": "Require(28) node_modules/_egg@2.23.0@egg/app/extend/request.js",
    "start": 1569506559586,
    "end": 1569506559587,
    "duration": 1,
    "pid": 25435,
    "index": 33
  },
  {
    "name": "Load extend/response.js",
    "start": 1569506559588,
    "end": 1569506559590,
    "duration": 2,
    "pid": 25435,
    "index": 34
  },
  {
    "name": "Require(29) node_modules/_egg@2.23.0@egg/app/extend/response.js",
    "start": 1569506559588,
    "end": 1569506559589,
    "duration": 1,
    "pid": 25435,
    "index": 35
  },
  {
    "name": "Load extend/context.js",
    "start": 1569506559590,
    "end": 1569506559652,
    "duration": 62,
    "pid": 25435,
    "index": 36
  },
  {
    "name": "Require(30) node_modules/_egg-security@2.6.1@egg-security/app/extend/context.js",
    "start": 1569506559590,
    "end": 1569506559602,
    "duration": 12,
    "pid": 25435,
    "index": 37
  },
  {
    "name": "Require(31) node_modules/_egg-jsonp@2.0.0@egg-jsonp/app/extend/context.js",
    "start": 1569506559602,
    "end": 1569506559606,
    "duration": 4,
    "pid": 25435,
    "index": 38
  },
  {
    "name": "Require(32) node_modules/_egg-i18n@2.1.1@egg-i18n/app/extend/context.js",
    "start": 1569506559607,
    "end": 1569506559607,
    "duration": 0,
    "pid": 25435,
    "index": 39
  },
  {
    "name": "Require(33) node_modules/_egg-multipart@2.9.0@egg-multipart/app/extend/context.js",
    "start": 1569506559608,
    "end": 1569506559649,
    "duration": 41,
    "pid": 25435,
    "index": 40
  },
  {
    "name": "Require(34) node_modules/_egg-view@2.1.2@egg-view/app/extend/context.js",
    "start": 1569506559650,
    "end": 1569506559650,
    "duration": 0,
    "pid": 25435,
    "index": 41
  },
  {
    "name": "Require(35) node_modules/_egg-mongoose@3.2.0@egg-mongoose/app/extend/context.js",
    "start": 1569506559650,
    "end": 1569506559651,
    "duration": 1,
    "pid": 25435,
    "index": 42
  },
  {
    "name": "Require(36) node_modules/_egg@2.23.0@egg/app/extend/context.js",
    "start": 1569506559651,
    "end": 1569506559652,
    "duration": 1,
    "pid": 25435,
    "index": 43
  },
  {
    "name": "Load extend/helper.js",
    "start": 1569506559652,
    "end": 1569506559666,
    "duration": 14,
    "pid": 25435,
    "index": 44
  },
  {
    "name": "Require(37) node_modules/_egg-security@2.6.1@egg-security/app/extend/helper.js",
    "start": 1569506559653,
    "end": 1569506559664,
    "duration": 11,
    "pid": 25435,
    "index": 45
  },
  {
    "name": "Require(38) node_modules/_egg@2.23.0@egg/app/extend/helper.js",
    "start": 1569506559665,
    "end": 1569506559665,
    "duration": 0,
    "pid": 25435,
    "index": 46
  },
  {
    "name": "Load app.js",
    "start": 1569506559666,
    "end": 1569506559682,
    "duration": 16,
    "pid": 25435,
    "index": 47
  },
  {
    "name": "Require(39) node_modules/_egg-session@3.1.0@egg-session/app.js",
    "start": 1569506559666,
    "end": 1569506559666,
    "duration": 0,
    "pid": 25435,
    "index": 48
  },
  {
    "name": "Require(40) node_modules/_egg-security@2.6.1@egg-security/app.js",
    "start": 1569506559666,
    "end": 1569506559667,
    "duration": 1,
    "pid": 25435,
    "index": 49
  },
  {
    "name": "Require(41) node_modules/_egg-onerror@2.1.0@egg-onerror/app.js",
    "start": 1569506559668,
    "end": 1569506559672,
    "duration": 4,
    "pid": 25435,
    "index": 50
  },
  {
    "name": "Require(42) node_modules/_egg-i18n@2.1.1@egg-i18n/app.js",
    "start": 1569506559672,
    "end": 1569506559675,
    "duration": 3,
    "pid": 25435,
    "index": 51
  },
  {
    "name": "Require(43) node_modules/_egg-watcher@3.1.0@egg-watcher/app.js",
    "start": 1569506559675,
    "end": 1569506559677,
    "duration": 2,
    "pid": 25435,
    "index": 52
  },
  {
    "name": "Require(44) node_modules/_egg-schedule@3.6.4@egg-schedule/app.js",
    "start": 1569506559677,
    "end": 1569506559678,
    "duration": 1,
    "pid": 25435,
    "index": 53
  },
  {
    "name": "Require(45) node_modules/_egg-multipart@2.9.0@egg-multipart/app.js",
    "start": 1569506559678,
    "end": 1569506559679,
    "duration": 1,
    "pid": 25435,
    "index": 54
  },
  {
    "name": "Require(46) node_modules/_egg-development@2.4.3@egg-development/app.js",
    "start": 1569506559679,
    "end": 1569506559680,
    "duration": 1,
    "pid": 25435,
    "index": 55
  },
  {
    "name": "Require(47) node_modules/_egg-logrotator@3.1.0@egg-logrotator/app.js",
    "start": 1569506559680,
    "end": 1569506559680,
    "duration": 0,
    "pid": 25435,
    "index": 56
  },
  {
    "name": "Require(48) node_modules/_egg-static@2.2.0@egg-static/app.js",
    "start": 1569506559680,
    "end": 1569506559680,
    "duration": 0,
    "pid": 25435,
    "index": 57
  },
  {
    "name": "Require(49) node_modules/_egg-mongoose@3.2.0@egg-mongoose/app.js",
    "start": 1569506559680,
    "end": 1569506559680,
    "duration": 0,
    "pid": 25435,
    "index": 58
  },
  {
    "name": "Require(50) node_modules/_egg-jwt@3.1.6@egg-jwt/app.js",
    "start": 1569506559680,
    "end": 1569506559680,
    "duration": 0,
    "pid": 25435,
    "index": 59
  },
  {
    "name": "Require(51) node_modules/_egg-router-group@1.1.0@egg-router-group/app.js",
    "start": 1569506559681,
    "end": 1569506559681,
    "duration": 0,
    "pid": 25435,
    "index": 60
  },
  {
    "name": "Before Start in node_modules/_egg-watcher@3.1.0@egg-watcher/lib/init.js:15:14",
    "start": 1569506559691,
    "end": 1569506560043,
    "duration": 352,
    "pid": 25435,
    "index": 61
  },
  {
    "name": "Before Start in node_modules/_egg-mongoose@3.2.0@egg-mongoose/lib/mongoose.js:91:7",
    "start": 1569506559910,
    "end": 1569506560039,
    "duration": 129,
    "pid": 25435,
    "index": 62
  },
  {
    "name": "Before Start in node_modules/_egg-mongoose@3.2.0@egg-mongoose/lib/mongoose.js:49:9",
    "start": 1569506559910,
    "end": 1569506560017,
    "duration": 107,
    "pid": 25435,
    "index": 63
  },
  {
    "name": "Before Start in node_modules/_egg-core@4.17.3@egg-core/lib/egg.js:303:10",
    "start": 1569506559910,
    "end": 1569506560017,
    "duration": 107,
    "pid": 25435,
    "index": 64
  },
  {
    "name": "Load Service",
    "start": 1569506559910,
    "end": 1569506559941,
    "duration": 31,
    "pid": 25435,
    "index": 65
  },
  {
    "name": "Load \"service\" to Context",
    "start": 1569506559911,
    "end": 1569506559941,
    "duration": 30,
    "pid": 25435,
    "index": 66
  },
  {
    "name": "Load Middleware",
    "start": 1569506559941,
    "end": 1569506559981,
    "duration": 40,
    "pid": 25435,
    "index": 67
  },
  {
    "name": "Load \"middlewares\" to Application",
    "start": 1569506559941,
    "end": 1569506559975,
    "duration": 34,
    "pid": 25435,
    "index": 68
  },
  {
    "name": "Load Controller",
    "start": 1569506559981,
    "end": 1569506559989,
    "duration": 8,
    "pid": 25435,
    "index": 69
  },
  {
    "name": "Load \"controller\" to Application",
    "start": 1569506559981,
    "end": 1569506559989,
    "duration": 8,
    "pid": 25435,
    "index": 70
  },
  {
    "name": "Load Router",
    "start": 1569506559989,
    "end": 1569506559992,
    "duration": 3,
    "pid": 25435,
    "index": 71
  },
  {
    "name": "Require(52) app/router.js",
    "start": 1569506559989,
    "end": 1569506559989,
    "duration": 0,
    "pid": 25435,
    "index": 72
  },
  {
    "name": "Load \"model\" to Application",
    "start": 1569506560002,
    "end": 1569506560016,
    "duration": 14,
    "pid": 25435,
    "index": 73
  }
]