[
  {
    "name": "Application Start",
    "start": 1569506338002,
    "end": 1569506338553,
    "duration": 551,
    "pid": 25342,
    "index": 0
  },
  {
    "name": "Load Plugin",
    "start": 1569506338006,
    "end": 1569506338015,
    "duration": 9,
    "pid": 25342,
    "index": 1
  },
  {
    "name": "Load Config",
    "start": 1569506338015,
    "end": 1569506338028,
    "duration": 13,
    "pid": 25342,
    "index": 2
  },
  {
    "name": "Require(0) config/config.default.js",
    "start": 1569506338015,
    "end": 1569506338016,
    "duration": 1,
    "pid": 25342,
    "index": 3
  },
  {
    "name": "Require(1) node_modules/_egg-session@3.1.0@egg-session/config/config.default.js",
    "start": 1569506338017,
    "end": 1569506338017,
    "duration": 0,
    "pid": 25342,
    "index": 4
  },
  {
    "name": "Require(2) node_modules/_egg-security@2.6.1@egg-security/config/config.default.js",
    "start": 1569506338017,
    "end": 1569506338017,
    "duration": 0,
    "pid": 25342,
    "index": 5
  },
  {
    "name": "Require(3) node_modules/_egg-jsonp@2.0.0@egg-jsonp/config/config.default.js",
    "start": 1569506338018,
    "end": 1569506338020,
    "duration": 2,
    "pid": 25342,
    "index": 6
  },
  {
    "name": "Require(4) node_modules/_egg-onerror@2.1.0@egg-onerror/config/config.default.js",
    "start": 1569506338020,
    "end": 1569506338021,
    "duration": 1,
    "pid": 25342,
    "index": 7
  },
  {
    "name": "Require(5) node_modules/_egg-i18n@2.1.1@egg-i18n/config/config.default.js",
    "start": 1569506338021,
    "end": 1569506338021,
    "duration": 0,
    "pid": 25342,
    "index": 8
  },
  {
    "name": "Require(6) node_modules/_egg-watcher@3.1.0@egg-watcher/config/config.default.js",
    "start": 1569506338021,
    "end": 1569506338022,
    "duration": 1,
    "pid": 25342,
    "index": 9
  },
  {
    "name": "Require(7) node_modules/_egg-schedule@3.6.4@egg-schedule/config/config.default.js",
    "start": 1569506338022,
    "end": 1569506338022,
    "duration": 0,
    "pid": 25342,
    "index": 10
  },
  {
    "name": "Require(8) node_modules/_egg-multipart@2.9.0@egg-multipart/config/config.default.js",
    "start": 1569506338022,
    "end": 1569506338022,
    "duration": 0,
    "pid": 25342,
    "index": 11
  },
  {
    "name": "Require(9) node_modules/_egg-development@2.4.3@egg-development/config/config.default.js",
    "start": 1569506338023,
    "end": 1569506338023,
    "duration": 0,
    "pid": 25342,
    "index": 12
  },
  {
    "name": "Require(10) node_modules/_egg-logrotator@3.1.0@egg-logrotator/config/config.default.js",
    "start": 1569506338023,
    "end": 1569506338023,
    "duration": 0,
    "pid": 25342,
    "index": 13
  },
  {
    "name": "Require(11) node_modules/_egg-static@2.2.0@egg-static/config/config.default.js",
    "start": 1569506338023,
    "end": 1569506338024,
    "duration": 1,
    "pid": 25342,
    "index": 14
  },
  {
    "name": "Require(12) node_modules/_egg-view@2.1.2@egg-view/config/config.default.js",
    "start": 1569506338024,
    "end": 1569506338024,
    "duration": 0,
    "pid": 25342,
    "index": 15
  },
  {
    "name": "Require(13) node_modules/_egg-mongoose@3.2.0@egg-mongoose/config/config.default.js",
    "start": 1569506338024,
    "end": 1569506338024,
    "duration": 0,
    "pid": 25342,
    "index": 16
  },
  {
    "name": "Require(14) node_modules/_egg-jwt@3.1.6@egg-jwt/config/config.default.js",
    "start": 1569506338024,
    "end": 1569506338025,
    "duration": 1,
    "pid": 25342,
    "index": 17
  },
  {
    "name": "Require(15) node_modules/_egg-router-group@1.1.0@egg-router-group/config/config.default.js",
    "start": 1569506338025,
    "end": 1569506338025,
    "duration": 0,
    "pid": 25342,
    "index": 18
  },
  {
    "name": "Require(16) node_modules/_egg@2.23.0@egg/config/config.default.js",
    "start": 1569506338025,
    "end": 1569506338025,
    "duration": 0,
    "pid": 25342,
    "index": 19
  },
  {
    "name": "Require(17) config/config.default.js",
    "start": 1569506338026,
    "end": 1569506338026,
    "duration": 0,
    "pid": 25342,
    "index": 20
  },
  {
    "name": "Require(18) node_modules/_egg-security@2.6.1@egg-security/config/config.local.js",
    "start": 1569506338027,
    "end": 1569506338027,
    "duration": 0,
    "pid": 25342,
    "index": 21
  },
  {
    "name": "Require(19) node_modules/_egg-watcher@3.1.0@egg-watcher/config/config.local.js",
    "start": 1569506338027,
    "end": 1569506338027,
    "duration": 0,
    "pid": 25342,
    "index": 22
  },
  {
    "name": "Require(20) node_modules/_egg-view@2.1.2@egg-view/config/config.local.js",
    "start": 1569506338028,
    "end": 1569506338028,
    "duration": 0,
    "pid": 25342,
    "index": 23
  },
  {
    "name": "Require(21) node_modules/_egg@2.23.0@egg/config/config.local.js",
    "start": 1569506338028,
    "end": 1569506338028,
    "duration": 0,
    "pid": 25342,
    "index": 24
  },
  {
    "name": "Load extend/application.js",
    "start": 1569506338030,
    "end": 1569506338061,
    "duration": 31,
    "pid": 25342,
    "index": 25
  },
  {
    "name": "Require(22) node_modules/_egg-session@3.1.0@egg-session/app/extend/application.js",
    "start": 1569506338030,
    "end": 1569506338030,
    "duration": 0,
    "pid": 25342,
    "index": 26
  },
  {
    "name": "Require(23) node_modules/_egg-security@2.6.1@egg-security/app/extend/application.js",
    "start": 1569506338030,
    "end": 1569506338031,
    "duration": 1,
    "pid": 25342,
    "index": 27
  },
  {
    "name": "Require(24) node_modules/_egg-jsonp@2.0.0@egg-jsonp/app/extend/application.js",
    "start": 1569506338031,
    "end": 1569506338032,
    "duration": 1,
    "pid": 25342,
    "index": 28
  },
  {
    "name": "Require(25) node_modules/_egg-logrotator@3.1.0@egg-logrotator/app/extend/application.js",
    "start": 1569506338032,
    "end": 1569506338033,
    "duration": 1,
    "pid": 25342,
    "index": 29
  },
  {
    "name": "Require(26) node_modules/_egg-view@2.1.2@egg-view/app/extend/application.js",
    "start": 1569506338033,
    "end": 1569506338034,
    "duration": 1,
    "pid": 25342,
    "index": 30
  },
  {
    "name": "Require(27) node_modules/_egg-jwt@3.1.6@egg-jwt/app/extend/application.js",
    "start": 1569506338034,
    "end": 1569506338060,
    "duration": 26,
    "pid": 25342,
    "index": 31
  },
  {
    "name": "Load extend/request.js",
    "start": 1569506338061,
    "end": 1569506338063,
    "duration": 2,
    "pid": 25342,
    "index": 32
  },
  {
    "name": "Require(28) node_modules/_egg@2.23.0@egg/app/extend/request.js",
    "start": 1569506338062,
    "end": 1569506338063,
    "duration": 1,
    "pid": 25342,
    "index": 33
  },
  {
    "name": "Load extend/response.js",
    "start": 1569506338063,
    "end": 1569506338065,
    "duration": 2,
    "pid": 25342,
    "index": 34
  },
  {
    "name": "Require(29) node_modules/_egg@2.23.0@egg/app/extend/response.js",
    "start": 1569506338064,
    "end": 1569506338064,
    "duration": 0,
    "pid": 25342,
    "index": 35
  },
  {
    "name": "Load extend/context.js",
    "start": 1569506338065,
    "end": 1569506338110,
    "duration": 45,
    "pid": 25342,
    "index": 36
  },
  {
    "name": "Require(30) node_modules/_egg-security@2.6.1@egg-security/app/extend/context.js",
    "start": 1569506338065,
    "end": 1569506338070,
    "duration": 5,
    "pid": 25342,
    "index": 37
  },
  {
    "name": "Require(31) node_modules/_egg-jsonp@2.0.0@egg-jsonp/app/extend/context.js",
    "start": 1569506338071,
    "end": 1569506338072,
    "duration": 1,
    "pid": 25342,
    "index": 38
  },
  {
    "name": "Require(32) node_modules/_egg-i18n@2.1.1@egg-i18n/app/extend/context.js",
    "start": 1569506338072,
    "end": 1569506338072,
    "duration": 0,
    "pid": 25342,
    "index": 39
  },
  {
    "name": "Require(33) node_modules/_egg-multipart@2.9.0@egg-multipart/app/extend/context.js",
    "start": 1569506338072,
    "end": 1569506338107,
    "duration": 35,
    "pid": 25342,
    "index": 40
  },
  {
    "name": "Require(34) node_modules/_egg-view@2.1.2@egg-view/app/extend/context.js",
    "start": 1569506338107,
    "end": 1569506338108,
    "duration": 1,
    "pid": 25342,
    "index": 41
  },
  {
    "name": "Require(35) node_modules/_egg-mongoose@3.2.0@egg-mongoose/app/extend/context.js",
    "start": 1569506338108,
    "end": 1569506338108,
    "duration": 0,
    "pid": 25342,
    "index": 42
  },
  {
    "name": "Require(36) node_modules/_egg@2.23.0@egg/app/extend/context.js",
    "start": 1569506338109,
    "end": 1569506338109,
    "duration": 0,
    "pid": 25342,
    "index": 43
  },
  {
    "name": "Load extend/helper.js",
    "start": 1569506338110,
    "end": 1569506338120,
    "duration": 10,
    "pid": 25342,
    "index": 44
  },
  {
    "name": "Require(37) node_modules/_egg-security@2.6.1@egg-security/app/extend/helper.js",
    "start": 1569506338110,
    "end": 1569506338118,
    "duration": 8,
    "pid": 25342,
    "index": 45
  },
  {
    "name": "Require(38) node_modules/_egg@2.23.0@egg/app/extend/helper.js",
    "start": 1569506338119,
    "end": 1569506338119,
    "duration": 0,
    "pid": 25342,
    "index": 46
  },
  {
    "name": "Load app.js",
    "start": 1569506338121,
    "end": 1569506338138,
    "duration": 17,
    "pid": 25342,
    "index": 47
  },
  {
    "name": "Require(39) node_modules/_egg-session@3.1.0@egg-session/app.js",
    "start": 1569506338121,
    "end": 1569506338121,
    "duration": 0,
    "pid": 25342,
    "index": 48
  },
  {
    "name": "Require(40) node_modules/_egg-security@2.6.1@egg-security/app.js",
    "start": 1569506338121,
    "end": 1569506338122,
    "duration": 1,
    "pid": 25342,
    "index": 49
  },
  {
    "name": "Require(41) node_modules/_egg-onerror@2.1.0@egg-onerror/app.js",
    "start": 1569506338122,
    "end": 1569506338128,
    "duration": 6,
    "pid": 25342,
    "index": 50
  },
  {
    "name": "Require(42) node_modules/_egg-i18n@2.1.1@egg-i18n/app.js",
    "start": 1569506338128,
    "end": 1569506338131,
    "duration": 3,
    "pid": 25342,
    "index": 51
  },
  {
    "name": "Require(43) node_modules/_egg-watcher@3.1.0@egg-watcher/app.js",
    "start": 1569506338131,
    "end": 1569506338132,
    "duration": 1,
    "pid": 25342,
    "index": 52
  },
  {
    "name": "Require(44) node_modules/_egg-schedule@3.6.4@egg-schedule/app.js",
    "start": 1569506338132,
    "end": 1569506338133,
    "duration": 1,
    "pid": 25342,
    "index": 53
  },
  {
    "name": "Require(45) node_modules/_egg-multipart@2.9.0@egg-multipart/app.js",
    "start": 1569506338134,
    "end": 1569506338135,
    "duration": 1,
    "pid": 25342,
    "index": 54
  },
  {
    "name": "Require(46) node_modules/_egg-development@2.4.3@egg-development/app.js",
    "start": 1569506338135,
    "end": 1569506338135,
    "duration": 0,
    "pid": 25342,
    "index": 55
  },
  {
    "name": "Require(47) node_modules/_egg-logrotator@3.1.0@egg-logrotator/app.js",
    "start": 1569506338135,
    "end": 1569506338136,
    "duration": 1,
    "pid": 25342,
    "index": 56
  },
  {
    "name": "Require(48) node_modules/_egg-static@2.2.0@egg-static/app.js",
    "start": 1569506338136,
    "end": 1569506338136,
    "duration": 0,
    "pid": 25342,
    "index": 57
  },
  {
    "name": "Require(49) node_modules/_egg-mongoose@3.2.0@egg-mongoose/app.js",
    "start": 1569506338136,
    "end": 1569506338136,
    "duration": 0,
    "pid": 25342,
    "index": 58
  },
  {
    "name": "Require(50) node_modules/_egg-jwt@3.1.6@egg-jwt/app.js",
    "start": 1569506338136,
    "end": 1569506338137,
    "duration": 1,
    "pid": 25342,
    "index": 59
  },
  {
    "name": "Require(51) node_modules/_egg-router-group@1.1.0@egg-router-group/app.js",
    "start": 1569506338137,
    "end": 1569506338138,
    "duration": 1,
    "pid": 25342,
    "index": 60
  },
  {
    "name": "Before Start in node_modules/_egg-watcher@3.1.0@egg-watcher/lib/init.js:15:14",
    "start": 1569506338147,
    "end": 1569506338548,
    "duration": 401,
    "pid": 25342,
    "index": 61
  },
  {
    "name": "Before Start in node_modules/_egg-mongoose@3.2.0@egg-mongoose/lib/mongoose.js:91:7",
    "start": 1569506338417,
    "end": 1569506338545,
    "duration": 128,
    "pid": 25342,
    "index": 62
  },
  {
    "name": "Before Start in node_modules/_egg-mongoose@3.2.0@egg-mongoose/lib/mongoose.js:49:9",
    "start": 1569506338417,
    "end": 1569506338523,
    "duration": 106,
    "pid": 25342,
    "index": 63
  },
  {
    "name": "Before Start in node_modules/_egg-core@4.17.3@egg-core/lib/egg.js:303:10",
    "start": 1569506338418,
    "end": 1569506338523,
    "duration": 105,
    "pid": 25342,
    "index": 64
  },
  {
    "name": "Load Service",
    "start": 1569506338418,
    "end": 1569506338449,
    "duration": 31,
    "pid": 25342,
    "index": 65
  },
  {
    "name": "Load \"service\" to Context",
    "start": 1569506338419,
    "end": 1569506338449,
    "duration": 30,
    "pid": 25342,
    "index": 66
  },
  {
    "name": "Load Middleware",
    "start": 1569506338450,
    "end": 1569506338490,
    "duration": 40,
    "pid": 25342,
    "index": 67
  },
  {
    "name": "Load \"middlewares\" to Application",
    "start": 1569506338450,
    "end": 1569506338485,
    "duration": 35,
    "pid": 25342,
    "index": 68
  },
  {
    "name": "Load Controller",
    "start": 1569506338490,
    "end": 1569506338498,
    "duration": 8,
    "pid": 25342,
    "index": 69
  },
  {
    "name": "Load \"controller\" to Application",
    "start": 1569506338490,
    "end": 1569506338498,
    "duration": 8,
    "pid": 25342,
    "index": 70
  },
  {
    "name": "Load Router",
    "start": 1569506338498,
    "end": 1569506338500,
    "duration": 2,
    "pid": 25342,
    "index": 71
  },
  {
    "name": "Require(52) app/router.js",
    "start": 1569506338498,
    "end": 1569506338498,
    "duration": 0,
    "pid": 25342,
    "index": 72
  },
  {
    "name": "Load \"model\" to Application",
    "start": 1569506338509,
    "end": 1569506338522,
    "duration": 13,
    "pid": 25342,
    "index": 73
  }
]