[
  {
    "name": "Application Start",
    "start": 1569504073402,
    "end": 1569504074082,
    "duration": 680,
    "pid": 24385,
    "index": 0
  },
  {
    "name": "Load Plugin",
    "start": 1569504073407,
    "end": 1569504073415,
    "duration": 8,
    "pid": 24385,
    "index": 1
  },
  {
    "name": "Load Config",
    "start": 1569504073415,
    "end": 1569504073429,
    "duration": 14,
    "pid": 24385,
    "index": 2
  },
  {
    "name": "Require(0) config/config.default.js",
    "start": 1569504073416,
    "end": 1569504073416,
    "duration": 0,
    "pid": 24385,
    "index": 3
  },
  {
    "name": "Require(1) node_modules/_egg-session@3.1.0@egg-session/config/config.default.js",
    "start": 1569504073417,
    "end": 1569504073417,
    "duration": 0,
    "pid": 24385,
    "index": 4
  },
  {
    "name": "Require(2) node_modules/_egg-security@2.6.1@egg-security/config/config.default.js",
    "start": 1569504073417,
    "end": 1569504073418,
    "duration": 1,
    "pid": 24385,
    "index": 5
  },
  {
    "name": "Require(3) node_modules/_egg-jsonp@2.0.0@egg-jsonp/config/config.default.js",
    "start": 1569504073418,
    "end": 1569504073421,
    "duration": 3,
    "pid": 24385,
    "index": 6
  },
  {
    "name": "Require(4) node_modules/_egg-onerror@2.1.0@egg-onerror/config/config.default.js",
    "start": 1569504073421,
    "end": 1569504073421,
    "duration": 0,
    "pid": 24385,
    "index": 7
  },
  {
    "name": "Require(5) node_modules/_egg-i18n@2.1.1@egg-i18n/config/config.default.js",
    "start": 1569504073422,
    "end": 1569504073422,
    "duration": 0,
    "pid": 24385,
    "index": 8
  },
  {
    "name": "Require(6) node_modules/_egg-watcher@3.1.0@egg-watcher/config/config.default.js",
    "start": 1569504073422,
    "end": 1569504073422,
    "duration": 0,
    "pid": 24385,
    "index": 9
  },
  {
    "name": "Require(7) node_modules/_egg-schedule@3.6.4@egg-schedule/config/config.default.js",
    "start": 1569504073423,
    "end": 1569504073423,
    "duration": 0,
    "pid": 24385,
    "index": 10
  },
  {
    "name": "Require(8) node_modules/_egg-multipart@2.9.0@egg-multipart/config/config.default.js",
    "start": 1569504073423,
    "end": 1569504073423,
    "duration": 0,
    "pid": 24385,
    "index": 11
  },
  {
    "name": "Require(9) node_modules/_egg-development@2.4.3@egg-development/config/config.default.js",
    "start": 1569504073423,
    "end": 1569504073424,
    "duration": 1,
    "pid": 24385,
    "index": 12
  },
  {
    "name": "Require(10) node_modules/_egg-logrotator@3.1.0@egg-logrotator/config/config.default.js",
    "start": 1569504073424,
    "end": 1569504073424,
    "duration": 0,
    "pid": 24385,
    "index": 13
  },
  {
    "name": "Require(11) node_modules/_egg-static@2.2.0@egg-static/config/config.default.js",
    "start": 1569504073424,
    "end": 1569504073424,
    "duration": 0,
    "pid": 24385,
    "index": 14
  },
  {
    "name": "Require(12) node_modules/_egg-view@2.1.2@egg-view/config/config.default.js",
    "start": 1569504073424,
    "end": 1569504073425,
    "duration": 1,
    "pid": 24385,
    "index": 15
  },
  {
    "name": "Require(13) node_modules/_egg-mongoose@3.2.0@egg-mongoose/config/config.default.js",
    "start": 1569504073425,
    "end": 1569504073425,
    "duration": 0,
    "pid": 24385,
    "index": 16
  },
  {
    "name": "Require(14) node_modules/_egg-jwt@3.1.6@egg-jwt/config/config.default.js",
    "start": 1569504073425,
    "end": 1569504073425,
    "duration": 0,
    "pid": 24385,
    "index": 17
  },
  {
    "name": "Require(15) node_modules/_egg-router-group@1.1.0@egg-router-group/config/config.default.js",
    "start": 1569504073425,
    "end": 1569504073426,
    "duration": 1,
    "pid": 24385,
    "index": 18
  },
  {
    "name": "Require(16) node_modules/_egg@2.23.0@egg/config/config.default.js",
    "start": 1569504073426,
    "end": 1569504073426,
    "duration": 0,
    "pid": 24385,
    "index": 19
  },
  {
    "name": "Require(17) config/config.default.js",
    "start": 1569504073427,
    "end": 1569504073427,
    "duration": 0,
    "pid": 24385,
    "index": 20
  },
  {
    "name": "Require(18) node_modules/_egg-security@2.6.1@egg-security/config/config.local.js",
    "start": 1569504073427,
    "end": 1569504073428,
    "duration": 1,
    "pid": 24385,
    "index": 21
  },
  {
    "name": "Require(19) node_modules/_egg-watcher@3.1.0@egg-watcher/config/config.local.js",
    "start": 1569504073428,
    "end": 1569504073428,
    "duration": 0,
    "pid": 24385,
    "index": 22
  },
  {
    "name": "Require(20) node_modules/_egg-view@2.1.2@egg-view/config/config.local.js",
    "start": 1569504073428,
    "end": 1569504073428,
    "duration": 0,
    "pid": 24385,
    "index": 23
  },
  {
    "name": "Require(21) node_modules/_egg@2.23.0@egg/config/config.local.js",
    "start": 1569504073429,
    "end": 1569504073429,
    "duration": 0,
    "pid": 24385,
    "index": 24
  },
  {
    "name": "Load extend/application.js",
    "start": 1569504073430,
    "end": 1569504073471,
    "duration": 41,
    "pid": 24385,
    "index": 25
  },
  {
    "name": "Require(22) node_modules/_egg-session@3.1.0@egg-session/app/extend/application.js",
    "start": 1569504073431,
    "end": 1569504073431,
    "duration": 0,
    "pid": 24385,
    "index": 26
  },
  {
    "name": "Require(23) node_modules/_egg-security@2.6.1@egg-security/app/extend/application.js",
    "start": 1569504073431,
    "end": 1569504073432,
    "duration": 1,
    "pid": 24385,
    "index": 27
  },
  {
    "name": "Require(24) node_modules/_egg-jsonp@2.0.0@egg-jsonp/app/extend/application.js",
    "start": 1569504073432,
    "end": 1569504073433,
    "duration": 1,
    "pid": 24385,
    "index": 28
  },
  {
    "name": "Require(25) node_modules/_egg-logrotator@3.1.0@egg-logrotator/app/extend/application.js",
    "start": 1569504073433,
    "end": 1569504073435,
    "duration": 2,
    "pid": 24385,
    "index": 29
  },
  {
    "name": "Require(26) node_modules/_egg-view@2.1.2@egg-view/app/extend/application.js",
    "start": 1569504073435,
    "end": 1569504073436,
    "duration": 1,
    "pid": 24385,
    "index": 30
  },
  {
    "name": "Require(27) node_modules/_egg-jwt@3.1.6@egg-jwt/app/extend/application.js",
    "start": 1569504073436,
    "end": 1569504073470,
    "duration": 34,
    "pid": 24385,
    "index": 31
  },
  {
    "name": "Load extend/request.js",
    "start": 1569504073471,
    "end": 1569504073474,
    "duration": 3,
    "pid": 24385,
    "index": 32
  },
  {
    "name": "Require(28) node_modules/_egg@2.23.0@egg/app/extend/request.js",
    "start": 1569504073472,
    "end": 1569504073473,
    "duration": 1,
    "pid": 24385,
    "index": 33
  },
  {
    "name": "Load extend/response.js",
    "start": 1569504073474,
    "end": 1569504073476,
    "duration": 2,
    "pid": 24385,
    "index": 34
  },
  {
    "name": "Require(29) node_modules/_egg@2.23.0@egg/app/extend/response.js",
    "start": 1569504073475,
    "end": 1569504073475,
    "duration": 0,
    "pid": 24385,
    "index": 35
  },
  {
    "name": "Load extend/context.js",
    "start": 1569504073476,
    "end": 1569504073543,
    "duration": 67,
    "pid": 24385,
    "index": 36
  },
  {
    "name": "Require(30) node_modules/_egg-security@2.6.1@egg-security/app/extend/context.js",
    "start": 1569504073476,
    "end": 1569504073482,
    "duration": 6,
    "pid": 24385,
    "index": 37
  },
  {
    "name": "Require(31) node_modules/_egg-jsonp@2.0.0@egg-jsonp/app/extend/context.js",
    "start": 1569504073483,
    "end": 1569504073483,
    "duration": 0,
    "pid": 24385,
    "index": 38
  },
  {
    "name": "Require(32) node_modules/_egg-i18n@2.1.1@egg-i18n/app/extend/context.js",
    "start": 1569504073484,
    "end": 1569504073484,
    "duration": 0,
    "pid": 24385,
    "index": 39
  },
  {
    "name": "Require(33) node_modules/_egg-multipart@2.9.0@egg-multipart/app/extend/context.js",
    "start": 1569504073484,
    "end": 1569504073540,
    "duration": 56,
    "pid": 24385,
    "index": 40
  },
  {
    "name": "Require(34) node_modules/_egg-view@2.1.2@egg-view/app/extend/context.js",
    "start": 1569504073540,
    "end": 1569504073541,
    "duration": 1,
    "pid": 24385,
    "index": 41
  },
  {
    "name": "Require(35) node_modules/_egg-mongoose@3.2.0@egg-mongoose/app/extend/context.js",
    "start": 1569504073541,
    "end": 1569504073541,
    "duration": 0,
    "pid": 24385,
    "index": 42
  },
  {
    "name": "Require(36) node_modules/_egg@2.23.0@egg/app/extend/context.js",
    "start": 1569504073541,
    "end": 1569504073542,
    "duration": 1,
    "pid": 24385,
    "index": 43
  },
  {
    "name": "Load extend/helper.js",
    "start": 1569504073543,
    "end": 1569504073555,
    "duration": 12,
    "pid": 24385,
    "index": 44
  },
  {
    "name": "Require(37) node_modules/_egg-security@2.6.1@egg-security/app/extend/helper.js",
    "start": 1569504073544,
    "end": 1569504073553,
    "duration": 9,
    "pid": 24385,
    "index": 45
  },
  {
    "name": "Require(38) node_modules/_egg@2.23.0@egg/app/extend/helper.js",
    "start": 1569504073553,
    "end": 1569504073554,
    "duration": 1,
    "pid": 24385,
    "index": 46
  },
  {
    "name": "Load app.js",
    "start": 1569504073555,
    "end": 1569504073572,
    "duration": 17,
    "pid": 24385,
    "index": 47
  },
  {
    "name": "Require(39) node_modules/_egg-session@3.1.0@egg-session/app.js",
    "start": 1569504073555,
    "end": 1569504073555,
    "duration": 0,
    "pid": 24385,
    "index": 48
  },
  {
    "name": "Require(40) node_modules/_egg-security@2.6.1@egg-security/app.js",
    "start": 1569504073555,
    "end": 1569504073556,
    "duration": 1,
    "pid": 24385,
    "index": 49
  },
  {
    "name": "Require(41) node_modules/_egg-onerror@2.1.0@egg-onerror/app.js",
    "start": 1569504073557,
    "end": 1569504073562,
    "duration": 5,
    "pid": 24385,
    "index": 50
  },
  {
    "name": "Require(42) node_modules/_egg-i18n@2.1.1@egg-i18n/app.js",
    "start": 1569504073562,
    "end": 1569504073565,
    "duration": 3,
    "pid": 24385,
    "index": 51
  },
  {
    "name": "Require(43) node_modules/_egg-watcher@3.1.0@egg-watcher/app.js",
    "start": 1569504073565,
    "end": 1569504073566,
    "duration": 1,
    "pid": 24385,
    "index": 52
  },
  {
    "name": "Require(44) node_modules/_egg-schedule@3.6.4@egg-schedule/app.js",
    "start": 1569504073566,
    "end": 1569504073568,
    "duration": 2,
    "pid": 24385,
    "index": 53
  },
  {
    "name": "Require(45) node_modules/_egg-multipart@2.9.0@egg-multipart/app.js",
    "start": 1569504073568,
    "end": 1569504073569,
    "duration": 1,
    "pid": 24385,
    "index": 54
  },
  {
    "name": "Require(46) node_modules/_egg-development@2.4.3@egg-development/app.js",
    "start": 1569504073569,
    "end": 1569504073569,
    "duration": 0,
    "pid": 24385,
    "index": 55
  },
  {
    "name": "Require(47) node_modules/_egg-logrotator@3.1.0@egg-logrotator/app.js",
    "start": 1569504073569,
    "end": 1569504073570,
    "duration": 1,
    "pid": 24385,
    "index": 56
  },
  {
    "name": "Require(48) node_modules/_egg-static@2.2.0@egg-static/app.js",
    "start": 1569504073570,
    "end": 1569504073570,
    "duration": 0,
    "pid": 24385,
    "index": 57
  },
  {
    "name": "Require(49) node_modules/_egg-mongoose@3.2.0@egg-mongoose/app.js",
    "start": 1569504073570,
    "end": 1569504073570,
    "duration": 0,
    "pid": 24385,
    "index": 58
  },
  {
    "name": "Require(50) node_modules/_egg-jwt@3.1.6@egg-jwt/app.js",
    "start": 1569504073570,
    "end": 1569504073570,
    "duration": 0,
    "pid": 24385,
    "index": 59
  },
  {
    "name": "Require(51) node_modules/_egg-router-group@1.1.0@egg-router-group/app.js",
    "start": 1569504073571,
    "end": 1569504073572,
    "duration": 1,
    "pid": 24385,
    "index": 60
  },
  {
    "name": "Before Start in node_modules/_egg-watcher@3.1.0@egg-watcher/lib/init.js:15:14",
    "start": 1569504073582,
    "end": 1569504074075,
    "duration": 493,
    "pid": 24385,
    "index": 61
  },
  {
    "name": "Before Start in node_modules/_egg-mongoose@3.2.0@egg-mongoose/lib/mongoose.js:91:7",
    "start": 1569504073881,
    "end": 1569504074072,
    "duration": 191,
    "pid": 24385,
    "index": 62
  },
  {
    "name": "Before Start in node_modules/_egg-mongoose@3.2.0@egg-mongoose/lib/mongoose.js:49:9",
    "start": 1569504073882,
    "end": 1569504074045,
    "duration": 163,
    "pid": 24385,
    "index": 63
  },
  {
    "name": "Before Start in node_modules/_egg-core@4.17.3@egg-core/lib/egg.js:303:10",
    "start": 1569504073882,
    "end": 1569504074045,
    "duration": 163,
    "pid": 24385,
    "index": 64
  },
  {
    "name": "Load Service",
    "start": 1569504073883,
    "end": 1569504073930,
    "duration": 47,
    "pid": 24385,
    "index": 65
  },
  {
    "name": "Load \"service\" to Context",
    "start": 1569504073883,
    "end": 1569504073930,
    "duration": 47,
    "pid": 24385,
    "index": 66
  },
  {
    "name": "Load Middleware",
    "start": 1569504073930,
    "end": 1569504074006,
    "duration": 76,
    "pid": 24385,
    "index": 67
  },
  {
    "name": "Load \"middlewares\" to Application",
    "start": 1569504073930,
    "end": 1569504073998,
    "duration": 68,
    "pid": 24385,
    "index": 68
  },
  {
    "name": "Load Controller",
    "start": 1569504074006,
    "end": 1569504074016,
    "duration": 10,
    "pid": 24385,
    "index": 69
  },
  {
    "name": "Load \"controller\" to Application",
    "start": 1569504074006,
    "end": 1569504074016,
    "duration": 10,
    "pid": 24385,
    "index": 70
  },
  {
    "name": "Load Router",
    "start": 1569504074016,
    "end": 1569504074019,
    "duration": 3,
    "pid": 24385,
    "index": 71
  },
  {
    "name": "Require(52) app/router.js",
    "start": 1569504074016,
    "end": 1569504074016,
    "duration": 0,
    "pid": 24385,
    "index": 72
  },
  {
    "name": "Load \"model\" to Application",
    "start": 1569504074029,
    "end": 1569504074044,
    "duration": 15,
    "pid": 24385,
    "index": 73
  }
]