[
  {
    "name": "Application Start",
    "start": 1569503196518,
    "end": 1569503197061,
    "duration": 543,
    "pid": 23963,
    "index": 0
  },
  {
    "name": "Load Plugin",
    "start": 1569503196522,
    "end": 1569503196531,
    "duration": 9,
    "pid": 23963,
    "index": 1
  },
  {
    "name": "Load Config",
    "start": 1569503196531,
    "end": 1569503196545,
    "duration": 14,
    "pid": 23963,
    "index": 2
  },
  {
    "name": "Require(0) config/config.default.js",
    "start": 1569503196532,
    "end": 1569503196532,
    "duration": 0,
    "pid": 23963,
    "index": 3
  },
  {
    "name": "Require(1) node_modules/_egg-session@3.1.0@egg-session/config/config.default.js",
    "start": 1569503196533,
    "end": 1569503196533,
    "duration": 0,
    "pid": 23963,
    "index": 4
  },
  {
    "name": "Require(2) node_modules/_egg-security@2.6.1@egg-security/config/config.default.js",
    "start": 1569503196534,
    "end": 1569503196534,
    "duration": 0,
    "pid": 23963,
    "index": 5
  },
  {
    "name": "Require(3) node_modules/_egg-jsonp@2.0.0@egg-jsonp/config/config.default.js",
    "start": 1569503196535,
    "end": 1569503196537,
    "duration": 2,
    "pid": 23963,
    "index": 6
  },
  {
    "name": "Require(4) node_modules/_egg-onerror@2.1.0@egg-onerror/config/config.default.js",
    "start": 1569503196537,
    "end": 1569503196537,
    "duration": 0,
    "pid": 23963,
    "index": 7
  },
  {
    "name": "Require(5) node_modules/_egg-i18n@2.1.1@egg-i18n/config/config.default.js",
    "start": 1569503196537,
    "end": 1569503196537,
    "duration": 0,
    "pid": 23963,
    "index": 8
  },
  {
    "name": "Require(6) node_modules/_egg-watcher@3.1.0@egg-watcher/config/config.default.js",
    "start": 1569503196537,
    "end": 1569503196538,
    "duration": 1,
    "pid": 23963,
    "index": 9
  },
  {
    "name": "Require(7) node_modules/_egg-schedule@3.6.4@egg-schedule/config/config.default.js",
    "start": 1569503196538,
    "end": 1569503196538,
    "duration": 0,
    "pid": 23963,
    "index": 10
  },
  {
    "name": "Require(8) node_modules/_egg-multipart@2.9.0@egg-multipart/config/config.default.js",
    "start": 1569503196538,
    "end": 1569503196538,
    "duration": 0,
    "pid": 23963,
    "index": 11
  },
  {
    "name": "Require(9) node_modules/_egg-development@2.4.3@egg-development/config/config.default.js",
    "start": 1569503196539,
    "end": 1569503196539,
    "duration": 0,
    "pid": 23963,
    "index": 12
  },
  {
    "name": "Require(10) node_modules/_egg-logrotator@3.1.0@egg-logrotator/config/config.default.js",
    "start": 1569503196539,
    "end": 1569503196539,
    "duration": 0,
    "pid": 23963,
    "index": 13
  },
  {
    "name": "Require(11) node_modules/_egg-static@2.2.0@egg-static/config/config.default.js",
    "start": 1569503196540,
    "end": 1569503196540,
    "duration": 0,
    "pid": 23963,
    "index": 14
  },
  {
    "name": "Require(12) node_modules/_egg-view@2.1.2@egg-view/config/config.default.js",
    "start": 1569503196540,
    "end": 1569503196540,
    "duration": 0,
    "pid": 23963,
    "index": 15
  },
  {
    "name": "Require(13) node_modules/_egg-mongoose@3.2.0@egg-mongoose/config/config.default.js",
    "start": 1569503196540,
    "end": 1569503196541,
    "duration": 1,
    "pid": 23963,
    "index": 16
  },
  {
    "name": "Require(14) node_modules/_egg-jwt@3.1.6@egg-jwt/config/config.default.js",
    "start": 1569503196541,
    "end": 1569503196541,
    "duration": 0,
    "pid": 23963,
    "index": 17
  },
  {
    "name": "Require(15) node_modules/_egg-router-group@1.1.0@egg-router-group/config/config.default.js",
    "start": 1569503196541,
    "end": 1569503196541,
    "duration": 0,
    "pid": 23963,
    "index": 18
  },
  {
    "name": "Require(16) node_modules/_egg@2.23.0@egg/config/config.default.js",
    "start": 1569503196541,
    "end": 1569503196542,
    "duration": 1,
    "pid": 23963,
    "index": 19
  },
  {
    "name": "Require(17) config/config.default.js",
    "start": 1569503196543,
    "end": 1569503196543,
    "duration": 0,
    "pid": 23963,
    "index": 20
  },
  {
    "name": "Require(18) node_modules/_egg-security@2.6.1@egg-security/config/config.local.js",
    "start": 1569503196543,
    "end": 1569503196543,
    "duration": 0,
    "pid": 23963,
    "index": 21
  },
  {
    "name": "Require(19) node_modules/_egg-watcher@3.1.0@egg-watcher/config/config.local.js",
    "start": 1569503196544,
    "end": 1569503196544,
    "duration": 0,
    "pid": 23963,
    "index": 22
  },
  {
    "name": "Require(20) node_modules/_egg-view@2.1.2@egg-view/config/config.local.js",
    "start": 1569503196544,
    "end": 1569503196544,
    "duration": 0,
    "pid": 23963,
    "index": 23
  },
  {
    "name": "Require(21) node_modules/_egg@2.23.0@egg/config/config.local.js",
    "start": 1569503196544,
    "end": 1569503196544,
    "duration": 0,
    "pid": 23963,
    "index": 24
  },
  {
    "name": "Load extend/application.js",
    "start": 1569503196546,
    "end": 1569503196576,
    "duration": 30,
    "pid": 23963,
    "index": 25
  },
  {
    "name": "Require(22) node_modules/_egg-session@3.1.0@egg-session/app/extend/application.js",
    "start": 1569503196546,
    "end": 1569503196546,
    "duration": 0,
    "pid": 23963,
    "index": 26
  },
  {
    "name": "Require(23) node_modules/_egg-security@2.6.1@egg-security/app/extend/application.js",
    "start": 1569503196547,
    "end": 1569503196547,
    "duration": 0,
    "pid": 23963,
    "index": 27
  },
  {
    "name": "Require(24) node_modules/_egg-jsonp@2.0.0@egg-jsonp/app/extend/application.js",
    "start": 1569503196547,
    "end": 1569503196548,
    "duration": 1,
    "pid": 23963,
    "index": 28
  },
  {
    "name": "Require(25) node_modules/_egg-logrotator@3.1.0@egg-logrotator/app/extend/application.js",
    "start": 1569503196549,
    "end": 1569503196549,
    "duration": 0,
    "pid": 23963,
    "index": 29
  },
  {
    "name": "Require(26) node_modules/_egg-view@2.1.2@egg-view/app/extend/application.js",
    "start": 1569503196550,
    "end": 1569503196550,
    "duration": 0,
    "pid": 23963,
    "index": 30
  },
  {
    "name": "Require(27) node_modules/_egg-jwt@3.1.6@egg-jwt/app/extend/application.js",
    "start": 1569503196550,
    "end": 1569503196575,
    "duration": 25,
    "pid": 23963,
    "index": 31
  },
  {
    "name": "Load extend/request.js",
    "start": 1569503196576,
    "end": 1569503196578,
    "duration": 2,
    "pid": 23963,
    "index": 32
  },
  {
    "name": "Require(28) node_modules/_egg@2.23.0@egg/app/extend/request.js",
    "start": 1569503196577,
    "end": 1569503196577,
    "duration": 0,
    "pid": 23963,
    "index": 33
  },
  {
    "name": "Load extend/response.js",
    "start": 1569503196578,
    "end": 1569503196580,
    "duration": 2,
    "pid": 23963,
    "index": 34
  },
  {
    "name": "Require(29) node_modules/_egg@2.23.0@egg/app/extend/response.js",
    "start": 1569503196578,
    "end": 1569503196579,
    "duration": 1,
    "pid": 23963,
    "index": 35
  },
  {
    "name": "Load extend/context.js",
    "start": 1569503196580,
    "end": 1569503196627,
    "duration": 47,
    "pid": 23963,
    "index": 36
  },
  {
    "name": "Require(30) node_modules/_egg-security@2.6.1@egg-security/app/extend/context.js",
    "start": 1569503196580,
    "end": 1569503196587,
    "duration": 7,
    "pid": 23963,
    "index": 37
  },
  {
    "name": "Require(31) node_modules/_egg-jsonp@2.0.0@egg-jsonp/app/extend/context.js",
    "start": 1569503196587,
    "end": 1569503196588,
    "duration": 1,
    "pid": 23963,
    "index": 38
  },
  {
    "name": "Require(32) node_modules/_egg-i18n@2.1.1@egg-i18n/app/extend/context.js",
    "start": 1569503196588,
    "end": 1569503196589,
    "duration": 1,
    "pid": 23963,
    "index": 39
  },
  {
    "name": "Require(33) node_modules/_egg-multipart@2.9.0@egg-multipart/app/extend/context.js",
    "start": 1569503196589,
    "end": 1569503196624,
    "duration": 35,
    "pid": 23963,
    "index": 40
  },
  {
    "name": "Require(34) node_modules/_egg-view@2.1.2@egg-view/app/extend/context.js",
    "start": 1569503196625,
    "end": 1569503196625,
    "duration": 0,
    "pid": 23963,
    "index": 41
  },
  {
    "name": "Require(35) node_modules/_egg-mongoose@3.2.0@egg-mongoose/app/extend/context.js",
    "start": 1569503196626,
    "end": 1569503196626,
    "duration": 0,
    "pid": 23963,
    "index": 42
  },
  {
    "name": "Require(36) node_modules/_egg@2.23.0@egg/app/extend/context.js",
    "start": 1569503196626,
    "end": 1569503196627,
    "duration": 1,
    "pid": 23963,
    "index": 43
  },
  {
    "name": "Load extend/helper.js",
    "start": 1569503196627,
    "end": 1569503196636,
    "duration": 9,
    "pid": 23963,
    "index": 44
  },
  {
    "name": "Require(37) node_modules/_egg-security@2.6.1@egg-security/app/extend/helper.js",
    "start": 1569503196627,
    "end": 1569503196635,
    "duration": 8,
    "pid": 23963,
    "index": 45
  },
  {
    "name": "Require(38) node_modules/_egg@2.23.0@egg/app/extend/helper.js",
    "start": 1569503196636,
    "end": 1569503196636,
    "duration": 0,
    "pid": 23963,
    "index": 46
  },
  {
    "name": "Load app.js",
    "start": 1569503196637,
    "end": 1569503196653,
    "duration": 16,
    "pid": 23963,
    "index": 47
  },
  {
    "name": "Require(39) node_modules/_egg-session@3.1.0@egg-session/app.js",
    "start": 1569503196637,
    "end": 1569503196637,
    "duration": 0,
    "pid": 23963,
    "index": 48
  },
  {
    "name": "Require(40) node_modules/_egg-security@2.6.1@egg-security/app.js",
    "start": 1569503196637,
    "end": 1569503196638,
    "duration": 1,
    "pid": 23963,
    "index": 49
  },
  {
    "name": "Require(41) node_modules/_egg-onerror@2.1.0@egg-onerror/app.js",
    "start": 1569503196638,
    "end": 1569503196642,
    "duration": 4,
    "pid": 23963,
    "index": 50
  },
  {
    "name": "Require(42) node_modules/_egg-i18n@2.1.1@egg-i18n/app.js",
    "start": 1569503196643,
    "end": 1569503196646,
    "duration": 3,
    "pid": 23963,
    "index": 51
  },
  {
    "name": "Require(43) node_modules/_egg-watcher@3.1.0@egg-watcher/app.js",
    "start": 1569503196646,
    "end": 1569503196647,
    "duration": 1,
    "pid": 23963,
    "index": 52
  },
  {
    "name": "Require(44) node_modules/_egg-schedule@3.6.4@egg-schedule/app.js",
    "start": 1569503196647,
    "end": 1569503196648,
    "duration": 1,
    "pid": 23963,
    "index": 53
  },
  {
    "name": "Require(45) node_modules/_egg-multipart@2.9.0@egg-multipart/app.js",
    "start": 1569503196648,
    "end": 1569503196649,
    "duration": 1,
    "pid": 23963,
    "index": 54
  },
  {
    "name": "Require(46) node_modules/_egg-development@2.4.3@egg-development/app.js",
    "start": 1569503196649,
    "end": 1569503196650,
    "duration": 1,
    "pid": 23963,
    "index": 55
  },
  {
    "name": "Require(47) node_modules/_egg-logrotator@3.1.0@egg-logrotator/app.js",
    "start": 1569503196650,
    "end": 1569503196650,
    "duration": 0,
    "pid": 23963,
    "index": 56
  },
  {
    "name": "Require(48) node_modules/_egg-static@2.2.0@egg-static/app.js",
    "start": 1569503196650,
    "end": 1569503196650,
    "duration": 0,
    "pid": 23963,
    "index": 57
  },
  {
    "name": "Require(49) node_modules/_egg-mongoose@3.2.0@egg-mongoose/app.js",
    "start": 1569503196650,
    "end": 1569503196651,
    "duration": 1,
    "pid": 23963,
    "index": 58
  },
  {
    "name": "Require(50) node_modules/_egg-jwt@3.1.6@egg-jwt/app.js",
    "start": 1569503196651,
    "end": 1569503196652,
    "duration": 1,
    "pid": 23963,
    "index": 59
  },
  {
    "name": "Require(51) node_modules/_egg-router-group@1.1.0@egg-router-group/app.js",
    "start": 1569503196652,
    "end": 1569503196652,
    "duration": 0,
    "pid": 23963,
    "index": 60
  },
  {
    "name": "Before Start in node_modules/_egg-watcher@3.1.0@egg-watcher/lib/init.js:15:14",
    "start": 1569503196663,
    "end": 1569503197056,
    "duration": 393,
    "pid": 23963,
    "index": 61
  },
  {
    "name": "Before Start in node_modules/_egg-mongoose@3.2.0@egg-mongoose/lib/mongoose.js:91:7",
    "start": 1569503196923,
    "end": 1569503197052,
    "duration": 129,
    "pid": 23963,
    "index": 62
  },
  {
    "name": "Before Start in node_modules/_egg-mongoose@3.2.0@egg-mongoose/lib/mongoose.js:49:9",
    "start": 1569503196923,
    "end": 1569503197026,
    "duration": 103,
    "pid": 23963,
    "index": 63
  },
  {
    "name": "Before Start in node_modules/_egg-core@4.17.3@egg-core/lib/egg.js:303:10",
    "start": 1569503196924,
    "end": 1569503197026,
    "duration": 102,
    "pid": 23963,
    "index": 64
  },
  {
    "name": "Load Service",
    "start": 1569503196924,
    "end": 1569503196952,
    "duration": 28,
    "pid": 23963,
    "index": 65
  },
  {
    "name": "Load \"service\" to Context",
    "start": 1569503196924,
    "end": 1569503196952,
    "duration": 28,
    "pid": 23963,
    "index": 66
  },
  {
    "name": "Load Middleware",
    "start": 1569503196953,
    "end": 1569503196995,
    "duration": 42,
    "pid": 23963,
    "index": 67
  },
  {
    "name": "Load \"middlewares\" to Application",
    "start": 1569503196953,
    "end": 1569503196989,
    "duration": 36,
    "pid": 23963,
    "index": 68
  },
  {
    "name": "Load Controller",
    "start": 1569503196995,
    "end": 1569503197002,
    "duration": 7,
    "pid": 23963,
    "index": 69
  },
  {
    "name": "Load \"controller\" to Application",
    "start": 1569503196995,
    "end": 1569503197002,
    "duration": 7,
    "pid": 23963,
    "index": 70
  },
  {
    "name": "Load Router",
    "start": 1569503197002,
    "end": 1569503197004,
    "duration": 2,
    "pid": 23963,
    "index": 71
  },
  {
    "name": "Require(52) app/router.js",
    "start": 1569503197002,
    "end": 1569503197002,
    "duration": 0,
    "pid": 23963,
    "index": 72
  },
  {
    "name": "Load \"model\" to Application",
    "start": 1569503197012,
    "end": 1569503197025,
    "duration": 13,
    "pid": 23963,
    "index": 73
  }
]