[
  {
    "name": null,
    "methods": [
      "HEAD",
      "GET"
    ],
    "paramNames": [],
    "path": "/",
    "regexp": "/^(?:\\/(?=$))?$/",
    "stack": [
      "wrappedController"
    ]
  },
  {
    "name": null,
    "methods": [
      "HEAD",
      "GET"
    ],
    "paramNames": [],
    "path": "/user/info",
    "regexp": "/^\\/user\\/info(?:\\/(?=$))?$/",
    "stack": [
      "verify",
      "wrappedController"
    ]
  },
  {
    "name": null,
    "methods": [
      "HEAD",
      "GET"
    ],
    "paramNames": [],
    "path": "/user/captcha",
    "regexp": "/^\\/user\\/captcha(?:\\/(?=$))?$/",
    "stack": [
      "wrappedController"
    ]
  },
  {
    "name": null,
    "methods": [
      "POST"
    ],
    "paramNames": [],
    "path": "/user/register",
    "regexp": "/^\\/user\\/register(?:\\/(?=$))?$/",
    "stack": [
      "wrappedController"
    ]
  },
  {
    "name": null,
    "methods": [
      "POST"
    ],
    "paramNames": [],
    "path": "/user/login",
    "regexp": "/^\\/user\\/login(?:\\/(?=$))?$/",
    "stack": [
      "wrappedController"
    ]
  },
  {
    "name": null,
    "methods": [
      "HEAD",
      "GET"
    ],
    "paramNames": [
      {
        "name": "id",
        "prefix": "/",
        "delimiter": "/",
        "optional": false,
        "repeat": false,
        "partial": false,
        "asterisk": false,
        "pattern": "[^\\/]+?"
      }
    ],
    "path": "/user/isfollow/:id",
    "regexp": "/^\\/user\\/isfollow\\/((?:[^\\/]+?))(?:\\/(?=$))?$/",
    "stack": [
      "verify",
      "wrappedController"
    ]
  },
  {
    "name": null,
    "methods": [
      "PUT"
    ],
    "paramNames": [
      {
        "name": "id",
        "prefix": "/",
        "delimiter": "/",
        "optional": false,
        "repeat": false,
        "partial": false,
        "asterisk": false,
        "pattern": "[^\\/]+?"
      }
    ],
    "path": "/user/follow/:id",
    "regexp": "/^\\/user\\/follow\\/((?:[^\\/]+?))(?:\\/(?=$))?$/",
    "stack": [
      "verify",
      "wrappedController"
    ]
  },
  {
    "name": null,
    "methods": [
      "DELETE"
    ],
    "paramNames": [
      {
        "name": "id",
        "prefix": "/",
        "delimiter": "/",
        "optional": false,
        "repeat": false,
        "partial": false,
        "asterisk": false,
        "pattern": "[^\\/]+?"
      }
    ],
    "path": "/user/follow/:id",
    "regexp": "/^\\/user\\/follow\\/((?:[^\\/]+?))(?:\\/(?=$))?$/",
    "stack": [
      "verify",
      "wrappedController"
    ]
  },
  {
    "name": null,
    "methods": [
      "POST"
    ],
    "paramNames": [],
    "path": "/article/create",
    "regexp": "/^\\/article\\/create(?:\\/(?=$))?$/",
    "stack": [
      "verify",
      "wrappedController"
    ]
  },
  {
    "name": null,
    "methods": [
      "HEAD",
      "GET"
    ],
    "paramNames": [
      {
        "name": "id",
        "prefix": "/",
        "delimiter": "/",
        "optional": false,
        "repeat": false,
        "partial": false,
        "asterisk": false,
        "pattern": "[^\\/]+?"
      }
    ],
    "path": "/article/:id",
    "regexp": "/^\\/article\\/((?:[^\\/]+?))(?:\\/(?=$))?$/",
    "stack": [
      "wrappedController"
    ]
  }
]