[
  {
    "name": "Application Start",
    "start": 1569332682127,
    "end": 1569332682623,
    "duration": 496,
    "pid": 16845,
    "index": 0
  },
  {
    "name": "Load Plugin",
    "start": 1569332682130,
    "end": 1569332682137,
    "duration": 7,
    "pid": 16845,
    "index": 1
  },
  {
    "name": "Load Config",
    "start": 1569332682137,
    "end": 1569332682149,
    "duration": 12,
    "pid": 16845,
    "index": 2
  },
  {
    "name": "Require(0) config/config.default.js",
    "start": 1569332682138,
    "end": 1569332682138,
    "duration": 0,
    "pid": 16845,
    "index": 3
  },
  {
    "name": "Require(1) node_modules/_egg-session@3.1.0@egg-session/config/config.default.js",
    "start": 1569332682139,
    "end": 1569332682139,
    "duration": 0,
    "pid": 16845,
    "index": 4
  },
  {
    "name": "Require(2) node_modules/_egg-security@2.6.1@egg-security/config/config.default.js",
    "start": 1569332682140,
    "end": 1569332682140,
    "duration": 0,
    "pid": 16845,
    "index": 5
  },
  {
    "name": "Require(3) node_modules/_egg-jsonp@2.0.0@egg-jsonp/config/config.default.js",
    "start": 1569332682141,
    "end": 1569332682143,
    "duration": 2,
    "pid": 16845,
    "index": 6
  },
  {
    "name": "Require(4) node_modules/_egg-onerror@2.1.0@egg-onerror/config/config.default.js",
    "start": 1569332682143,
    "end": 1569332682143,
    "duration": 0,
    "pid": 16845,
    "index": 7
  },
  {
    "name": "Require(5) node_modules/_egg-i18n@2.1.1@egg-i18n/config/config.default.js",
    "start": 1569332682143,
    "end": 1569332682143,
    "duration": 0,
    "pid": 16845,
    "index": 8
  },
  {
    "name": "Require(6) node_modules/_egg-watcher@3.1.0@egg-watcher/config/config.default.js",
    "start": 1569332682143,
    "end": 1569332682144,
    "duration": 1,
    "pid": 16845,
    "index": 9
  },
  {
    "name": "Require(7) node_modules/_egg-schedule@3.6.4@egg-schedule/config/config.default.js",
    "start": 1569332682144,
    "end": 1569332682144,
    "duration": 0,
    "pid": 16845,
    "index": 10
  },
  {
    "name": "Require(8) node_modules/_egg-multipart@2.9.0@egg-multipart/config/config.default.js",
    "start": 1569332682144,
    "end": 1569332682144,
    "duration": 0,
    "pid": 16845,
    "index": 11
  },
  {
    "name": "Require(9) node_modules/_egg-development@2.4.3@egg-development/config/config.default.js",
    "start": 1569332682145,
    "end": 1569332682145,
    "duration": 0,
    "pid": 16845,
    "index": 12
  },
  {
    "name": "Require(10) node_modules/_egg-logrotator@3.1.0@egg-logrotator/config/config.default.js",
    "start": 1569332682145,
    "end": 1569332682145,
    "duration": 0,
    "pid": 16845,
    "index": 13
  },
  {
    "name": "Require(11) node_modules/_egg-static@2.2.0@egg-static/config/config.default.js",
    "start": 1569332682145,
    "end": 1569332682145,
    "duration": 0,
    "pid": 16845,
    "index": 14
  },
  {
    "name": "Require(12) node_modules/_egg-view@2.1.2@egg-view/config/config.default.js",
    "start": 1569332682146,
    "end": 1569332682146,
    "duration": 0,
    "pid": 16845,
    "index": 15
  },
  {
    "name": "Require(13) node_modules/_egg-mongoose@3.2.0@egg-mongoose/config/config.default.js",
    "start": 1569332682146,
    "end": 1569332682146,
    "duration": 0,
    "pid": 16845,
    "index": 16
  },
  {
    "name": "Require(14) node_modules/_egg-jwt@3.1.6@egg-jwt/config/config.default.js",
    "start": 1569332682146,
    "end": 1569332682146,
    "duration": 0,
    "pid": 16845,
    "index": 17
  },
  {
    "name": "Require(15) node_modules/_egg@2.23.0@egg/config/config.default.js",
    "start": 1569332682147,
    "end": 1569332682147,
    "duration": 0,
    "pid": 16845,
    "index": 18
  },
  {
    "name": "Require(16) config/config.default.js",
    "start": 1569332682148,
    "end": 1569332682148,
    "duration": 0,
    "pid": 16845,
    "index": 19
  },
  {
    "name": "Require(17) node_modules/_egg-security@2.6.1@egg-security/config/config.local.js",
    "start": 1569332682148,
    "end": 1569332682148,
    "duration": 0,
    "pid": 16845,
    "index": 20
  },
  {
    "name": "Require(18) node_modules/_egg-watcher@3.1.0@egg-watcher/config/config.local.js",
    "start": 1569332682148,
    "end": 1569332682149,
    "duration": 1,
    "pid": 16845,
    "index": 21
  },
  {
    "name": "Require(19) node_modules/_egg-view@2.1.2@egg-view/config/config.local.js",
    "start": 1569332682149,
    "end": 1569332682149,
    "duration": 0,
    "pid": 16845,
    "index": 22
  },
  {
    "name": "Require(20) node_modules/_egg@2.23.0@egg/config/config.local.js",
    "start": 1569332682149,
    "end": 1569332682149,
    "duration": 0,
    "pid": 16845,
    "index": 23
  },
  {
    "name": "Load extend/application.js",
    "start": 1569332682151,
    "end": 1569332682182,
    "duration": 31,
    "pid": 16845,
    "index": 24
  },
  {
    "name": "Require(21) node_modules/_egg-session@3.1.0@egg-session/app/extend/application.js",
    "start": 1569332682151,
    "end": 1569332682151,
    "duration": 0,
    "pid": 16845,
    "index": 25
  },
  {
    "name": "Require(22) node_modules/_egg-security@2.6.1@egg-security/app/extend/application.js",
    "start": 1569332682151,
    "end": 1569332682152,
    "duration": 1,
    "pid": 16845,
    "index": 26
  },
  {
    "name": "Require(23) node_modules/_egg-jsonp@2.0.0@egg-jsonp/app/extend/application.js",
    "start": 1569332682152,
    "end": 1569332682153,
    "duration": 1,
    "pid": 16845,
    "index": 27
  },
  {
    "name": "Require(24) node_modules/_egg-logrotator@3.1.0@egg-logrotator/app/extend/application.js",
    "start": 1569332682153,
    "end": 1569332682154,
    "duration": 1,
    "pid": 16845,
    "index": 28
  },
  {
    "name": "Require(25) node_modules/_egg-view@2.1.2@egg-view/app/extend/application.js",
    "start": 1569332682154,
    "end": 1569332682155,
    "duration": 1,
    "pid": 16845,
    "index": 29
  },
  {
    "name": "Require(26) node_modules/_egg-jwt@3.1.6@egg-jwt/app/extend/application.js",
    "start": 1569332682155,
    "end": 1569332682181,
    "duration": 26,
    "pid": 16845,
    "index": 30
  },
  {
    "name": "Load extend/request.js",
    "start": 1569332682182,
    "end": 1569332682183,
    "duration": 1,
    "pid": 16845,
    "index": 31
  },
  {
    "name": "Require(27) node_modules/_egg@2.23.0@egg/app/extend/request.js",
    "start": 1569332682182,
    "end": 1569332682183,
    "duration": 1,
    "pid": 16845,
    "index": 32
  },
  {
    "name": "Load extend/response.js",
    "start": 1569332682184,
    "end": 1569332682185,
    "duration": 1,
    "pid": 16845,
    "index": 33
  },
  {
    "name": "Require(28) node_modules/_egg@2.23.0@egg/app/extend/response.js",
    "start": 1569332682184,
    "end": 1569332682185,
    "duration": 1,
    "pid": 16845,
    "index": 34
  },
  {
    "name": "Load extend/context.js",
    "start": 1569332682185,
    "end": 1569332682228,
    "duration": 43,
    "pid": 16845,
    "index": 35
  },
  {
    "name": "Require(29) node_modules/_egg-security@2.6.1@egg-security/app/extend/context.js",
    "start": 1569332682185,
    "end": 1569332682190,
    "duration": 5,
    "pid": 16845,
    "index": 36
  },
  {
    "name": "Require(30) node_modules/_egg-jsonp@2.0.0@egg-jsonp/app/extend/context.js",
    "start": 1569332682190,
    "end": 1569332682191,
    "duration": 1,
    "pid": 16845,
    "index": 37
  },
  {
    "name": "Require(31) node_modules/_egg-i18n@2.1.1@egg-i18n/app/extend/context.js",
    "start": 1569332682191,
    "end": 1569332682191,
    "duration": 0,
    "pid": 16845,
    "index": 38
  },
  {
    "name": "Require(32) node_modules/_egg-multipart@2.9.0@egg-multipart/app/extend/context.js",
    "start": 1569332682191,
    "end": 1569332682224,
    "duration": 33,
    "pid": 16845,
    "index": 39
  },
  {
    "name": "Require(33) node_modules/_egg-view@2.1.2@egg-view/app/extend/context.js",
    "start": 1569332682225,
    "end": 1569332682225,
    "duration": 0,
    "pid": 16845,
    "index": 40
  },
  {
    "name": "Require(34) node_modules/_egg-mongoose@3.2.0@egg-mongoose/app/extend/context.js",
    "start": 1569332682225,
    "end": 1569332682225,
    "duration": 0,
    "pid": 16845,
    "index": 41
  },
  {
    "name": "Require(35) node_modules/_egg@2.23.0@egg/app/extend/context.js",
    "start": 1569332682226,
    "end": 1569332682227,
    "duration": 1,
    "pid": 16845,
    "index": 42
  },
  {
    "name": "Load extend/helper.js",
    "start": 1569332682228,
    "end": 1569332682239,
    "duration": 11,
    "pid": 16845,
    "index": 43
  },
  {
    "name": "Require(36) node_modules/_egg-security@2.6.1@egg-security/app/extend/helper.js",
    "start": 1569332682228,
    "end": 1569332682236,
    "duration": 8,
    "pid": 16845,
    "index": 44
  },
  {
    "name": "Require(37) node_modules/_egg@2.23.0@egg/app/extend/helper.js",
    "start": 1569332682237,
    "end": 1569332682238,
    "duration": 1,
    "pid": 16845,
    "index": 45
  },
  {
    "name": "Load app.js",
    "start": 1569332682239,
    "end": 1569332682254,
    "duration": 15,
    "pid": 16845,
    "index": 46
  },
  {
    "name": "Require(38) node_modules/_egg-session@3.1.0@egg-session/app.js",
    "start": 1569332682239,
    "end": 1569332682240,
    "duration": 1,
    "pid": 16845,
    "index": 47
  },
  {
    "name": "Require(39) node_modules/_egg-security@2.6.1@egg-security/app.js",
    "start": 1569332682240,
    "end": 1569332682240,
    "duration": 0,
    "pid": 16845,
    "index": 48
  },
  {
    "name": "Require(40) node_modules/_egg-onerror@2.1.0@egg-onerror/app.js",
    "start": 1569332682241,
    "end": 1569332682245,
    "duration": 4,
    "pid": 16845,
    "index": 49
  },
  {
    "name": "Require(41) node_modules/_egg-i18n@2.1.1@egg-i18n/app.js",
    "start": 1569332682245,
    "end": 1569332682248,
    "duration": 3,
    "pid": 16845,
    "index": 50
  },
  {
    "name": "Require(42) node_modules/_egg-watcher@3.1.0@egg-watcher/app.js",
    "start": 1569332682248,
    "end": 1569332682250,
    "duration": 2,
    "pid": 16845,
    "index": 51
  },
  {
    "name": "Require(43) node_modules/_egg-schedule@3.6.4@egg-schedule/app.js",
    "start": 1569332682250,
    "end": 1569332682251,
    "duration": 1,
    "pid": 16845,
    "index": 52
  },
  {
    "name": "Require(44) node_modules/_egg-multipart@2.9.0@egg-multipart/app.js",
    "start": 1569332682251,
    "end": 1569332682252,
    "duration": 1,
    "pid": 16845,
    "index": 53
  },
  {
    "name": "Require(45) node_modules/_egg-development@2.4.3@egg-development/app.js",
    "start": 1569332682252,
    "end": 1569332682253,
    "duration": 1,
    "pid": 16845,
    "index": 54
  },
  {
    "name": "Require(46) node_modules/_egg-logrotator@3.1.0@egg-logrotator/app.js",
    "start": 1569332682253,
    "end": 1569332682253,
    "duration": 0,
    "pid": 16845,
    "index": 55
  },
  {
    "name": "Require(47) node_modules/_egg-static@2.2.0@egg-static/app.js",
    "start": 1569332682253,
    "end": 1569332682253,
    "duration": 0,
    "pid": 16845,
    "index": 56
  },
  {
    "name": "Require(48) node_modules/_egg-mongoose@3.2.0@egg-mongoose/app.js",
    "start": 1569332682253,
    "end": 1569332682254,
    "duration": 1,
    "pid": 16845,
    "index": 57
  },
  {
    "name": "Require(49) node_modules/_egg-jwt@3.1.6@egg-jwt/app.js",
    "start": 1569332682254,
    "end": 1569332682254,
    "duration": 0,
    "pid": 16845,
    "index": 58
  },
  {
    "name": "Before Start in node_modules/_egg-watcher@3.1.0@egg-watcher/lib/init.js:15:14",
    "start": 1569332682264,
    "end": 1569332682623,
    "duration": 359,
    "pid": 16845,
    "index": 59
  },
  {
    "name": "Before Start in node_modules/_egg-mongoose@3.2.0@egg-mongoose/lib/mongoose.js:91:7",
    "start": 1569332682502,
    "end": 1569332682616,
    "duration": 114,
    "pid": 16845,
    "index": 60
  },
  {
    "name": "Before Start in node_modules/_egg-mongoose@3.2.0@egg-mongoose/lib/mongoose.js:49:9",
    "start": 1569332682502,
    "end": 1569332682596,
    "duration": 94,
    "pid": 16845,
    "index": 61
  },
  {
    "name": "Load Service",
    "start": 1569332682503,
    "end": 1569332682531,
    "duration": 28,
    "pid": 16845,
    "index": 62
  },
  {
    "name": "Load \"service\" to Context",
    "start": 1569332682503,
    "end": 1569332682531,
    "duration": 28,
    "pid": 16845,
    "index": 63
  },
  {
    "name": "Load Middleware",
    "start": 1569332682531,
    "end": 1569332682570,
    "duration": 39,
    "pid": 16845,
    "index": 64
  },
  {
    "name": "Load \"middlewares\" to Application",
    "start": 1569332682531,
    "end": 1569332682565,
    "duration": 34,
    "pid": 16845,
    "index": 65
  },
  {
    "name": "Load Controller",
    "start": 1569332682570,
    "end": 1569332682575,
    "duration": 5,
    "pid": 16845,
    "index": 66
  },
  {
    "name": "Load \"controller\" to Application",
    "start": 1569332682570,
    "end": 1569332682575,
    "duration": 5,
    "pid": 16845,
    "index": 67
  },
  {
    "name": "Load Router",
    "start": 1569332682575,
    "end": 1569332682577,
    "duration": 2,
    "pid": 16845,
    "index": 68
  },
  {
    "name": "Require(50) app/router.js",
    "start": 1569332682575,
    "end": 1569332682575,
    "duration": 0,
    "pid": 16845,
    "index": 69
  },
  {
    "name": "Before Start in node_modules/_egg-core@4.17.3@egg-core/lib/egg.js:303:10",
    "start": 1569332682575,
    "end": 1569332682596,
    "duration": 21,
    "pid": 16845,
    "index": 70
  },
  {
    "name": "Load \"model\" to Application",
    "start": 1569332682585,
    "end": 1569332682595,
    "duration": 10,
    "pid": 16845,
    "index": 71
  }
]