[
  {
    "name": "Application Start",
    "start": 1569330425727,
    "end": 1569330426223,
    "duration": 496,
    "pid": 15897,
    "index": 0
  },
  {
    "name": "Load Plugin",
    "start": 1569330425731,
    "end": 1569330425739,
    "duration": 8,
    "pid": 15897,
    "index": 1
  },
  {
    "name": "Load Config",
    "start": 1569330425739,
    "end": 1569330425752,
    "duration": 13,
    "pid": 15897,
    "index": 2
  },
  {
    "name": "Require(0) config/config.default.js",
    "start": 1569330425740,
    "end": 1569330425740,
    "duration": 0,
    "pid": 15897,
    "index": 3
  },
  {
    "name": "Require(1) node_modules/_egg-session@3.1.0@egg-session/config/config.default.js",
    "start": 1569330425741,
    "end": 1569330425741,
    "duration": 0,
    "pid": 15897,
    "index": 4
  },
  {
    "name": "Require(2) node_modules/_egg-security@2.6.1@egg-security/config/config.default.js",
    "start": 1569330425742,
    "end": 1569330425742,
    "duration": 0,
    "pid": 15897,
    "index": 5
  },
  {
    "name": "Require(3) node_modules/_egg-jsonp@2.0.0@egg-jsonp/config/config.default.js",
    "start": 1569330425742,
    "end": 1569330425745,
    "duration": 3,
    "pid": 15897,
    "index": 6
  },
  {
    "name": "Require(4) node_modules/_egg-onerror@2.1.0@egg-onerror/config/config.default.js",
    "start": 1569330425745,
    "end": 1569330425745,
    "duration": 0,
    "pid": 15897,
    "index": 7
  },
  {
    "name": "Require(5) node_modules/_egg-i18n@2.1.1@egg-i18n/config/config.default.js",
    "start": 1569330425745,
    "end": 1569330425745,
    "duration": 0,
    "pid": 15897,
    "index": 8
  },
  {
    "name": "Require(6) node_modules/_egg-watcher@3.1.0@egg-watcher/config/config.default.js",
    "start": 1569330425746,
    "end": 1569330425746,
    "duration": 0,
    "pid": 15897,
    "index": 9
  },
  {
    "name": "Require(7) node_modules/_egg-schedule@3.6.4@egg-schedule/config/config.default.js",
    "start": 1569330425746,
    "end": 1569330425746,
    "duration": 0,
    "pid": 15897,
    "index": 10
  },
  {
    "name": "Require(8) node_modules/_egg-multipart@2.9.0@egg-multipart/config/config.default.js",
    "start": 1569330425746,
    "end": 1569330425747,
    "duration": 1,
    "pid": 15897,
    "index": 11
  },
  {
    "name": "Require(9) node_modules/_egg-development@2.4.3@egg-development/config/config.default.js",
    "start": 1569330425747,
    "end": 1569330425747,
    "duration": 0,
    "pid": 15897,
    "index": 12
  },
  {
    "name": "Require(10) node_modules/_egg-logrotator@3.1.0@egg-logrotator/config/config.default.js",
    "start": 1569330425747,
    "end": 1569330425747,
    "duration": 0,
    "pid": 15897,
    "index": 13
  },
  {
    "name": "Require(11) node_modules/_egg-static@2.2.0@egg-static/config/config.default.js",
    "start": 1569330425747,
    "end": 1569330425748,
    "duration": 1,
    "pid": 15897,
    "index": 14
  },
  {
    "name": "Require(12) node_modules/_egg-view@2.1.2@egg-view/config/config.default.js",
    "start": 1569330425748,
    "end": 1569330425748,
    "duration": 0,
    "pid": 15897,
    "index": 15
  },
  {
    "name": "Require(13) node_modules/_egg-mongoose@3.2.0@egg-mongoose/config/config.default.js",
    "start": 1569330425748,
    "end": 1569330425748,
    "duration": 0,
    "pid": 15897,
    "index": 16
  },
  {
    "name": "Require(14) node_modules/_egg-jwt@3.1.6@egg-jwt/config/config.default.js",
    "start": 1569330425749,
    "end": 1569330425749,
    "duration": 0,
    "pid": 15897,
    "index": 17
  },
  {
    "name": "Require(15) node_modules/_egg@2.23.0@egg/config/config.default.js",
    "start": 1569330425749,
    "end": 1569330425749,
    "duration": 0,
    "pid": 15897,
    "index": 18
  },
  {
    "name": "Require(16) config/config.default.js",
    "start": 1569330425750,
    "end": 1569330425750,
    "duration": 0,
    "pid": 15897,
    "index": 19
  },
  {
    "name": "Require(17) node_modules/_egg-security@2.6.1@egg-security/config/config.local.js",
    "start": 1569330425750,
    "end": 1569330425751,
    "duration": 1,
    "pid": 15897,
    "index": 20
  },
  {
    "name": "Require(18) node_modules/_egg-watcher@3.1.0@egg-watcher/config/config.local.js",
    "start": 1569330425751,
    "end": 1569330425751,
    "duration": 0,
    "pid": 15897,
    "index": 21
  },
  {
    "name": "Require(19) node_modules/_egg-view@2.1.2@egg-view/config/config.local.js",
    "start": 1569330425751,
    "end": 1569330425752,
    "duration": 1,
    "pid": 15897,
    "index": 22
  },
  {
    "name": "Require(20) node_modules/_egg@2.23.0@egg/config/config.local.js",
    "start": 1569330425752,
    "end": 1569330425752,
    "duration": 0,
    "pid": 15897,
    "index": 23
  },
  {
    "name": "Load extend/application.js",
    "start": 1569330425754,
    "end": 1569330425788,
    "duration": 34,
    "pid": 15897,
    "index": 24
  },
  {
    "name": "Require(21) node_modules/_egg-session@3.1.0@egg-session/app/extend/application.js",
    "start": 1569330425754,
    "end": 1569330425755,
    "duration": 1,
    "pid": 15897,
    "index": 25
  },
  {
    "name": "Require(22) node_modules/_egg-security@2.6.1@egg-security/app/extend/application.js",
    "start": 1569330425755,
    "end": 1569330425756,
    "duration": 1,
    "pid": 15897,
    "index": 26
  },
  {
    "name": "Require(23) node_modules/_egg-jsonp@2.0.0@egg-jsonp/app/extend/application.js",
    "start": 1569330425756,
    "end": 1569330425757,
    "duration": 1,
    "pid": 15897,
    "index": 27
  },
  {
    "name": "Require(24) node_modules/_egg-logrotator@3.1.0@egg-logrotator/app/extend/application.js",
    "start": 1569330425757,
    "end": 1569330425758,
    "duration": 1,
    "pid": 15897,
    "index": 28
  },
  {
    "name": "Require(25) node_modules/_egg-view@2.1.2@egg-view/app/extend/application.js",
    "start": 1569330425758,
    "end": 1569330425759,
    "duration": 1,
    "pid": 15897,
    "index": 29
  },
  {
    "name": "Require(26) node_modules/_egg-jwt@3.1.6@egg-jwt/app/extend/application.js",
    "start": 1569330425759,
    "end": 1569330425787,
    "duration": 28,
    "pid": 15897,
    "index": 30
  },
  {
    "name": "Load extend/request.js",
    "start": 1569330425788,
    "end": 1569330425791,
    "duration": 3,
    "pid": 15897,
    "index": 31
  },
  {
    "name": "Require(27) node_modules/_egg@2.23.0@egg/app/extend/request.js",
    "start": 1569330425789,
    "end": 1569330425790,
    "duration": 1,
    "pid": 15897,
    "index": 32
  },
  {
    "name": "Load extend/response.js",
    "start": 1569330425791,
    "end": 1569330425793,
    "duration": 2,
    "pid": 15897,
    "index": 33
  },
  {
    "name": "Require(28) node_modules/_egg@2.23.0@egg/app/extend/response.js",
    "start": 1569330425791,
    "end": 1569330425792,
    "duration": 1,
    "pid": 15897,
    "index": 34
  },
  {
    "name": "Load extend/context.js",
    "start": 1569330425793,
    "end": 1569330425840,
    "duration": 47,
    "pid": 15897,
    "index": 35
  },
  {
    "name": "Require(29) node_modules/_egg-security@2.6.1@egg-security/app/extend/context.js",
    "start": 1569330425793,
    "end": 1569330425798,
    "duration": 5,
    "pid": 15897,
    "index": 36
  },
  {
    "name": "Require(30) node_modules/_egg-jsonp@2.0.0@egg-jsonp/app/extend/context.js",
    "start": 1569330425798,
    "end": 1569330425799,
    "duration": 1,
    "pid": 15897,
    "index": 37
  },
  {
    "name": "Require(31) node_modules/_egg-i18n@2.1.1@egg-i18n/app/extend/context.js",
    "start": 1569330425799,
    "end": 1569330425799,
    "duration": 0,
    "pid": 15897,
    "index": 38
  },
  {
    "name": "Require(32) node_modules/_egg-multipart@2.9.0@egg-multipart/app/extend/context.js",
    "start": 1569330425800,
    "end": 1569330425834,
    "duration": 34,
    "pid": 15897,
    "index": 39
  },
  {
    "name": "Require(33) node_modules/_egg-view@2.1.2@egg-view/app/extend/context.js",
    "start": 1569330425838,
    "end": 1569330425839,
    "duration": 1,
    "pid": 15897,
    "index": 40
  },
  {
    "name": "Require(34) node_modules/_egg-mongoose@3.2.0@egg-mongoose/app/extend/context.js",
    "start": 1569330425839,
    "end": 1569330425839,
    "duration": 0,
    "pid": 15897,
    "index": 41
  },
  {
    "name": "Require(35) node_modules/_egg@2.23.0@egg/app/extend/context.js",
    "start": 1569330425839,
    "end": 1569330425840,
    "duration": 1,
    "pid": 15897,
    "index": 42
  },
  {
    "name": "Load extend/helper.js",
    "start": 1569330425841,
    "end": 1569330425849,
    "duration": 8,
    "pid": 15897,
    "index": 43
  },
  {
    "name": "Require(36) node_modules/_egg-security@2.6.1@egg-security/app/extend/helper.js",
    "start": 1569330425841,
    "end": 1569330425848,
    "duration": 7,
    "pid": 15897,
    "index": 44
  },
  {
    "name": "Require(37) node_modules/_egg@2.23.0@egg/app/extend/helper.js",
    "start": 1569330425849,
    "end": 1569330425849,
    "duration": 0,
    "pid": 15897,
    "index": 45
  },
  {
    "name": "Load app.js",
    "start": 1569330425850,
    "end": 1569330425863,
    "duration": 13,
    "pid": 15897,
    "index": 46
  },
  {
    "name": "Require(38) node_modules/_egg-session@3.1.0@egg-session/app.js",
    "start": 1569330425850,
    "end": 1569330425850,
    "duration": 0,
    "pid": 15897,
    "index": 47
  },
  {
    "name": "Require(39) node_modules/_egg-security@2.6.1@egg-security/app.js",
    "start": 1569330425850,
    "end": 1569330425851,
    "duration": 1,
    "pid": 15897,
    "index": 48
  },
  {
    "name": "Require(40) node_modules/_egg-onerror@2.1.0@egg-onerror/app.js",
    "start": 1569330425851,
    "end": 1569330425855,
    "duration": 4,
    "pid": 15897,
    "index": 49
  },
  {
    "name": "Require(41) node_modules/_egg-i18n@2.1.1@egg-i18n/app.js",
    "start": 1569330425855,
    "end": 1569330425858,
    "duration": 3,
    "pid": 15897,
    "index": 50
  },
  {
    "name": "Require(42) node_modules/_egg-watcher@3.1.0@egg-watcher/app.js",
    "start": 1569330425858,
    "end": 1569330425860,
    "duration": 2,
    "pid": 15897,
    "index": 51
  },
  {
    "name": "Require(43) node_modules/_egg-schedule@3.6.4@egg-schedule/app.js",
    "start": 1569330425860,
    "end": 1569330425860,
    "duration": 0,
    "pid": 15897,
    "index": 52
  },
  {
    "name": "Require(44) node_modules/_egg-multipart@2.9.0@egg-multipart/app.js",
    "start": 1569330425860,
    "end": 1569330425861,
    "duration": 1,
    "pid": 15897,
    "index": 53
  },
  {
    "name": "Require(45) node_modules/_egg-development@2.4.3@egg-development/app.js",
    "start": 1569330425862,
    "end": 1569330425862,
    "duration": 0,
    "pid": 15897,
    "index": 54
  },
  {
    "name": "Require(46) node_modules/_egg-logrotator@3.1.0@egg-logrotator/app.js",
    "start": 1569330425862,
    "end": 1569330425862,
    "duration": 0,
    "pid": 15897,
    "index": 55
  },
  {
    "name": "Require(47) node_modules/_egg-static@2.2.0@egg-static/app.js",
    "start": 1569330425862,
    "end": 1569330425862,
    "duration": 0,
    "pid": 15897,
    "index": 56
  },
  {
    "name": "Require(48) node_modules/_egg-mongoose@3.2.0@egg-mongoose/app.js",
    "start": 1569330425862,
    "end": 1569330425862,
    "duration": 0,
    "pid": 15897,
    "index": 57
  },
  {
    "name": "Require(49) node_modules/_egg-jwt@3.1.6@egg-jwt/app.js",
    "start": 1569330425862,
    "end": 1569330425863,
    "duration": 1,
    "pid": 15897,
    "index": 58
  },
  {
    "name": "Before Start in node_modules/_egg-watcher@3.1.0@egg-watcher/lib/init.js:15:14",
    "start": 1569330425873,
    "end": 1569330426218,
    "duration": 345,
    "pid": 15897,
    "index": 59
  },
  {
    "name": "Before Start in node_modules/_egg-mongoose@3.2.0@egg-mongoose/lib/mongoose.js:91:7",
    "start": 1569330426098,
    "end": 1569330426215,
    "duration": 117,
    "pid": 15897,
    "index": 60
  },
  {
    "name": "Before Start in node_modules/_egg-mongoose@3.2.0@egg-mongoose/lib/mongoose.js:49:9",
    "start": 1569330426098,
    "end": 1569330426195,
    "duration": 97,
    "pid": 15897,
    "index": 61
  },
  {
    "name": "Load Service",
    "start": 1569330426098,
    "end": 1569330426128,
    "duration": 30,
    "pid": 15897,
    "index": 62
  },
  {
    "name": "Load \"service\" to Context",
    "start": 1569330426098,
    "end": 1569330426128,
    "duration": 30,
    "pid": 15897,
    "index": 63
  },
  {
    "name": "Load Middleware",
    "start": 1569330426128,
    "end": 1569330426164,
    "duration": 36,
    "pid": 15897,
    "index": 64
  },
  {
    "name": "Load \"middlewares\" to Application",
    "start": 1569330426128,
    "end": 1569330426159,
    "duration": 31,
    "pid": 15897,
    "index": 65
  },
  {
    "name": "Load Controller",
    "start": 1569330426164,
    "end": 1569330426169,
    "duration": 5,
    "pid": 15897,
    "index": 66
  },
  {
    "name": "Load \"controller\" to Application",
    "start": 1569330426165,
    "end": 1569330426169,
    "duration": 4,
    "pid": 15897,
    "index": 67
  },
  {
    "name": "Load Router",
    "start": 1569330426169,
    "end": 1569330426171,
    "duration": 2,
    "pid": 15897,
    "index": 68
  },
  {
    "name": "Require(50) app/router.js",
    "start": 1569330426169,
    "end": 1569330426169,
    "duration": 0,
    "pid": 15897,
    "index": 69
  },
  {
    "name": "Before Start in node_modules/_egg-core@4.17.3@egg-core/lib/egg.js:303:10",
    "start": 1569330426169,
    "end": 1569330426195,
    "duration": 26,
    "pid": 15897,
    "index": 70
  },
  {
    "name": "Load \"model\" to Application",
    "start": 1569330426181,
    "end": 1569330426193,
    "duration": 12,
    "pid": 15897,
    "index": 71
  }
]