[
  {
    "name": "Application Start",
    "start": 1569330807915,
    "end": 1569330808417,
    "duration": 502,
    "pid": 16085,
    "index": 0
  },
  {
    "name": "Load Plugin",
    "start": 1569330807919,
    "end": 1569330807927,
    "duration": 8,
    "pid": 16085,
    "index": 1
  },
  {
    "name": "Load Config",
    "start": 1569330807927,
    "end": 1569330807941,
    "duration": 14,
    "pid": 16085,
    "index": 2
  },
  {
    "name": "Require(0) config/config.default.js",
    "start": 1569330807928,
    "end": 1569330807928,
    "duration": 0,
    "pid": 16085,
    "index": 3
  },
  {
    "name": "Require(1) node_modules/_egg-session@3.1.0@egg-session/config/config.default.js",
    "start": 1569330807929,
    "end": 1569330807929,
    "duration": 0,
    "pid": 16085,
    "index": 4
  },
  {
    "name": "Require(2) node_modules/_egg-security@2.6.1@egg-security/config/config.default.js",
    "start": 1569330807930,
    "end": 1569330807930,
    "duration": 0,
    "pid": 16085,
    "index": 5
  },
  {
    "name": "Require(3) node_modules/_egg-jsonp@2.0.0@egg-jsonp/config/config.default.js",
    "start": 1569330807931,
    "end": 1569330807933,
    "duration": 2,
    "pid": 16085,
    "index": 6
  },
  {
    "name": "Require(4) node_modules/_egg-onerror@2.1.0@egg-onerror/config/config.default.js",
    "start": 1569330807933,
    "end": 1569330807933,
    "duration": 0,
    "pid": 16085,
    "index": 7
  },
  {
    "name": "Require(5) node_modules/_egg-i18n@2.1.1@egg-i18n/config/config.default.js",
    "start": 1569330807934,
    "end": 1569330807934,
    "duration": 0,
    "pid": 16085,
    "index": 8
  },
  {
    "name": "Require(6) node_modules/_egg-watcher@3.1.0@egg-watcher/config/config.default.js",
    "start": 1569330807934,
    "end": 1569330807934,
    "duration": 0,
    "pid": 16085,
    "index": 9
  },
  {
    "name": "Require(7) node_modules/_egg-schedule@3.6.4@egg-schedule/config/config.default.js",
    "start": 1569330807935,
    "end": 1569330807935,
    "duration": 0,
    "pid": 16085,
    "index": 10
  },
  {
    "name": "Require(8) node_modules/_egg-multipart@2.9.0@egg-multipart/config/config.default.js",
    "start": 1569330807935,
    "end": 1569330807935,
    "duration": 0,
    "pid": 16085,
    "index": 11
  },
  {
    "name": "Require(9) node_modules/_egg-development@2.4.3@egg-development/config/config.default.js",
    "start": 1569330807936,
    "end": 1569330807936,
    "duration": 0,
    "pid": 16085,
    "index": 12
  },
  {
    "name": "Require(10) node_modules/_egg-logrotator@3.1.0@egg-logrotator/config/config.default.js",
    "start": 1569330807936,
    "end": 1569330807936,
    "duration": 0,
    "pid": 16085,
    "index": 13
  },
  {
    "name": "Require(11) node_modules/_egg-static@2.2.0@egg-static/config/config.default.js",
    "start": 1569330807936,
    "end": 1569330807936,
    "duration": 0,
    "pid": 16085,
    "index": 14
  },
  {
    "name": "Require(12) node_modules/_egg-view@2.1.2@egg-view/config/config.default.js",
    "start": 1569330807937,
    "end": 1569330807937,
    "duration": 0,
    "pid": 16085,
    "index": 15
  },
  {
    "name": "Require(13) node_modules/_egg-mongoose@3.2.0@egg-mongoose/config/config.default.js",
    "start": 1569330807937,
    "end": 1569330807937,
    "duration": 0,
    "pid": 16085,
    "index": 16
  },
  {
    "name": "Require(14) node_modules/_egg-jwt@3.1.6@egg-jwt/config/config.default.js",
    "start": 1569330807937,
    "end": 1569330807937,
    "duration": 0,
    "pid": 16085,
    "index": 17
  },
  {
    "name": "Require(15) node_modules/_egg@2.23.0@egg/config/config.default.js",
    "start": 1569330807938,
    "end": 1569330807938,
    "duration": 0,
    "pid": 16085,
    "index": 18
  },
  {
    "name": "Require(16) config/config.default.js",
    "start": 1569330807939,
    "end": 1569330807939,
    "duration": 0,
    "pid": 16085,
    "index": 19
  },
  {
    "name": "Require(17) node_modules/_egg-security@2.6.1@egg-security/config/config.local.js",
    "start": 1569330807939,
    "end": 1569330807939,
    "duration": 0,
    "pid": 16085,
    "index": 20
  },
  {
    "name": "Require(18) node_modules/_egg-watcher@3.1.0@egg-watcher/config/config.local.js",
    "start": 1569330807940,
    "end": 1569330807940,
    "duration": 0,
    "pid": 16085,
    "index": 21
  },
  {
    "name": "Require(19) node_modules/_egg-view@2.1.2@egg-view/config/config.local.js",
    "start": 1569330807940,
    "end": 1569330807940,
    "duration": 0,
    "pid": 16085,
    "index": 22
  },
  {
    "name": "Require(20) node_modules/_egg@2.23.0@egg/config/config.local.js",
    "start": 1569330807941,
    "end": 1569330807941,
    "duration": 0,
    "pid": 16085,
    "index": 23
  },
  {
    "name": "Load extend/application.js",
    "start": 1569330807942,
    "end": 1569330807974,
    "duration": 32,
    "pid": 16085,
    "index": 24
  },
  {
    "name": "Require(21) node_modules/_egg-session@3.1.0@egg-session/app/extend/application.js",
    "start": 1569330807943,
    "end": 1569330807943,
    "duration": 0,
    "pid": 16085,
    "index": 25
  },
  {
    "name": "Require(22) node_modules/_egg-security@2.6.1@egg-security/app/extend/application.js",
    "start": 1569330807943,
    "end": 1569330807943,
    "duration": 0,
    "pid": 16085,
    "index": 26
  },
  {
    "name": "Require(23) node_modules/_egg-jsonp@2.0.0@egg-jsonp/app/extend/application.js",
    "start": 1569330807943,
    "end": 1569330807944,
    "duration": 1,
    "pid": 16085,
    "index": 27
  },
  {
    "name": "Require(24) node_modules/_egg-logrotator@3.1.0@egg-logrotator/app/extend/application.js",
    "start": 1569330807945,
    "end": 1569330807946,
    "duration": 1,
    "pid": 16085,
    "index": 28
  },
  {
    "name": "Require(25) node_modules/_egg-view@2.1.2@egg-view/app/extend/application.js",
    "start": 1569330807946,
    "end": 1569330807946,
    "duration": 0,
    "pid": 16085,
    "index": 29
  },
  {
    "name": "Require(26) node_modules/_egg-jwt@3.1.6@egg-jwt/app/extend/application.js",
    "start": 1569330807947,
    "end": 1569330807973,
    "duration": 26,
    "pid": 16085,
    "index": 30
  },
  {
    "name": "Load extend/request.js",
    "start": 1569330807974,
    "end": 1569330807975,
    "duration": 1,
    "pid": 16085,
    "index": 31
  },
  {
    "name": "Require(27) node_modules/_egg@2.23.0@egg/app/extend/request.js",
    "start": 1569330807974,
    "end": 1569330807975,
    "duration": 1,
    "pid": 16085,
    "index": 32
  },
  {
    "name": "Load extend/response.js",
    "start": 1569330807976,
    "end": 1569330807977,
    "duration": 1,
    "pid": 16085,
    "index": 33
  },
  {
    "name": "Require(28) node_modules/_egg@2.23.0@egg/app/extend/response.js",
    "start": 1569330807976,
    "end": 1569330807977,
    "duration": 1,
    "pid": 16085,
    "index": 34
  },
  {
    "name": "Load extend/context.js",
    "start": 1569330807977,
    "end": 1569330808020,
    "duration": 43,
    "pid": 16085,
    "index": 35
  },
  {
    "name": "Require(29) node_modules/_egg-security@2.6.1@egg-security/app/extend/context.js",
    "start": 1569330807978,
    "end": 1569330807983,
    "duration": 5,
    "pid": 16085,
    "index": 36
  },
  {
    "name": "Require(30) node_modules/_egg-jsonp@2.0.0@egg-jsonp/app/extend/context.js",
    "start": 1569330807983,
    "end": 1569330807983,
    "duration": 0,
    "pid": 16085,
    "index": 37
  },
  {
    "name": "Require(31) node_modules/_egg-i18n@2.1.1@egg-i18n/app/extend/context.js",
    "start": 1569330807984,
    "end": 1569330807984,
    "duration": 0,
    "pid": 16085,
    "index": 38
  },
  {
    "name": "Require(32) node_modules/_egg-multipart@2.9.0@egg-multipart/app/extend/context.js",
    "start": 1569330807984,
    "end": 1569330808018,
    "duration": 34,
    "pid": 16085,
    "index": 39
  },
  {
    "name": "Require(33) node_modules/_egg-view@2.1.2@egg-view/app/extend/context.js",
    "start": 1569330808018,
    "end": 1569330808019,
    "duration": 1,
    "pid": 16085,
    "index": 40
  },
  {
    "name": "Require(34) node_modules/_egg-mongoose@3.2.0@egg-mongoose/app/extend/context.js",
    "start": 1569330808019,
    "end": 1569330808019,
    "duration": 0,
    "pid": 16085,
    "index": 41
  },
  {
    "name": "Require(35) node_modules/_egg@2.23.0@egg/app/extend/context.js",
    "start": 1569330808019,
    "end": 1569330808020,
    "duration": 1,
    "pid": 16085,
    "index": 42
  },
  {
    "name": "Load extend/helper.js",
    "start": 1569330808021,
    "end": 1569330808030,
    "duration": 9,
    "pid": 16085,
    "index": 43
  },
  {
    "name": "Require(36) node_modules/_egg-security@2.6.1@egg-security/app/extend/helper.js",
    "start": 1569330808021,
    "end": 1569330808029,
    "duration": 8,
    "pid": 16085,
    "index": 44
  },
  {
    "name": "Require(37) node_modules/_egg@2.23.0@egg/app/extend/helper.js",
    "start": 1569330808029,
    "end": 1569330808030,
    "duration": 1,
    "pid": 16085,
    "index": 45
  },
  {
    "name": "Load app.js",
    "start": 1569330808031,
    "end": 1569330808046,
    "duration": 15,
    "pid": 16085,
    "index": 46
  },
  {
    "name": "Require(38) node_modules/_egg-session@3.1.0@egg-session/app.js",
    "start": 1569330808031,
    "end": 1569330808031,
    "duration": 0,
    "pid": 16085,
    "index": 47
  },
  {
    "name": "Require(39) node_modules/_egg-security@2.6.1@egg-security/app.js",
    "start": 1569330808031,
    "end": 1569330808032,
    "duration": 1,
    "pid": 16085,
    "index": 48
  },
  {
    "name": "Require(40) node_modules/_egg-onerror@2.1.0@egg-onerror/app.js",
    "start": 1569330808032,
    "end": 1569330808037,
    "duration": 5,
    "pid": 16085,
    "index": 49
  },
  {
    "name": "Require(41) node_modules/_egg-i18n@2.1.1@egg-i18n/app.js",
    "start": 1569330808038,
    "end": 1569330808041,
    "duration": 3,
    "pid": 16085,
    "index": 50
  },
  {
    "name": "Require(42) node_modules/_egg-watcher@3.1.0@egg-watcher/app.js",
    "start": 1569330808041,
    "end": 1569330808042,
    "duration": 1,
    "pid": 16085,
    "index": 51
  },
  {
    "name": "Require(43) node_modules/_egg-schedule@3.6.4@egg-schedule/app.js",
    "start": 1569330808042,
    "end": 1569330808043,
    "duration": 1,
    "pid": 16085,
    "index": 52
  },
  {
    "name": "Require(44) node_modules/_egg-multipart@2.9.0@egg-multipart/app.js",
    "start": 1569330808043,
    "end": 1569330808044,
    "duration": 1,
    "pid": 16085,
    "index": 53
  },
  {
    "name": "Require(45) node_modules/_egg-development@2.4.3@egg-development/app.js",
    "start": 1569330808044,
    "end": 1569330808044,
    "duration": 0,
    "pid": 16085,
    "index": 54
  },
  {
    "name": "Require(46) node_modules/_egg-logrotator@3.1.0@egg-logrotator/app.js",
    "start": 1569330808044,
    "end": 1569330808044,
    "duration": 0,
    "pid": 16085,
    "index": 55
  },
  {
    "name": "Require(47) node_modules/_egg-static@2.2.0@egg-static/app.js",
    "start": 1569330808044,
    "end": 1569330808045,
    "duration": 1,
    "pid": 16085,
    "index": 56
  },
  {
    "name": "Require(48) node_modules/_egg-mongoose@3.2.0@egg-mongoose/app.js",
    "start": 1569330808045,
    "end": 1569330808045,
    "duration": 0,
    "pid": 16085,
    "index": 57
  },
  {
    "name": "Require(49) node_modules/_egg-jwt@3.1.6@egg-jwt/app.js",
    "start": 1569330808045,
    "end": 1569330808045,
    "duration": 0,
    "pid": 16085,
    "index": 58
  },
  {
    "name": "Before Start in node_modules/_egg-watcher@3.1.0@egg-watcher/lib/init.js:15:14",
    "start": 1569330808056,
    "end": 1569330808416,
    "duration": 360,
    "pid": 16085,
    "index": 59
  },
  {
    "name": "Before Start in node_modules/_egg-mongoose@3.2.0@egg-mongoose/lib/mongoose.js:91:7",
    "start": 1569330808295,
    "end": 1569330808413,
    "duration": 118,
    "pid": 16085,
    "index": 60
  },
  {
    "name": "Before Start in node_modules/_egg-mongoose@3.2.0@egg-mongoose/lib/mongoose.js:49:9",
    "start": 1569330808295,
    "end": 1569330808393,
    "duration": 98,
    "pid": 16085,
    "index": 61
  },
  {
    "name": "Load Service",
    "start": 1569330808295,
    "end": 1569330808326,
    "duration": 31,
    "pid": 16085,
    "index": 62
  },
  {
    "name": "Load \"service\" to Context",
    "start": 1569330808295,
    "end": 1569330808326,
    "duration": 31,
    "pid": 16085,
    "index": 63
  },
  {
    "name": "Load Middleware",
    "start": 1569330808326,
    "end": 1569330808366,
    "duration": 40,
    "pid": 16085,
    "index": 64
  },
  {
    "name": "Load \"middlewares\" to Application",
    "start": 1569330808326,
    "end": 1569330808360,
    "duration": 34,
    "pid": 16085,
    "index": 65
  },
  {
    "name": "Load Controller",
    "start": 1569330808366,
    "end": 1569330808371,
    "duration": 5,
    "pid": 16085,
    "index": 66
  },
  {
    "name": "Load \"controller\" to Application",
    "start": 1569330808366,
    "end": 1569330808371,
    "duration": 5,
    "pid": 16085,
    "index": 67
  },
  {
    "name": "Load Router",
    "start": 1569330808371,
    "end": 1569330808373,
    "duration": 2,
    "pid": 16085,
    "index": 68
  },
  {
    "name": "Require(50) app/router.js",
    "start": 1569330808372,
    "end": 1569330808372,
    "duration": 0,
    "pid": 16085,
    "index": 69
  },
  {
    "name": "Before Start in node_modules/_egg-core@4.17.3@egg-core/lib/egg.js:303:10",
    "start": 1569330808372,
    "end": 1569330808393,
    "duration": 21,
    "pid": 16085,
    "index": 70
  },
  {
    "name": "Load \"model\" to Application",
    "start": 1569330808382,
    "end": 1569330808393,
    "duration": 11,
    "pid": 16085,
    "index": 71
  }
]