[
  {
    "name": "Application Start",
    "start": 1569332090621,
    "end": 1569332091132,
    "duration": 511,
    "pid": 16576,
    "index": 0
  },
  {
    "name": "Load Plugin",
    "start": 1569332090626,
    "end": 1569332090635,
    "duration": 9,
    "pid": 16576,
    "index": 1
  },
  {
    "name": "Load Config",
    "start": 1569332090635,
    "end": 1569332090651,
    "duration": 16,
    "pid": 16576,
    "index": 2
  },
  {
    "name": "Require(0) config/config.default.js",
    "start": 1569332090636,
    "end": 1569332090637,
    "duration": 1,
    "pid": 16576,
    "index": 3
  },
  {
    "name": "Require(1) node_modules/_egg-session@3.1.0@egg-session/config/config.default.js",
    "start": 1569332090638,
    "end": 1569332090638,
    "duration": 0,
    "pid": 16576,
    "index": 4
  },
  {
    "name": "Require(2) node_modules/_egg-security@2.6.1@egg-security/config/config.default.js",
    "start": 1569332090639,
    "end": 1569332090639,
    "duration": 0,
    "pid": 16576,
    "index": 5
  },
  {
    "name": "Require(3) node_modules/_egg-jsonp@2.0.0@egg-jsonp/config/config.default.js",
    "start": 1569332090640,
    "end": 1569332090642,
    "duration": 2,
    "pid": 16576,
    "index": 6
  },
  {
    "name": "Require(4) node_modules/_egg-onerror@2.1.0@egg-onerror/config/config.default.js",
    "start": 1569332090643,
    "end": 1569332090643,
    "duration": 0,
    "pid": 16576,
    "index": 7
  },
  {
    "name": "Require(5) node_modules/_egg-i18n@2.1.1@egg-i18n/config/config.default.js",
    "start": 1569332090643,
    "end": 1569332090643,
    "duration": 0,
    "pid": 16576,
    "index": 8
  },
  {
    "name": "Require(6) node_modules/_egg-watcher@3.1.0@egg-watcher/config/config.default.js",
    "start": 1569332090643,
    "end": 1569332090644,
    "duration": 1,
    "pid": 16576,
    "index": 9
  },
  {
    "name": "Require(7) node_modules/_egg-schedule@3.6.4@egg-schedule/config/config.default.js",
    "start": 1569332090644,
    "end": 1569332090644,
    "duration": 0,
    "pid": 16576,
    "index": 10
  },
  {
    "name": "Require(8) node_modules/_egg-multipart@2.9.0@egg-multipart/config/config.default.js",
    "start": 1569332090644,
    "end": 1569332090644,
    "duration": 0,
    "pid": 16576,
    "index": 11
  },
  {
    "name": "Require(9) node_modules/_egg-development@2.4.3@egg-development/config/config.default.js",
    "start": 1569332090645,
    "end": 1569332090645,
    "duration": 0,
    "pid": 16576,
    "index": 12
  },
  {
    "name": "Require(10) node_modules/_egg-logrotator@3.1.0@egg-logrotator/config/config.default.js",
    "start": 1569332090645,
    "end": 1569332090645,
    "duration": 0,
    "pid": 16576,
    "index": 13
  },
  {
    "name": "Require(11) node_modules/_egg-static@2.2.0@egg-static/config/config.default.js",
    "start": 1569332090645,
    "end": 1569332090646,
    "duration": 1,
    "pid": 16576,
    "index": 14
  },
  {
    "name": "Require(12) node_modules/_egg-view@2.1.2@egg-view/config/config.default.js",
    "start": 1569332090646,
    "end": 1569332090646,
    "duration": 0,
    "pid": 16576,
    "index": 15
  },
  {
    "name": "Require(13) node_modules/_egg-mongoose@3.2.0@egg-mongoose/config/config.default.js",
    "start": 1569332090646,
    "end": 1569332090647,
    "duration": 1,
    "pid": 16576,
    "index": 16
  },
  {
    "name": "Require(14) node_modules/_egg-jwt@3.1.6@egg-jwt/config/config.default.js",
    "start": 1569332090647,
    "end": 1569332090647,
    "duration": 0,
    "pid": 16576,
    "index": 17
  },
  {
    "name": "Require(15) node_modules/_egg@2.23.0@egg/config/config.default.js",
    "start": 1569332090647,
    "end": 1569332090647,
    "duration": 0,
    "pid": 16576,
    "index": 18
  },
  {
    "name": "Require(16) config/config.default.js",
    "start": 1569332090649,
    "end": 1569332090649,
    "duration": 0,
    "pid": 16576,
    "index": 19
  },
  {
    "name": "Require(17) node_modules/_egg-security@2.6.1@egg-security/config/config.local.js",
    "start": 1569332090649,
    "end": 1569332090649,
    "duration": 0,
    "pid": 16576,
    "index": 20
  },
  {
    "name": "Require(18) node_modules/_egg-watcher@3.1.0@egg-watcher/config/config.local.js",
    "start": 1569332090650,
    "end": 1569332090650,
    "duration": 0,
    "pid": 16576,
    "index": 21
  },
  {
    "name": "Require(19) node_modules/_egg-view@2.1.2@egg-view/config/config.local.js",
    "start": 1569332090650,
    "end": 1569332090650,
    "duration": 0,
    "pid": 16576,
    "index": 22
  },
  {
    "name": "Require(20) node_modules/_egg@2.23.0@egg/config/config.local.js",
    "start": 1569332090651,
    "end": 1569332090651,
    "duration": 0,
    "pid": 16576,
    "index": 23
  },
  {
    "name": "Load extend/application.js",
    "start": 1569332090652,
    "end": 1569332090685,
    "duration": 33,
    "pid": 16576,
    "index": 24
  },
  {
    "name": "Require(21) node_modules/_egg-session@3.1.0@egg-session/app/extend/application.js",
    "start": 1569332090653,
    "end": 1569332090653,
    "duration": 0,
    "pid": 16576,
    "index": 25
  },
  {
    "name": "Require(22) node_modules/_egg-security@2.6.1@egg-security/app/extend/application.js",
    "start": 1569332090653,
    "end": 1569332090653,
    "duration": 0,
    "pid": 16576,
    "index": 26
  },
  {
    "name": "Require(23) node_modules/_egg-jsonp@2.0.0@egg-jsonp/app/extend/application.js",
    "start": 1569332090654,
    "end": 1569332090654,
    "duration": 0,
    "pid": 16576,
    "index": 27
  },
  {
    "name": "Require(24) node_modules/_egg-logrotator@3.1.0@egg-logrotator/app/extend/application.js",
    "start": 1569332090655,
    "end": 1569332090656,
    "duration": 1,
    "pid": 16576,
    "index": 28
  },
  {
    "name": "Require(25) node_modules/_egg-view@2.1.2@egg-view/app/extend/application.js",
    "start": 1569332090656,
    "end": 1569332090657,
    "duration": 1,
    "pid": 16576,
    "index": 29
  },
  {
    "name": "Require(26) node_modules/_egg-jwt@3.1.6@egg-jwt/app/extend/application.js",
    "start": 1569332090657,
    "end": 1569332090685,
    "duration": 28,
    "pid": 16576,
    "index": 30
  },
  {
    "name": "Load extend/request.js",
    "start": 1569332090686,
    "end": 1569332090687,
    "duration": 1,
    "pid": 16576,
    "index": 31
  },
  {
    "name": "Require(27) node_modules/_egg@2.23.0@egg/app/extend/request.js",
    "start": 1569332090686,
    "end": 1569332090687,
    "duration": 1,
    "pid": 16576,
    "index": 32
  },
  {
    "name": "Load extend/response.js",
    "start": 1569332090687,
    "end": 1569332090689,
    "duration": 2,
    "pid": 16576,
    "index": 33
  },
  {
    "name": "Require(28) node_modules/_egg@2.23.0@egg/app/extend/response.js",
    "start": 1569332090688,
    "end": 1569332090689,
    "duration": 1,
    "pid": 16576,
    "index": 34
  },
  {
    "name": "Load extend/context.js",
    "start": 1569332090689,
    "end": 1569332090736,
    "duration": 47,
    "pid": 16576,
    "index": 35
  },
  {
    "name": "Require(29) node_modules/_egg-security@2.6.1@egg-security/app/extend/context.js",
    "start": 1569332090689,
    "end": 1569332090694,
    "duration": 5,
    "pid": 16576,
    "index": 36
  },
  {
    "name": "Require(30) node_modules/_egg-jsonp@2.0.0@egg-jsonp/app/extend/context.js",
    "start": 1569332090695,
    "end": 1569332090695,
    "duration": 0,
    "pid": 16576,
    "index": 37
  },
  {
    "name": "Require(31) node_modules/_egg-i18n@2.1.1@egg-i18n/app/extend/context.js",
    "start": 1569332090696,
    "end": 1569332090696,
    "duration": 0,
    "pid": 16576,
    "index": 38
  },
  {
    "name": "Require(32) node_modules/_egg-multipart@2.9.0@egg-multipart/app/extend/context.js",
    "start": 1569332090696,
    "end": 1569332090731,
    "duration": 35,
    "pid": 16576,
    "index": 39
  },
  {
    "name": "Require(33) node_modules/_egg-view@2.1.2@egg-view/app/extend/context.js",
    "start": 1569332090733,
    "end": 1569332090734,
    "duration": 1,
    "pid": 16576,
    "index": 40
  },
  {
    "name": "Require(34) node_modules/_egg-mongoose@3.2.0@egg-mongoose/app/extend/context.js",
    "start": 1569332090734,
    "end": 1569332090734,
    "duration": 0,
    "pid": 16576,
    "index": 41
  },
  {
    "name": "Require(35) node_modules/_egg@2.23.0@egg/app/extend/context.js",
    "start": 1569332090734,
    "end": 1569332090735,
    "duration": 1,
    "pid": 16576,
    "index": 42
  },
  {
    "name": "Load extend/helper.js",
    "start": 1569332090736,
    "end": 1569332090745,
    "duration": 9,
    "pid": 16576,
    "index": 43
  },
  {
    "name": "Require(36) node_modules/_egg-security@2.6.1@egg-security/app/extend/helper.js",
    "start": 1569332090736,
    "end": 1569332090744,
    "duration": 8,
    "pid": 16576,
    "index": 44
  },
  {
    "name": "Require(37) node_modules/_egg@2.23.0@egg/app/extend/helper.js",
    "start": 1569332090744,
    "end": 1569332090745,
    "duration": 1,
    "pid": 16576,
    "index": 45
  },
  {
    "name": "Load app.js",
    "start": 1569332090745,
    "end": 1569332090760,
    "duration": 15,
    "pid": 16576,
    "index": 46
  },
  {
    "name": "Require(38) node_modules/_egg-session@3.1.0@egg-session/app.js",
    "start": 1569332090745,
    "end": 1569332090745,
    "duration": 0,
    "pid": 16576,
    "index": 47
  },
  {
    "name": "Require(39) node_modules/_egg-security@2.6.1@egg-security/app.js",
    "start": 1569332090746,
    "end": 1569332090746,
    "duration": 0,
    "pid": 16576,
    "index": 48
  },
  {
    "name": "Require(40) node_modules/_egg-onerror@2.1.0@egg-onerror/app.js",
    "start": 1569332090747,
    "end": 1569332090751,
    "duration": 4,
    "pid": 16576,
    "index": 49
  },
  {
    "name": "Require(41) node_modules/_egg-i18n@2.1.1@egg-i18n/app.js",
    "start": 1569332090752,
    "end": 1569332090754,
    "duration": 2,
    "pid": 16576,
    "index": 50
  },
  {
    "name": "Require(42) node_modules/_egg-watcher@3.1.0@egg-watcher/app.js",
    "start": 1569332090754,
    "end": 1569332090756,
    "duration": 2,
    "pid": 16576,
    "index": 51
  },
  {
    "name": "Require(43) node_modules/_egg-schedule@3.6.4@egg-schedule/app.js",
    "start": 1569332090756,
    "end": 1569332090757,
    "duration": 1,
    "pid": 16576,
    "index": 52
  },
  {
    "name": "Require(44) node_modules/_egg-multipart@2.9.0@egg-multipart/app.js",
    "start": 1569332090757,
    "end": 1569332090758,
    "duration": 1,
    "pid": 16576,
    "index": 53
  },
  {
    "name": "Require(45) node_modules/_egg-development@2.4.3@egg-development/app.js",
    "start": 1569332090758,
    "end": 1569332090758,
    "duration": 0,
    "pid": 16576,
    "index": 54
  },
  {
    "name": "Require(46) node_modules/_egg-logrotator@3.1.0@egg-logrotator/app.js",
    "start": 1569332090759,
    "end": 1569332090759,
    "duration": 0,
    "pid": 16576,
    "index": 55
  },
  {
    "name": "Require(47) node_modules/_egg-static@2.2.0@egg-static/app.js",
    "start": 1569332090759,
    "end": 1569332090759,
    "duration": 0,
    "pid": 16576,
    "index": 56
  },
  {
    "name": "Require(48) node_modules/_egg-mongoose@3.2.0@egg-mongoose/app.js",
    "start": 1569332090759,
    "end": 1569332090759,
    "duration": 0,
    "pid": 16576,
    "index": 57
  },
  {
    "name": "Require(49) node_modules/_egg-jwt@3.1.6@egg-jwt/app.js",
    "start": 1569332090759,
    "end": 1569332090759,
    "duration": 0,
    "pid": 16576,
    "index": 58
  },
  {
    "name": "Before Start in node_modules/_egg-watcher@3.1.0@egg-watcher/lib/init.js:15:14",
    "start": 1569332090770,
    "end": 1569332091132,
    "duration": 362,
    "pid": 16576,
    "index": 59
  },
  {
    "name": "Before Start in node_modules/_egg-mongoose@3.2.0@egg-mongoose/lib/mongoose.js:91:7",
    "start": 1569332091007,
    "end": 1569332091128,
    "duration": 121,
    "pid": 16576,
    "index": 60
  },
  {
    "name": "Before Start in node_modules/_egg-mongoose@3.2.0@egg-mongoose/lib/mongoose.js:49:9",
    "start": 1569332091007,
    "end": 1569332091105,
    "duration": 98,
    "pid": 16576,
    "index": 61
  },
  {
    "name": "Load Service",
    "start": 1569332091008,
    "end": 1569332091039,
    "duration": 31,
    "pid": 16576,
    "index": 62
  },
  {
    "name": "Load \"service\" to Context",
    "start": 1569332091008,
    "end": 1569332091039,
    "duration": 31,
    "pid": 16576,
    "index": 63
  },
  {
    "name": "Load Middleware",
    "start": 1569332091039,
    "end": 1569332091078,
    "duration": 39,
    "pid": 16576,
    "index": 64
  },
  {
    "name": "Load \"middlewares\" to Application",
    "start": 1569332091039,
    "end": 1569332091072,
    "duration": 33,
    "pid": 16576,
    "index": 65
  },
  {
    "name": "Load Controller",
    "start": 1569332091078,
    "end": 1569332091082,
    "duration": 4,
    "pid": 16576,
    "index": 66
  },
  {
    "name": "Load \"controller\" to Application",
    "start": 1569332091078,
    "end": 1569332091082,
    "duration": 4,
    "pid": 16576,
    "index": 67
  },
  {
    "name": "Load Router",
    "start": 1569332091082,
    "end": 1569332091084,
    "duration": 2,
    "pid": 16576,
    "index": 68
  },
  {
    "name": "Require(50) app/router.js",
    "start": 1569332091082,
    "end": 1569332091082,
    "duration": 0,
    "pid": 16576,
    "index": 69
  },
  {
    "name": "Before Start in node_modules/_egg-core@4.17.3@egg-core/lib/egg.js:303:10",
    "start": 1569332091083,
    "end": 1569332091105,
    "duration": 22,
    "pid": 16576,
    "index": 70
  },
  {
    "name": "Load \"model\" to Application",
    "start": 1569332091093,
    "end": 1569332091105,
    "duration": 12,
    "pid": 16576,
    "index": 71
  }
]