[
  {
    "name": "Application Start",
    "start": 1569331889693,
    "end": 1569331890218,
    "duration": 525,
    "pid": 16489,
    "index": 0
  },
  {
    "name": "Load Plugin",
    "start": 1569331889697,
    "end": 1569331889705,
    "duration": 8,
    "pid": 16489,
    "index": 1
  },
  {
    "name": "Load Config",
    "start": 1569331889705,
    "end": 1569331889718,
    "duration": 13,
    "pid": 16489,
    "index": 2
  },
  {
    "name": "Require(0) config/config.default.js",
    "start": 1569331889706,
    "end": 1569331889706,
    "duration": 0,
    "pid": 16489,
    "index": 3
  },
  {
    "name": "Require(1) node_modules/_egg-session@3.1.0@egg-session/config/config.default.js",
    "start": 1569331889707,
    "end": 1569331889708,
    "duration": 1,
    "pid": 16489,
    "index": 4
  },
  {
    "name": "Require(2) node_modules/_egg-security@2.6.1@egg-security/config/config.default.js",
    "start": 1569331889708,
    "end": 1569331889708,
    "duration": 0,
    "pid": 16489,
    "index": 5
  },
  {
    "name": "Require(3) node_modules/_egg-jsonp@2.0.0@egg-jsonp/config/config.default.js",
    "start": 1569331889709,
    "end": 1569331889711,
    "duration": 2,
    "pid": 16489,
    "index": 6
  },
  {
    "name": "Require(4) node_modules/_egg-onerror@2.1.0@egg-onerror/config/config.default.js",
    "start": 1569331889711,
    "end": 1569331889711,
    "duration": 0,
    "pid": 16489,
    "index": 7
  },
  {
    "name": "Require(5) node_modules/_egg-i18n@2.1.1@egg-i18n/config/config.default.js",
    "start": 1569331889711,
    "end": 1569331889711,
    "duration": 0,
    "pid": 16489,
    "index": 8
  },
  {
    "name": "Require(6) node_modules/_egg-watcher@3.1.0@egg-watcher/config/config.default.js",
    "start": 1569331889712,
    "end": 1569331889712,
    "duration": 0,
    "pid": 16489,
    "index": 9
  },
  {
    "name": "Require(7) node_modules/_egg-schedule@3.6.4@egg-schedule/config/config.default.js",
    "start": 1569331889712,
    "end": 1569331889712,
    "duration": 0,
    "pid": 16489,
    "index": 10
  },
  {
    "name": "Require(8) node_modules/_egg-multipart@2.9.0@egg-multipart/config/config.default.js",
    "start": 1569331889712,
    "end": 1569331889712,
    "duration": 0,
    "pid": 16489,
    "index": 11
  },
  {
    "name": "Require(9) node_modules/_egg-development@2.4.3@egg-development/config/config.default.js",
    "start": 1569331889713,
    "end": 1569331889713,
    "duration": 0,
    "pid": 16489,
    "index": 12
  },
  {
    "name": "Require(10) node_modules/_egg-logrotator@3.1.0@egg-logrotator/config/config.default.js",
    "start": 1569331889713,
    "end": 1569331889713,
    "duration": 0,
    "pid": 16489,
    "index": 13
  },
  {
    "name": "Require(11) node_modules/_egg-static@2.2.0@egg-static/config/config.default.js",
    "start": 1569331889714,
    "end": 1569331889714,
    "duration": 0,
    "pid": 16489,
    "index": 14
  },
  {
    "name": "Require(12) node_modules/_egg-view@2.1.2@egg-view/config/config.default.js",
    "start": 1569331889714,
    "end": 1569331889714,
    "duration": 0,
    "pid": 16489,
    "index": 15
  },
  {
    "name": "Require(13) node_modules/_egg-mongoose@3.2.0@egg-mongoose/config/config.default.js",
    "start": 1569331889714,
    "end": 1569331889714,
    "duration": 0,
    "pid": 16489,
    "index": 16
  },
  {
    "name": "Require(14) node_modules/_egg-jwt@3.1.6@egg-jwt/config/config.default.js",
    "start": 1569331889715,
    "end": 1569331889715,
    "duration": 0,
    "pid": 16489,
    "index": 17
  },
  {
    "name": "Require(15) node_modules/_egg@2.23.0@egg/config/config.default.js",
    "start": 1569331889715,
    "end": 1569331889715,
    "duration": 0,
    "pid": 16489,
    "index": 18
  },
  {
    "name": "Require(16) config/config.default.js",
    "start": 1569331889716,
    "end": 1569331889716,
    "duration": 0,
    "pid": 16489,
    "index": 19
  },
  {
    "name": "Require(17) node_modules/_egg-security@2.6.1@egg-security/config/config.local.js",
    "start": 1569331889716,
    "end": 1569331889717,
    "duration": 1,
    "pid": 16489,
    "index": 20
  },
  {
    "name": "Require(18) node_modules/_egg-watcher@3.1.0@egg-watcher/config/config.local.js",
    "start": 1569331889717,
    "end": 1569331889717,
    "duration": 0,
    "pid": 16489,
    "index": 21
  },
  {
    "name": "Require(19) node_modules/_egg-view@2.1.2@egg-view/config/config.local.js",
    "start": 1569331889717,
    "end": 1569331889717,
    "duration": 0,
    "pid": 16489,
    "index": 22
  },
  {
    "name": "Require(20) node_modules/_egg@2.23.0@egg/config/config.local.js",
    "start": 1569331889718,
    "end": 1569331889718,
    "duration": 0,
    "pid": 16489,
    "index": 23
  },
  {
    "name": "Load extend/application.js",
    "start": 1569331889719,
    "end": 1569331889751,
    "duration": 32,
    "pid": 16489,
    "index": 24
  },
  {
    "name": "Require(21) node_modules/_egg-session@3.1.0@egg-session/app/extend/application.js",
    "start": 1569331889719,
    "end": 1569331889720,
    "duration": 1,
    "pid": 16489,
    "index": 25
  },
  {
    "name": "Require(22) node_modules/_egg-security@2.6.1@egg-security/app/extend/application.js",
    "start": 1569331889720,
    "end": 1569331889720,
    "duration": 0,
    "pid": 16489,
    "index": 26
  },
  {
    "name": "Require(23) node_modules/_egg-jsonp@2.0.0@egg-jsonp/app/extend/application.js",
    "start": 1569331889720,
    "end": 1569331889721,
    "duration": 1,
    "pid": 16489,
    "index": 27
  },
  {
    "name": "Require(24) node_modules/_egg-logrotator@3.1.0@egg-logrotator/app/extend/application.js",
    "start": 1569331889722,
    "end": 1569331889722,
    "duration": 0,
    "pid": 16489,
    "index": 28
  },
  {
    "name": "Require(25) node_modules/_egg-view@2.1.2@egg-view/app/extend/application.js",
    "start": 1569331889723,
    "end": 1569331889723,
    "duration": 0,
    "pid": 16489,
    "index": 29
  },
  {
    "name": "Require(26) node_modules/_egg-jwt@3.1.6@egg-jwt/app/extend/application.js",
    "start": 1569331889723,
    "end": 1569331889750,
    "duration": 27,
    "pid": 16489,
    "index": 30
  },
  {
    "name": "Load extend/request.js",
    "start": 1569331889751,
    "end": 1569331889753,
    "duration": 2,
    "pid": 16489,
    "index": 31
  },
  {
    "name": "Require(27) node_modules/_egg@2.23.0@egg/app/extend/request.js",
    "start": 1569331889752,
    "end": 1569331889753,
    "duration": 1,
    "pid": 16489,
    "index": 32
  },
  {
    "name": "Load extend/response.js",
    "start": 1569331889753,
    "end": 1569331889756,
    "duration": 3,
    "pid": 16489,
    "index": 33
  },
  {
    "name": "Require(28) node_modules/_egg@2.23.0@egg/app/extend/response.js",
    "start": 1569331889754,
    "end": 1569331889755,
    "duration": 1,
    "pid": 16489,
    "index": 34
  },
  {
    "name": "Load extend/context.js",
    "start": 1569331889756,
    "end": 1569331889803,
    "duration": 47,
    "pid": 16489,
    "index": 35
  },
  {
    "name": "Require(29) node_modules/_egg-security@2.6.1@egg-security/app/extend/context.js",
    "start": 1569331889756,
    "end": 1569331889763,
    "duration": 7,
    "pid": 16489,
    "index": 36
  },
  {
    "name": "Require(30) node_modules/_egg-jsonp@2.0.0@egg-jsonp/app/extend/context.js",
    "start": 1569331889763,
    "end": 1569331889765,
    "duration": 2,
    "pid": 16489,
    "index": 37
  },
  {
    "name": "Require(31) node_modules/_egg-i18n@2.1.1@egg-i18n/app/extend/context.js",
    "start": 1569331889765,
    "end": 1569331889765,
    "duration": 0,
    "pid": 16489,
    "index": 38
  },
  {
    "name": "Require(32) node_modules/_egg-multipart@2.9.0@egg-multipart/app/extend/context.js",
    "start": 1569331889766,
    "end": 1569331889800,
    "duration": 34,
    "pid": 16489,
    "index": 39
  },
  {
    "name": "Require(33) node_modules/_egg-view@2.1.2@egg-view/app/extend/context.js",
    "start": 1569331889800,
    "end": 1569331889801,
    "duration": 1,
    "pid": 16489,
    "index": 40
  },
  {
    "name": "Require(34) node_modules/_egg-mongoose@3.2.0@egg-mongoose/app/extend/context.js",
    "start": 1569331889801,
    "end": 1569331889801,
    "duration": 0,
    "pid": 16489,
    "index": 41
  },
  {
    "name": "Require(35) node_modules/_egg@2.23.0@egg/app/extend/context.js",
    "start": 1569331889801,
    "end": 1569331889802,
    "duration": 1,
    "pid": 16489,
    "index": 42
  },
  {
    "name": "Load extend/helper.js",
    "start": 1569331889803,
    "end": 1569331889812,
    "duration": 9,
    "pid": 16489,
    "index": 43
  },
  {
    "name": "Require(36) node_modules/_egg-security@2.6.1@egg-security/app/extend/helper.js",
    "start": 1569331889803,
    "end": 1569331889811,
    "duration": 8,
    "pid": 16489,
    "index": 44
  },
  {
    "name": "Require(37) node_modules/_egg@2.23.0@egg/app/extend/helper.js",
    "start": 1569331889811,
    "end": 1569331889811,
    "duration": 0,
    "pid": 16489,
    "index": 45
  },
  {
    "name": "Load app.js",
    "start": 1569331889812,
    "end": 1569331889826,
    "duration": 14,
    "pid": 16489,
    "index": 46
  },
  {
    "name": "Require(38) node_modules/_egg-session@3.1.0@egg-session/app.js",
    "start": 1569331889812,
    "end": 1569331889812,
    "duration": 0,
    "pid": 16489,
    "index": 47
  },
  {
    "name": "Require(39) node_modules/_egg-security@2.6.1@egg-security/app.js",
    "start": 1569331889813,
    "end": 1569331889813,
    "duration": 0,
    "pid": 16489,
    "index": 48
  },
  {
    "name": "Require(40) node_modules/_egg-onerror@2.1.0@egg-onerror/app.js",
    "start": 1569331889813,
    "end": 1569331889818,
    "duration": 5,
    "pid": 16489,
    "index": 49
  },
  {
    "name": "Require(41) node_modules/_egg-i18n@2.1.1@egg-i18n/app.js",
    "start": 1569331889818,
    "end": 1569331889820,
    "duration": 2,
    "pid": 16489,
    "index": 50
  },
  {
    "name": "Require(42) node_modules/_egg-watcher@3.1.0@egg-watcher/app.js",
    "start": 1569331889820,
    "end": 1569331889822,
    "duration": 2,
    "pid": 16489,
    "index": 51
  },
  {
    "name": "Require(43) node_modules/_egg-schedule@3.6.4@egg-schedule/app.js",
    "start": 1569331889822,
    "end": 1569331889823,
    "duration": 1,
    "pid": 16489,
    "index": 52
  },
  {
    "name": "Require(44) node_modules/_egg-multipart@2.9.0@egg-multipart/app.js",
    "start": 1569331889823,
    "end": 1569331889824,
    "duration": 1,
    "pid": 16489,
    "index": 53
  },
  {
    "name": "Require(45) node_modules/_egg-development@2.4.3@egg-development/app.js",
    "start": 1569331889824,
    "end": 1569331889824,
    "duration": 0,
    "pid": 16489,
    "index": 54
  },
  {
    "name": "Require(46) node_modules/_egg-logrotator@3.1.0@egg-logrotator/app.js",
    "start": 1569331889824,
    "end": 1569331889824,
    "duration": 0,
    "pid": 16489,
    "index": 55
  },
  {
    "name": "Require(47) node_modules/_egg-static@2.2.0@egg-static/app.js",
    "start": 1569331889824,
    "end": 1569331889825,
    "duration": 1,
    "pid": 16489,
    "index": 56
  },
  {
    "name": "Require(48) node_modules/_egg-mongoose@3.2.0@egg-mongoose/app.js",
    "start": 1569331889825,
    "end": 1569331889825,
    "duration": 0,
    "pid": 16489,
    "index": 57
  },
  {
    "name": "Require(49) node_modules/_egg-jwt@3.1.6@egg-jwt/app.js",
    "start": 1569331889825,
    "end": 1569331889825,
    "duration": 0,
    "pid": 16489,
    "index": 58
  },
  {
    "name": "Before Start in node_modules/_egg-watcher@3.1.0@egg-watcher/lib/init.js:15:14",
    "start": 1569331889835,
    "end": 1569331890217,
    "duration": 382,
    "pid": 16489,
    "index": 59
  },
  {
    "name": "Before Start in node_modules/_egg-mongoose@3.2.0@egg-mongoose/lib/mongoose.js:91:7",
    "start": 1569331890079,
    "end": 1569331890214,
    "duration": 135,
    "pid": 16489,
    "index": 60
  },
  {
    "name": "Before Start in node_modules/_egg-mongoose@3.2.0@egg-mongoose/lib/mongoose.js:49:9",
    "start": 1569331890080,
    "end": 1569331890191,
    "duration": 111,
    "pid": 16489,
    "index": 61
  },
  {
    "name": "Load Service",
    "start": 1569331890080,
    "end": 1569331890112,
    "duration": 32,
    "pid": 16489,
    "index": 62
  },
  {
    "name": "Load \"service\" to Context",
    "start": 1569331890080,
    "end": 1569331890112,
    "duration": 32,
    "pid": 16489,
    "index": 63
  },
  {
    "name": "Load Middleware",
    "start": 1569331890112,
    "end": 1569331890157,
    "duration": 45,
    "pid": 16489,
    "index": 64
  },
  {
    "name": "Load \"middlewares\" to Application",
    "start": 1569331890112,
    "end": 1569331890151,
    "duration": 39,
    "pid": 16489,
    "index": 65
  },
  {
    "name": "Load Controller",
    "start": 1569331890158,
    "end": 1569331890162,
    "duration": 4,
    "pid": 16489,
    "index": 66
  },
  {
    "name": "Load \"controller\" to Application",
    "start": 1569331890158,
    "end": 1569331890162,
    "duration": 4,
    "pid": 16489,
    "index": 67
  },
  {
    "name": "Load Router",
    "start": 1569331890162,
    "end": 1569331890164,
    "duration": 2,
    "pid": 16489,
    "index": 68
  },
  {
    "name": "Require(50) app/router.js",
    "start": 1569331890162,
    "end": 1569331890162,
    "duration": 0,
    "pid": 16489,
    "index": 69
  },
  {
    "name": "Before Start in node_modules/_egg-core@4.17.3@egg-core/lib/egg.js:303:10",
    "start": 1569331890163,
    "end": 1569331890191,
    "duration": 28,
    "pid": 16489,
    "index": 70
  },
  {
    "name": "Load \"model\" to Application",
    "start": 1569331890179,
    "end": 1569331890191,
    "duration": 12,
    "pid": 16489,
    "index": 71
  }
]