[
  {
    "name": "Application Start",
    "start": 1569332877807,
    "end": 1569332878307,
    "duration": 500,
    "pid": 16925,
    "index": 0
  },
  {
    "name": "Load Plugin",
    "start": 1569332877810,
    "end": 1569332877817,
    "duration": 7,
    "pid": 16925,
    "index": 1
  },
  {
    "name": "Load Config",
    "start": 1569332877818,
    "end": 1569332877830,
    "duration": 12,
    "pid": 16925,
    "index": 2
  },
  {
    "name": "Require(0) config/config.default.js",
    "start": 1569332877818,
    "end": 1569332877818,
    "duration": 0,
    "pid": 16925,
    "index": 3
  },
  {
    "name": "Require(1) node_modules/_egg-session@3.1.0@egg-session/config/config.default.js",
    "start": 1569332877819,
    "end": 1569332877820,
    "duration": 1,
    "pid": 16925,
    "index": 4
  },
  {
    "name": "Require(2) node_modules/_egg-security@2.6.1@egg-security/config/config.default.js",
    "start": 1569332877820,
    "end": 1569332877820,
    "duration": 0,
    "pid": 16925,
    "index": 5
  },
  {
    "name": "Require(3) node_modules/_egg-jsonp@2.0.0@egg-jsonp/config/config.default.js",
    "start": 1569332877821,
    "end": 1569332877823,
    "duration": 2,
    "pid": 16925,
    "index": 6
  },
  {
    "name": "Require(4) node_modules/_egg-onerror@2.1.0@egg-onerror/config/config.default.js",
    "start": 1569332877823,
    "end": 1569332877823,
    "duration": 0,
    "pid": 16925,
    "index": 7
  },
  {
    "name": "Require(5) node_modules/_egg-i18n@2.1.1@egg-i18n/config/config.default.js",
    "start": 1569332877823,
    "end": 1569332877823,
    "duration": 0,
    "pid": 16925,
    "index": 8
  },
  {
    "name": "Require(6) node_modules/_egg-watcher@3.1.0@egg-watcher/config/config.default.js",
    "start": 1569332877824,
    "end": 1569332877824,
    "duration": 0,
    "pid": 16925,
    "index": 9
  },
  {
    "name": "Require(7) node_modules/_egg-schedule@3.6.4@egg-schedule/config/config.default.js",
    "start": 1569332877824,
    "end": 1569332877824,
    "duration": 0,
    "pid": 16925,
    "index": 10
  },
  {
    "name": "Require(8) node_modules/_egg-multipart@2.9.0@egg-multipart/config/config.default.js",
    "start": 1569332877824,
    "end": 1569332877824,
    "duration": 0,
    "pid": 16925,
    "index": 11
  },
  {
    "name": "Require(9) node_modules/_egg-development@2.4.3@egg-development/config/config.default.js",
    "start": 1569332877825,
    "end": 1569332877825,
    "duration": 0,
    "pid": 16925,
    "index": 12
  },
  {
    "name": "Require(10) node_modules/_egg-logrotator@3.1.0@egg-logrotator/config/config.default.js",
    "start": 1569332877825,
    "end": 1569332877825,
    "duration": 0,
    "pid": 16925,
    "index": 13
  },
  {
    "name": "Require(11) node_modules/_egg-static@2.2.0@egg-static/config/config.default.js",
    "start": 1569332877825,
    "end": 1569332877825,
    "duration": 0,
    "pid": 16925,
    "index": 14
  },
  {
    "name": "Require(12) node_modules/_egg-view@2.1.2@egg-view/config/config.default.js",
    "start": 1569332877826,
    "end": 1569332877826,
    "duration": 0,
    "pid": 16925,
    "index": 15
  },
  {
    "name": "Require(13) node_modules/_egg-mongoose@3.2.0@egg-mongoose/config/config.default.js",
    "start": 1569332877826,
    "end": 1569332877826,
    "duration": 0,
    "pid": 16925,
    "index": 16
  },
  {
    "name": "Require(14) node_modules/_egg-jwt@3.1.6@egg-jwt/config/config.default.js",
    "start": 1569332877826,
    "end": 1569332877827,
    "duration": 1,
    "pid": 16925,
    "index": 17
  },
  {
    "name": "Require(15) node_modules/_egg@2.23.0@egg/config/config.default.js",
    "start": 1569332877827,
    "end": 1569332877827,
    "duration": 0,
    "pid": 16925,
    "index": 18
  },
  {
    "name": "Require(16) config/config.default.js",
    "start": 1569332877828,
    "end": 1569332877829,
    "duration": 1,
    "pid": 16925,
    "index": 19
  },
  {
    "name": "Require(17) node_modules/_egg-security@2.6.1@egg-security/config/config.local.js",
    "start": 1569332877829,
    "end": 1569332877829,
    "duration": 0,
    "pid": 16925,
    "index": 20
  },
  {
    "name": "Require(18) node_modules/_egg-watcher@3.1.0@egg-watcher/config/config.local.js",
    "start": 1569332877829,
    "end": 1569332877829,
    "duration": 0,
    "pid": 16925,
    "index": 21
  },
  {
    "name": "Require(19) node_modules/_egg-view@2.1.2@egg-view/config/config.local.js",
    "start": 1569332877830,
    "end": 1569332877830,
    "duration": 0,
    "pid": 16925,
    "index": 22
  },
  {
    "name": "Require(20) node_modules/_egg@2.23.0@egg/config/config.local.js",
    "start": 1569332877830,
    "end": 1569332877830,
    "duration": 0,
    "pid": 16925,
    "index": 23
  },
  {
    "name": "Load extend/application.js",
    "start": 1569332877831,
    "end": 1569332877862,
    "duration": 31,
    "pid": 16925,
    "index": 24
  },
  {
    "name": "Require(21) node_modules/_egg-session@3.1.0@egg-session/app/extend/application.js",
    "start": 1569332877832,
    "end": 1569332877832,
    "duration": 0,
    "pid": 16925,
    "index": 25
  },
  {
    "name": "Require(22) node_modules/_egg-security@2.6.1@egg-security/app/extend/application.js",
    "start": 1569332877832,
    "end": 1569332877832,
    "duration": 0,
    "pid": 16925,
    "index": 26
  },
  {
    "name": "Require(23) node_modules/_egg-jsonp@2.0.0@egg-jsonp/app/extend/application.js",
    "start": 1569332877833,
    "end": 1569332877833,
    "duration": 0,
    "pid": 16925,
    "index": 27
  },
  {
    "name": "Require(24) node_modules/_egg-logrotator@3.1.0@egg-logrotator/app/extend/application.js",
    "start": 1569332877834,
    "end": 1569332877835,
    "duration": 1,
    "pid": 16925,
    "index": 28
  },
  {
    "name": "Require(25) node_modules/_egg-view@2.1.2@egg-view/app/extend/application.js",
    "start": 1569332877835,
    "end": 1569332877836,
    "duration": 1,
    "pid": 16925,
    "index": 29
  },
  {
    "name": "Require(26) node_modules/_egg-jwt@3.1.6@egg-jwt/app/extend/application.js",
    "start": 1569332877836,
    "end": 1569332877862,
    "duration": 26,
    "pid": 16925,
    "index": 30
  },
  {
    "name": "Load extend/request.js",
    "start": 1569332877863,
    "end": 1569332877864,
    "duration": 1,
    "pid": 16925,
    "index": 31
  },
  {
    "name": "Require(27) node_modules/_egg@2.23.0@egg/app/extend/request.js",
    "start": 1569332877863,
    "end": 1569332877864,
    "duration": 1,
    "pid": 16925,
    "index": 32
  },
  {
    "name": "Load extend/response.js",
    "start": 1569332877864,
    "end": 1569332877866,
    "duration": 2,
    "pid": 16925,
    "index": 33
  },
  {
    "name": "Require(28) node_modules/_egg@2.23.0@egg/app/extend/response.js",
    "start": 1569332877865,
    "end": 1569332877866,
    "duration": 1,
    "pid": 16925,
    "index": 34
  },
  {
    "name": "Load extend/context.js",
    "start": 1569332877866,
    "end": 1569332877911,
    "duration": 45,
    "pid": 16925,
    "index": 35
  },
  {
    "name": "Require(29) node_modules/_egg-security@2.6.1@egg-security/app/extend/context.js",
    "start": 1569332877866,
    "end": 1569332877871,
    "duration": 5,
    "pid": 16925,
    "index": 36
  },
  {
    "name": "Require(30) node_modules/_egg-jsonp@2.0.0@egg-jsonp/app/extend/context.js",
    "start": 1569332877872,
    "end": 1569332877872,
    "duration": 0,
    "pid": 16925,
    "index": 37
  },
  {
    "name": "Require(31) node_modules/_egg-i18n@2.1.1@egg-i18n/app/extend/context.js",
    "start": 1569332877872,
    "end": 1569332877873,
    "duration": 1,
    "pid": 16925,
    "index": 38
  },
  {
    "name": "Require(32) node_modules/_egg-multipart@2.9.0@egg-multipart/app/extend/context.js",
    "start": 1569332877873,
    "end": 1569332877908,
    "duration": 35,
    "pid": 16925,
    "index": 39
  },
  {
    "name": "Require(33) node_modules/_egg-view@2.1.2@egg-view/app/extend/context.js",
    "start": 1569332877908,
    "end": 1569332877909,
    "duration": 1,
    "pid": 16925,
    "index": 40
  },
  {
    "name": "Require(34) node_modules/_egg-mongoose@3.2.0@egg-mongoose/app/extend/context.js",
    "start": 1569332877909,
    "end": 1569332877909,
    "duration": 0,
    "pid": 16925,
    "index": 41
  },
  {
    "name": "Require(35) node_modules/_egg@2.23.0@egg/app/extend/context.js",
    "start": 1569332877910,
    "end": 1569332877910,
    "duration": 0,
    "pid": 16925,
    "index": 42
  },
  {
    "name": "Load extend/helper.js",
    "start": 1569332877911,
    "end": 1569332877920,
    "duration": 9,
    "pid": 16925,
    "index": 43
  },
  {
    "name": "Require(36) node_modules/_egg-security@2.6.1@egg-security/app/extend/helper.js",
    "start": 1569332877911,
    "end": 1569332877919,
    "duration": 8,
    "pid": 16925,
    "index": 44
  },
  {
    "name": "Require(37) node_modules/_egg@2.23.0@egg/app/extend/helper.js",
    "start": 1569332877920,
    "end": 1569332877920,
    "duration": 0,
    "pid": 16925,
    "index": 45
  },
  {
    "name": "Load app.js",
    "start": 1569332877921,
    "end": 1569332877935,
    "duration": 14,
    "pid": 16925,
    "index": 46
  },
  {
    "name": "Require(38) node_modules/_egg-session@3.1.0@egg-session/app.js",
    "start": 1569332877921,
    "end": 1569332877921,
    "duration": 0,
    "pid": 16925,
    "index": 47
  },
  {
    "name": "Require(39) node_modules/_egg-security@2.6.1@egg-security/app.js",
    "start": 1569332877921,
    "end": 1569332877922,
    "duration": 1,
    "pid": 16925,
    "index": 48
  },
  {
    "name": "Require(40) node_modules/_egg-onerror@2.1.0@egg-onerror/app.js",
    "start": 1569332877922,
    "end": 1569332877926,
    "duration": 4,
    "pid": 16925,
    "index": 49
  },
  {
    "name": "Require(41) node_modules/_egg-i18n@2.1.1@egg-i18n/app.js",
    "start": 1569332877926,
    "end": 1569332877929,
    "duration": 3,
    "pid": 16925,
    "index": 50
  },
  {
    "name": "Require(42) node_modules/_egg-watcher@3.1.0@egg-watcher/app.js",
    "start": 1569332877929,
    "end": 1569332877931,
    "duration": 2,
    "pid": 16925,
    "index": 51
  },
  {
    "name": "Require(43) node_modules/_egg-schedule@3.6.4@egg-schedule/app.js",
    "start": 1569332877931,
    "end": 1569332877932,
    "duration": 1,
    "pid": 16925,
    "index": 52
  },
  {
    "name": "Require(44) node_modules/_egg-multipart@2.9.0@egg-multipart/app.js",
    "start": 1569332877932,
    "end": 1569332877933,
    "duration": 1,
    "pid": 16925,
    "index": 53
  },
  {
    "name": "Require(45) node_modules/_egg-development@2.4.3@egg-development/app.js",
    "start": 1569332877934,
    "end": 1569332877934,
    "duration": 0,
    "pid": 16925,
    "index": 54
  },
  {
    "name": "Require(46) node_modules/_egg-logrotator@3.1.0@egg-logrotator/app.js",
    "start": 1569332877934,
    "end": 1569332877934,
    "duration": 0,
    "pid": 16925,
    "index": 55
  },
  {
    "name": "Require(47) node_modules/_egg-static@2.2.0@egg-static/app.js",
    "start": 1569332877934,
    "end": 1569332877934,
    "duration": 0,
    "pid": 16925,
    "index": 56
  },
  {
    "name": "Require(48) node_modules/_egg-mongoose@3.2.0@egg-mongoose/app.js",
    "start": 1569332877934,
    "end": 1569332877934,
    "duration": 0,
    "pid": 16925,
    "index": 57
  },
  {
    "name": "Require(49) node_modules/_egg-jwt@3.1.6@egg-jwt/app.js",
    "start": 1569332877934,
    "end": 1569332877935,
    "duration": 1,
    "pid": 16925,
    "index": 58
  },
  {
    "name": "Before Start in node_modules/_egg-watcher@3.1.0@egg-watcher/lib/init.js:15:14",
    "start": 1569332877945,
    "end": 1569332878306,
    "duration": 361,
    "pid": 16925,
    "index": 59
  },
  {
    "name": "Before Start in node_modules/_egg-mongoose@3.2.0@egg-mongoose/lib/mongoose.js:91:7",
    "start": 1569332878183,
    "end": 1569332878302,
    "duration": 119,
    "pid": 16925,
    "index": 60
  },
  {
    "name": "Before Start in node_modules/_egg-mongoose@3.2.0@egg-mongoose/lib/mongoose.js:49:9",
    "start": 1569332878184,
    "end": 1569332878281,
    "duration": 97,
    "pid": 16925,
    "index": 61
  },
  {
    "name": "Load Service",
    "start": 1569332878184,
    "end": 1569332878213,
    "duration": 29,
    "pid": 16925,
    "index": 62
  },
  {
    "name": "Load \"service\" to Context",
    "start": 1569332878184,
    "end": 1569332878213,
    "duration": 29,
    "pid": 16925,
    "index": 63
  },
  {
    "name": "Load Middleware",
    "start": 1569332878214,
    "end": 1569332878254,
    "duration": 40,
    "pid": 16925,
    "index": 64
  },
  {
    "name": "Load \"middlewares\" to Application",
    "start": 1569332878214,
    "end": 1569332878249,
    "duration": 35,
    "pid": 16925,
    "index": 65
  },
  {
    "name": "Load Controller",
    "start": 1569332878254,
    "end": 1569332878258,
    "duration": 4,
    "pid": 16925,
    "index": 66
  },
  {
    "name": "Load \"controller\" to Application",
    "start": 1569332878254,
    "end": 1569332878258,
    "duration": 4,
    "pid": 16925,
    "index": 67
  },
  {
    "name": "Load Router",
    "start": 1569332878258,
    "end": 1569332878260,
    "duration": 2,
    "pid": 16925,
    "index": 68
  },
  {
    "name": "Require(50) app/router.js",
    "start": 1569332878258,
    "end": 1569332878258,
    "duration": 0,
    "pid": 16925,
    "index": 69
  },
  {
    "name": "Before Start in node_modules/_egg-core@4.17.3@egg-core/lib/egg.js:303:10",
    "start": 1569332878259,
    "end": 1569332878281,
    "duration": 22,
    "pid": 16925,
    "index": 70
  },
  {
    "name": "Load \"model\" to Application",
    "start": 1569332878269,
    "end": 1569332878280,
    "duration": 11,
    "pid": 16925,
    "index": 71
  }
]