[
  {
    "name": "Application Start",
    "start": 1569330392261,
    "end": 1569330392783,
    "duration": 522,
    "pid": 15884,
    "index": 0
  },
  {
    "name": "Load Plugin",
    "start": 1569330392265,
    "end": 1569330392274,
    "duration": 9,
    "pid": 15884,
    "index": 1
  },
  {
    "name": "Load Config",
    "start": 1569330392274,
    "end": 1569330392287,
    "duration": 13,
    "pid": 15884,
    "index": 2
  },
  {
    "name": "Require(0) config/config.default.js",
    "start": 1569330392274,
    "end": 1569330392275,
    "duration": 1,
    "pid": 15884,
    "index": 3
  },
  {
    "name": "Require(1) node_modules/_egg-session@3.1.0@egg-session/config/config.default.js",
    "start": 1569330392276,
    "end": 1569330392276,
    "duration": 0,
    "pid": 15884,
    "index": 4
  },
  {
    "name": "Require(2) node_modules/_egg-security@2.6.1@egg-security/config/config.default.js",
    "start": 1569330392276,
    "end": 1569330392276,
    "duration": 0,
    "pid": 15884,
    "index": 5
  },
  {
    "name": "Require(3) node_modules/_egg-jsonp@2.0.0@egg-jsonp/config/config.default.js",
    "start": 1569330392277,
    "end": 1569330392279,
    "duration": 2,
    "pid": 15884,
    "index": 6
  },
  {
    "name": "Require(4) node_modules/_egg-onerror@2.1.0@egg-onerror/config/config.default.js",
    "start": 1569330392279,
    "end": 1569330392279,
    "duration": 0,
    "pid": 15884,
    "index": 7
  },
  {
    "name": "Require(5) node_modules/_egg-i18n@2.1.1@egg-i18n/config/config.default.js",
    "start": 1569330392280,
    "end": 1569330392280,
    "duration": 0,
    "pid": 15884,
    "index": 8
  },
  {
    "name": "Require(6) node_modules/_egg-watcher@3.1.0@egg-watcher/config/config.default.js",
    "start": 1569330392280,
    "end": 1569330392280,
    "duration": 0,
    "pid": 15884,
    "index": 9
  },
  {
    "name": "Require(7) node_modules/_egg-schedule@3.6.4@egg-schedule/config/config.default.js",
    "start": 1569330392281,
    "end": 1569330392281,
    "duration": 0,
    "pid": 15884,
    "index": 10
  },
  {
    "name": "Require(8) node_modules/_egg-multipart@2.9.0@egg-multipart/config/config.default.js",
    "start": 1569330392281,
    "end": 1569330392281,
    "duration": 0,
    "pid": 15884,
    "index": 11
  },
  {
    "name": "Require(9) node_modules/_egg-development@2.4.3@egg-development/config/config.default.js",
    "start": 1569330392281,
    "end": 1569330392282,
    "duration": 1,
    "pid": 15884,
    "index": 12
  },
  {
    "name": "Require(10) node_modules/_egg-logrotator@3.1.0@egg-logrotator/config/config.default.js",
    "start": 1569330392282,
    "end": 1569330392282,
    "duration": 0,
    "pid": 15884,
    "index": 13
  },
  {
    "name": "Require(11) node_modules/_egg-static@2.2.0@egg-static/config/config.default.js",
    "start": 1569330392282,
    "end": 1569330392282,
    "duration": 0,
    "pid": 15884,
    "index": 14
  },
  {
    "name": "Require(12) node_modules/_egg-view@2.1.2@egg-view/config/config.default.js",
    "start": 1569330392283,
    "end": 1569330392283,
    "duration": 0,
    "pid": 15884,
    "index": 15
  },
  {
    "name": "Require(13) node_modules/_egg-mongoose@3.2.0@egg-mongoose/config/config.default.js",
    "start": 1569330392283,
    "end": 1569330392283,
    "duration": 0,
    "pid": 15884,
    "index": 16
  },
  {
    "name": "Require(14) node_modules/_egg-jwt@3.1.6@egg-jwt/config/config.default.js",
    "start": 1569330392283,
    "end": 1569330392284,
    "duration": 1,
    "pid": 15884,
    "index": 17
  },
  {
    "name": "Require(15) node_modules/_egg@2.23.0@egg/config/config.default.js",
    "start": 1569330392284,
    "end": 1569330392284,
    "duration": 0,
    "pid": 15884,
    "index": 18
  },
  {
    "name": "Require(16) config/config.default.js",
    "start": 1569330392285,
    "end": 1569330392285,
    "duration": 0,
    "pid": 15884,
    "index": 19
  },
  {
    "name": "Require(17) node_modules/_egg-security@2.6.1@egg-security/config/config.local.js",
    "start": 1569330392286,
    "end": 1569330392286,
    "duration": 0,
    "pid": 15884,
    "index": 20
  },
  {
    "name": "Require(18) node_modules/_egg-watcher@3.1.0@egg-watcher/config/config.local.js",
    "start": 1569330392286,
    "end": 1569330392286,
    "duration": 0,
    "pid": 15884,
    "index": 21
  },
  {
    "name": "Require(19) node_modules/_egg-view@2.1.2@egg-view/config/config.local.js",
    "start": 1569330392286,
    "end": 1569330392287,
    "duration": 1,
    "pid": 15884,
    "index": 22
  },
  {
    "name": "Require(20) node_modules/_egg@2.23.0@egg/config/config.local.js",
    "start": 1569330392287,
    "end": 1569330392287,
    "duration": 0,
    "pid": 15884,
    "index": 23
  },
  {
    "name": "Load extend/application.js",
    "start": 1569330392289,
    "end": 1569330392323,
    "duration": 34,
    "pid": 15884,
    "index": 24
  },
  {
    "name": "Require(21) node_modules/_egg-session@3.1.0@egg-session/app/extend/application.js",
    "start": 1569330392289,
    "end": 1569330392290,
    "duration": 1,
    "pid": 15884,
    "index": 25
  },
  {
    "name": "Require(22) node_modules/_egg-security@2.6.1@egg-security/app/extend/application.js",
    "start": 1569330392290,
    "end": 1569330392290,
    "duration": 0,
    "pid": 15884,
    "index": 26
  },
  {
    "name": "Require(23) node_modules/_egg-jsonp@2.0.0@egg-jsonp/app/extend/application.js",
    "start": 1569330392291,
    "end": 1569330392291,
    "duration": 0,
    "pid": 15884,
    "index": 27
  },
  {
    "name": "Require(24) node_modules/_egg-logrotator@3.1.0@egg-logrotator/app/extend/application.js",
    "start": 1569330392292,
    "end": 1569330392293,
    "duration": 1,
    "pid": 15884,
    "index": 28
  },
  {
    "name": "Require(25) node_modules/_egg-view@2.1.2@egg-view/app/extend/application.js",
    "start": 1569330392293,
    "end": 1569330392293,
    "duration": 0,
    "pid": 15884,
    "index": 29
  },
  {
    "name": "Require(26) node_modules/_egg-jwt@3.1.6@egg-jwt/app/extend/application.js",
    "start": 1569330392294,
    "end": 1569330392322,
    "duration": 28,
    "pid": 15884,
    "index": 30
  },
  {
    "name": "Load extend/request.js",
    "start": 1569330392323,
    "end": 1569330392325,
    "duration": 2,
    "pid": 15884,
    "index": 31
  },
  {
    "name": "Require(27) node_modules/_egg@2.23.0@egg/app/extend/request.js",
    "start": 1569330392324,
    "end": 1569330392324,
    "duration": 0,
    "pid": 15884,
    "index": 32
  },
  {
    "name": "Load extend/response.js",
    "start": 1569330392325,
    "end": 1569330392327,
    "duration": 2,
    "pid": 15884,
    "index": 33
  },
  {
    "name": "Require(28) node_modules/_egg@2.23.0@egg/app/extend/response.js",
    "start": 1569330392326,
    "end": 1569330392326,
    "duration": 0,
    "pid": 15884,
    "index": 34
  },
  {
    "name": "Load extend/context.js",
    "start": 1569330392327,
    "end": 1569330392373,
    "duration": 46,
    "pid": 15884,
    "index": 35
  },
  {
    "name": "Require(29) node_modules/_egg-security@2.6.1@egg-security/app/extend/context.js",
    "start": 1569330392327,
    "end": 1569330392333,
    "duration": 6,
    "pid": 15884,
    "index": 36
  },
  {
    "name": "Require(30) node_modules/_egg-jsonp@2.0.0@egg-jsonp/app/extend/context.js",
    "start": 1569330392333,
    "end": 1569330392334,
    "duration": 1,
    "pid": 15884,
    "index": 37
  },
  {
    "name": "Require(31) node_modules/_egg-i18n@2.1.1@egg-i18n/app/extend/context.js",
    "start": 1569330392334,
    "end": 1569330392334,
    "duration": 0,
    "pid": 15884,
    "index": 38
  },
  {
    "name": "Require(32) node_modules/_egg-multipart@2.9.0@egg-multipart/app/extend/context.js",
    "start": 1569330392335,
    "end": 1569330392367,
    "duration": 32,
    "pid": 15884,
    "index": 39
  },
  {
    "name": "Require(33) node_modules/_egg-view@2.1.2@egg-view/app/extend/context.js",
    "start": 1569330392367,
    "end": 1569330392368,
    "duration": 1,
    "pid": 15884,
    "index": 40
  },
  {
    "name": "Require(34) node_modules/_egg-mongoose@3.2.0@egg-mongoose/app/extend/context.js",
    "start": 1569330392368,
    "end": 1569330392371,
    "duration": 3,
    "pid": 15884,
    "index": 41
  },
  {
    "name": "Require(35) node_modules/_egg@2.23.0@egg/app/extend/context.js",
    "start": 1569330392372,
    "end": 1569330392373,
    "duration": 1,
    "pid": 15884,
    "index": 42
  },
  {
    "name": "Load extend/helper.js",
    "start": 1569330392373,
    "end": 1569330392383,
    "duration": 10,
    "pid": 15884,
    "index": 43
  },
  {
    "name": "Require(36) node_modules/_egg-security@2.6.1@egg-security/app/extend/helper.js",
    "start": 1569330392374,
    "end": 1569330392382,
    "duration": 8,
    "pid": 15884,
    "index": 44
  },
  {
    "name": "Require(37) node_modules/_egg@2.23.0@egg/app/extend/helper.js",
    "start": 1569330392382,
    "end": 1569330392382,
    "duration": 0,
    "pid": 15884,
    "index": 45
  },
  {
    "name": "Load app.js",
    "start": 1569330392383,
    "end": 1569330392399,
    "duration": 16,
    "pid": 15884,
    "index": 46
  },
  {
    "name": "Require(38) node_modules/_egg-session@3.1.0@egg-session/app.js",
    "start": 1569330392383,
    "end": 1569330392384,
    "duration": 1,
    "pid": 15884,
    "index": 47
  },
  {
    "name": "Require(39) node_modules/_egg-security@2.6.1@egg-security/app.js",
    "start": 1569330392384,
    "end": 1569330392384,
    "duration": 0,
    "pid": 15884,
    "index": 48
  },
  {
    "name": "Require(40) node_modules/_egg-onerror@2.1.0@egg-onerror/app.js",
    "start": 1569330392385,
    "end": 1569330392390,
    "duration": 5,
    "pid": 15884,
    "index": 49
  },
  {
    "name": "Require(41) node_modules/_egg-i18n@2.1.1@egg-i18n/app.js",
    "start": 1569330392390,
    "end": 1569330392394,
    "duration": 4,
    "pid": 15884,
    "index": 50
  },
  {
    "name": "Require(42) node_modules/_egg-watcher@3.1.0@egg-watcher/app.js",
    "start": 1569330392394,
    "end": 1569330392395,
    "duration": 1,
    "pid": 15884,
    "index": 51
  },
  {
    "name": "Require(43) node_modules/_egg-schedule@3.6.4@egg-schedule/app.js",
    "start": 1569330392396,
    "end": 1569330392396,
    "duration": 0,
    "pid": 15884,
    "index": 52
  },
  {
    "name": "Require(44) node_modules/_egg-multipart@2.9.0@egg-multipart/app.js",
    "start": 1569330392397,
    "end": 1569330392398,
    "duration": 1,
    "pid": 15884,
    "index": 53
  },
  {
    "name": "Require(45) node_modules/_egg-development@2.4.3@egg-development/app.js",
    "start": 1569330392398,
    "end": 1569330392398,
    "duration": 0,
    "pid": 15884,
    "index": 54
  },
  {
    "name": "Require(46) node_modules/_egg-logrotator@3.1.0@egg-logrotator/app.js",
    "start": 1569330392398,
    "end": 1569330392398,
    "duration": 0,
    "pid": 15884,
    "index": 55
  },
  {
    "name": "Require(47) node_modules/_egg-static@2.2.0@egg-static/app.js",
    "start": 1569330392398,
    "end": 1569330392398,
    "duration": 0,
    "pid": 15884,
    "index": 56
  },
  {
    "name": "Require(48) node_modules/_egg-mongoose@3.2.0@egg-mongoose/app.js",
    "start": 1569330392399,
    "end": 1569330392399,
    "duration": 0,
    "pid": 15884,
    "index": 57
  },
  {
    "name": "Require(49) node_modules/_egg-jwt@3.1.6@egg-jwt/app.js",
    "start": 1569330392399,
    "end": 1569330392399,
    "duration": 0,
    "pid": 15884,
    "index": 58
  },
  {
    "name": "Before Start in node_modules/_egg-watcher@3.1.0@egg-watcher/lib/init.js:15:14",
    "start": 1569330392410,
    "end": 1569330392782,
    "duration": 372,
    "pid": 15884,
    "index": 59
  },
  {
    "name": "Before Start in node_modules/_egg-mongoose@3.2.0@egg-mongoose/lib/mongoose.js:91:7",
    "start": 1569330392659,
    "end": 1569330392779,
    "duration": 120,
    "pid": 15884,
    "index": 60
  },
  {
    "name": "Before Start in node_modules/_egg-mongoose@3.2.0@egg-mongoose/lib/mongoose.js:49:9",
    "start": 1569330392659,
    "end": 1569330392757,
    "duration": 98,
    "pid": 15884,
    "index": 61
  },
  {
    "name": "Load Service",
    "start": 1569330392660,
    "end": 1569330392688,
    "duration": 28,
    "pid": 15884,
    "index": 62
  },
  {
    "name": "Load \"service\" to Context",
    "start": 1569330392660,
    "end": 1569330392688,
    "duration": 28,
    "pid": 15884,
    "index": 63
  },
  {
    "name": "Load Middleware",
    "start": 1569330392688,
    "end": 1569330392730,
    "duration": 42,
    "pid": 15884,
    "index": 64
  },
  {
    "name": "Load \"middlewares\" to Application",
    "start": 1569330392688,
    "end": 1569330392724,
    "duration": 36,
    "pid": 15884,
    "index": 65
  },
  {
    "name": "Load Controller",
    "start": 1569330392730,
    "end": 1569330392733,
    "duration": 3,
    "pid": 15884,
    "index": 66
  },
  {
    "name": "Load \"controller\" to Application",
    "start": 1569330392730,
    "end": 1569330392733,
    "duration": 3,
    "pid": 15884,
    "index": 67
  },
  {
    "name": "Load Router",
    "start": 1569330392733,
    "end": 1569330392735,
    "duration": 2,
    "pid": 15884,
    "index": 68
  },
  {
    "name": "Require(50) app/router.js",
    "start": 1569330392733,
    "end": 1569330392734,
    "duration": 1,
    "pid": 15884,
    "index": 69
  },
  {
    "name": "Before Start in node_modules/_egg-core@4.17.3@egg-core/lib/egg.js:303:10",
    "start": 1569330392734,
    "end": 1569330392757,
    "duration": 23,
    "pid": 15884,
    "index": 70
  },
  {
    "name": "Load \"model\" to Application",
    "start": 1569330392745,
    "end": 1569330392756,
    "duration": 11,
    "pid": 15884,
    "index": 71
  }
]