[
  {
    "name": "Application Start",
    "start": 1569332724571,
    "end": 1569332725028,
    "duration": 457,
    "pid": 16868,
    "index": 0
  },
  {
    "name": "Load Plugin",
    "start": 1569332724575,
    "end": 1569332724582,
    "duration": 7,
    "pid": 16868,
    "index": 1
  },
  {
    "name": "Load Config",
    "start": 1569332724582,
    "end": 1569332724595,
    "duration": 13,
    "pid": 16868,
    "index": 2
  },
  {
    "name": "Require(0) config/config.default.js",
    "start": 1569332724583,
    "end": 1569332724583,
    "duration": 0,
    "pid": 16868,
    "index": 3
  },
  {
    "name": "Require(1) node_modules/_egg-session@3.1.0@egg-session/config/config.default.js",
    "start": 1569332724584,
    "end": 1569332724584,
    "duration": 0,
    "pid": 16868,
    "index": 4
  },
  {
    "name": "Require(2) node_modules/_egg-security@2.6.1@egg-security/config/config.default.js",
    "start": 1569332724585,
    "end": 1569332724585,
    "duration": 0,
    "pid": 16868,
    "index": 5
  },
  {
    "name": "Require(3) node_modules/_egg-jsonp@2.0.0@egg-jsonp/config/config.default.js",
    "start": 1569332724586,
    "end": 1569332724588,
    "duration": 2,
    "pid": 16868,
    "index": 6
  },
  {
    "name": "Require(4) node_modules/_egg-onerror@2.1.0@egg-onerror/config/config.default.js",
    "start": 1569332724588,
    "end": 1569332724588,
    "duration": 0,
    "pid": 16868,
    "index": 7
  },
  {
    "name": "Require(5) node_modules/_egg-i18n@2.1.1@egg-i18n/config/config.default.js",
    "start": 1569332724588,
    "end": 1569332724588,
    "duration": 0,
    "pid": 16868,
    "index": 8
  },
  {
    "name": "Require(6) node_modules/_egg-watcher@3.1.0@egg-watcher/config/config.default.js",
    "start": 1569332724589,
    "end": 1569332724589,
    "duration": 0,
    "pid": 16868,
    "index": 9
  },
  {
    "name": "Require(7) node_modules/_egg-schedule@3.6.4@egg-schedule/config/config.default.js",
    "start": 1569332724589,
    "end": 1569332724589,
    "duration": 0,
    "pid": 16868,
    "index": 10
  },
  {
    "name": "Require(8) node_modules/_egg-multipart@2.9.0@egg-multipart/config/config.default.js",
    "start": 1569332724589,
    "end": 1569332724589,
    "duration": 0,
    "pid": 16868,
    "index": 11
  },
  {
    "name": "Require(9) node_modules/_egg-development@2.4.3@egg-development/config/config.default.js",
    "start": 1569332724590,
    "end": 1569332724590,
    "duration": 0,
    "pid": 16868,
    "index": 12
  },
  {
    "name": "Require(10) node_modules/_egg-logrotator@3.1.0@egg-logrotator/config/config.default.js",
    "start": 1569332724590,
    "end": 1569332724590,
    "duration": 0,
    "pid": 16868,
    "index": 13
  },
  {
    "name": "Require(11) node_modules/_egg-static@2.2.0@egg-static/config/config.default.js",
    "start": 1569332724590,
    "end": 1569332724590,
    "duration": 0,
    "pid": 16868,
    "index": 14
  },
  {
    "name": "Require(12) node_modules/_egg-view@2.1.2@egg-view/config/config.default.js",
    "start": 1569332724591,
    "end": 1569332724591,
    "duration": 0,
    "pid": 16868,
    "index": 15
  },
  {
    "name": "Require(13) node_modules/_egg-mongoose@3.2.0@egg-mongoose/config/config.default.js",
    "start": 1569332724591,
    "end": 1569332724591,
    "duration": 0,
    "pid": 16868,
    "index": 16
  },
  {
    "name": "Require(14) node_modules/_egg-jwt@3.1.6@egg-jwt/config/config.default.js",
    "start": 1569332724591,
    "end": 1569332724592,
    "duration": 1,
    "pid": 16868,
    "index": 17
  },
  {
    "name": "Require(15) node_modules/_egg@2.23.0@egg/config/config.default.js",
    "start": 1569332724592,
    "end": 1569332724592,
    "duration": 0,
    "pid": 16868,
    "index": 18
  },
  {
    "name": "Require(16) config/config.default.js",
    "start": 1569332724593,
    "end": 1569332724593,
    "duration": 0,
    "pid": 16868,
    "index": 19
  },
  {
    "name": "Require(17) node_modules/_egg-security@2.6.1@egg-security/config/config.local.js",
    "start": 1569332724593,
    "end": 1569332724593,
    "duration": 0,
    "pid": 16868,
    "index": 20
  },
  {
    "name": "Require(18) node_modules/_egg-watcher@3.1.0@egg-watcher/config/config.local.js",
    "start": 1569332724594,
    "end": 1569332724594,
    "duration": 0,
    "pid": 16868,
    "index": 21
  },
  {
    "name": "Require(19) node_modules/_egg-view@2.1.2@egg-view/config/config.local.js",
    "start": 1569332724594,
    "end": 1569332724594,
    "duration": 0,
    "pid": 16868,
    "index": 22
  },
  {
    "name": "Require(20) node_modules/_egg@2.23.0@egg/config/config.local.js",
    "start": 1569332724594,
    "end": 1569332724594,
    "duration": 0,
    "pid": 16868,
    "index": 23
  },
  {
    "name": "Load extend/application.js",
    "start": 1569332724596,
    "end": 1569332724623,
    "duration": 27,
    "pid": 16868,
    "index": 24
  },
  {
    "name": "Require(21) node_modules/_egg-session@3.1.0@egg-session/app/extend/application.js",
    "start": 1569332724596,
    "end": 1569332724597,
    "duration": 1,
    "pid": 16868,
    "index": 25
  },
  {
    "name": "Require(22) node_modules/_egg-security@2.6.1@egg-security/app/extend/application.js",
    "start": 1569332724597,
    "end": 1569332724597,
    "duration": 0,
    "pid": 16868,
    "index": 26
  },
  {
    "name": "Require(23) node_modules/_egg-jsonp@2.0.0@egg-jsonp/app/extend/application.js",
    "start": 1569332724597,
    "end": 1569332724598,
    "duration": 1,
    "pid": 16868,
    "index": 27
  },
  {
    "name": "Require(24) node_modules/_egg-logrotator@3.1.0@egg-logrotator/app/extend/application.js",
    "start": 1569332724598,
    "end": 1569332724599,
    "duration": 1,
    "pid": 16868,
    "index": 28
  },
  {
    "name": "Require(25) node_modules/_egg-view@2.1.2@egg-view/app/extend/application.js",
    "start": 1569332724599,
    "end": 1569332724600,
    "duration": 1,
    "pid": 16868,
    "index": 29
  },
  {
    "name": "Require(26) node_modules/_egg-jwt@3.1.6@egg-jwt/app/extend/application.js",
    "start": 1569332724600,
    "end": 1569332724623,
    "duration": 23,
    "pid": 16868,
    "index": 30
  },
  {
    "name": "Load extend/request.js",
    "start": 1569332724623,
    "end": 1569332724625,
    "duration": 2,
    "pid": 16868,
    "index": 31
  },
  {
    "name": "Require(27) node_modules/_egg@2.23.0@egg/app/extend/request.js",
    "start": 1569332724624,
    "end": 1569332724624,
    "duration": 0,
    "pid": 16868,
    "index": 32
  },
  {
    "name": "Load extend/response.js",
    "start": 1569332724625,
    "end": 1569332724627,
    "duration": 2,
    "pid": 16868,
    "index": 33
  },
  {
    "name": "Require(28) node_modules/_egg@2.23.0@egg/app/extend/response.js",
    "start": 1569332724625,
    "end": 1569332724626,
    "duration": 1,
    "pid": 16868,
    "index": 34
  },
  {
    "name": "Load extend/context.js",
    "start": 1569332724627,
    "end": 1569332724670,
    "duration": 43,
    "pid": 16868,
    "index": 35
  },
  {
    "name": "Require(29) node_modules/_egg-security@2.6.1@egg-security/app/extend/context.js",
    "start": 1569332724627,
    "end": 1569332724631,
    "duration": 4,
    "pid": 16868,
    "index": 36
  },
  {
    "name": "Require(30) node_modules/_egg-jsonp@2.0.0@egg-jsonp/app/extend/context.js",
    "start": 1569332724632,
    "end": 1569332724633,
    "duration": 1,
    "pid": 16868,
    "index": 37
  },
  {
    "name": "Require(31) node_modules/_egg-i18n@2.1.1@egg-i18n/app/extend/context.js",
    "start": 1569332724633,
    "end": 1569332724633,
    "duration": 0,
    "pid": 16868,
    "index": 38
  },
  {
    "name": "Require(32) node_modules/_egg-multipart@2.9.0@egg-multipart/app/extend/context.js",
    "start": 1569332724633,
    "end": 1569332724667,
    "duration": 34,
    "pid": 16868,
    "index": 39
  },
  {
    "name": "Require(33) node_modules/_egg-view@2.1.2@egg-view/app/extend/context.js",
    "start": 1569332724667,
    "end": 1569332724668,
    "duration": 1,
    "pid": 16868,
    "index": 40
  },
  {
    "name": "Require(34) node_modules/_egg-mongoose@3.2.0@egg-mongoose/app/extend/context.js",
    "start": 1569332724668,
    "end": 1569332724668,
    "duration": 0,
    "pid": 16868,
    "index": 41
  },
  {
    "name": "Require(35) node_modules/_egg@2.23.0@egg/app/extend/context.js",
    "start": 1569332724668,
    "end": 1569332724669,
    "duration": 1,
    "pid": 16868,
    "index": 42
  },
  {
    "name": "Load extend/helper.js",
    "start": 1569332724670,
    "end": 1569332724678,
    "duration": 8,
    "pid": 16868,
    "index": 43
  },
  {
    "name": "Require(36) node_modules/_egg-security@2.6.1@egg-security/app/extend/helper.js",
    "start": 1569332724670,
    "end": 1569332724677,
    "duration": 7,
    "pid": 16868,
    "index": 44
  },
  {
    "name": "Require(37) node_modules/_egg@2.23.0@egg/app/extend/helper.js",
    "start": 1569332724678,
    "end": 1569332724678,
    "duration": 0,
    "pid": 16868,
    "index": 45
  },
  {
    "name": "Load app.js",
    "start": 1569332724679,
    "end": 1569332724691,
    "duration": 12,
    "pid": 16868,
    "index": 46
  },
  {
    "name": "Require(38) node_modules/_egg-session@3.1.0@egg-session/app.js",
    "start": 1569332724679,
    "end": 1569332724679,
    "duration": 0,
    "pid": 16868,
    "index": 47
  },
  {
    "name": "Require(39) node_modules/_egg-security@2.6.1@egg-security/app.js",
    "start": 1569332724679,
    "end": 1569332724680,
    "duration": 1,
    "pid": 16868,
    "index": 48
  },
  {
    "name": "Require(40) node_modules/_egg-onerror@2.1.0@egg-onerror/app.js",
    "start": 1569332724680,
    "end": 1569332724684,
    "duration": 4,
    "pid": 16868,
    "index": 49
  },
  {
    "name": "Require(41) node_modules/_egg-i18n@2.1.1@egg-i18n/app.js",
    "start": 1569332724684,
    "end": 1569332724687,
    "duration": 3,
    "pid": 16868,
    "index": 50
  },
  {
    "name": "Require(42) node_modules/_egg-watcher@3.1.0@egg-watcher/app.js",
    "start": 1569332724687,
    "end": 1569332724688,
    "duration": 1,
    "pid": 16868,
    "index": 51
  },
  {
    "name": "Require(43) node_modules/_egg-schedule@3.6.4@egg-schedule/app.js",
    "start": 1569332724688,
    "end": 1569332724689,
    "duration": 1,
    "pid": 16868,
    "index": 52
  },
  {
    "name": "Require(44) node_modules/_egg-multipart@2.9.0@egg-multipart/app.js",
    "start": 1569332724689,
    "end": 1569332724690,
    "duration": 1,
    "pid": 16868,
    "index": 53
  },
  {
    "name": "Require(45) node_modules/_egg-development@2.4.3@egg-development/app.js",
    "start": 1569332724690,
    "end": 1569332724690,
    "duration": 0,
    "pid": 16868,
    "index": 54
  },
  {
    "name": "Require(46) node_modules/_egg-logrotator@3.1.0@egg-logrotator/app.js",
    "start": 1569332724690,
    "end": 1569332724690,
    "duration": 0,
    "pid": 16868,
    "index": 55
  },
  {
    "name": "Require(47) node_modules/_egg-static@2.2.0@egg-static/app.js",
    "start": 1569332724690,
    "end": 1569332724691,
    "duration": 1,
    "pid": 16868,
    "index": 56
  },
  {
    "name": "Require(48) node_modules/_egg-mongoose@3.2.0@egg-mongoose/app.js",
    "start": 1569332724691,
    "end": 1569332724691,
    "duration": 0,
    "pid": 16868,
    "index": 57
  },
  {
    "name": "Require(49) node_modules/_egg-jwt@3.1.6@egg-jwt/app.js",
    "start": 1569332724691,
    "end": 1569332724691,
    "duration": 0,
    "pid": 16868,
    "index": 58
  },
  {
    "name": "Before Start in node_modules/_egg-watcher@3.1.0@egg-watcher/lib/init.js:15:14",
    "start": 1569332724701,
    "end": 1569332725027,
    "duration": 326,
    "pid": 16868,
    "index": 59
  },
  {
    "name": "Before Start in node_modules/_egg-mongoose@3.2.0@egg-mongoose/lib/mongoose.js:91:7",
    "start": 1569332724920,
    "end": 1569332725025,
    "duration": 105,
    "pid": 16868,
    "index": 60
  },
  {
    "name": "Before Start in node_modules/_egg-mongoose@3.2.0@egg-mongoose/lib/mongoose.js:49:9",
    "start": 1569332724920,
    "end": 1569332725006,
    "duration": 86,
    "pid": 16868,
    "index": 61
  },
  {
    "name": "Load Service",
    "start": 1569332724920,
    "end": 1569332724946,
    "duration": 26,
    "pid": 16868,
    "index": 62
  },
  {
    "name": "Load \"service\" to Context",
    "start": 1569332724920,
    "end": 1569332724946,
    "duration": 26,
    "pid": 16868,
    "index": 63
  },
  {
    "name": "Load Middleware",
    "start": 1569332724947,
    "end": 1569332724983,
    "duration": 36,
    "pid": 16868,
    "index": 64
  },
  {
    "name": "Load \"middlewares\" to Application",
    "start": 1569332724947,
    "end": 1569332724978,
    "duration": 31,
    "pid": 16868,
    "index": 65
  },
  {
    "name": "Load Controller",
    "start": 1569332724983,
    "end": 1569332724986,
    "duration": 3,
    "pid": 16868,
    "index": 66
  },
  {
    "name": "Load \"controller\" to Application",
    "start": 1569332724983,
    "end": 1569332724986,
    "duration": 3,
    "pid": 16868,
    "index": 67
  },
  {
    "name": "Load Router",
    "start": 1569332724986,
    "end": 1569332724988,
    "duration": 2,
    "pid": 16868,
    "index": 68
  },
  {
    "name": "Require(50) app/router.js",
    "start": 1569332724986,
    "end": 1569332724986,
    "duration": 0,
    "pid": 16868,
    "index": 69
  },
  {
    "name": "Before Start in node_modules/_egg-core@4.17.3@egg-core/lib/egg.js:303:10",
    "start": 1569332724986,
    "end": 1569332725006,
    "duration": 20,
    "pid": 16868,
    "index": 70
  },
  {
    "name": "Load \"model\" to Application",
    "start": 1569332724996,
    "end": 1569332725005,
    "duration": 9,
    "pid": 16868,
    "index": 71
  }
]