[
  {
    "name": "Application Start",
    "start": 1569331960711,
    "end": 1569331961206,
    "duration": 495,
    "pid": 16525,
    "index": 0
  },
  {
    "name": "Load Plugin",
    "start": 1569331960715,
    "end": 1569331960721,
    "duration": 6,
    "pid": 16525,
    "index": 1
  },
  {
    "name": "Load Config",
    "start": 1569331960722,
    "end": 1569331960733,
    "duration": 11,
    "pid": 16525,
    "index": 2
  },
  {
    "name": "Require(0) config/config.default.js",
    "start": 1569331960722,
    "end": 1569331960722,
    "duration": 0,
    "pid": 16525,
    "index": 3
  },
  {
    "name": "Require(1) node_modules/_egg-session@3.1.0@egg-session/config/config.default.js",
    "start": 1569331960724,
    "end": 1569331960724,
    "duration": 0,
    "pid": 16525,
    "index": 4
  },
  {
    "name": "Require(2) node_modules/_egg-security@2.6.1@egg-security/config/config.default.js",
    "start": 1569331960724,
    "end": 1569331960724,
    "duration": 0,
    "pid": 16525,
    "index": 5
  },
  {
    "name": "Require(3) node_modules/_egg-jsonp@2.0.0@egg-jsonp/config/config.default.js",
    "start": 1569331960725,
    "end": 1569331960727,
    "duration": 2,
    "pid": 16525,
    "index": 6
  },
  {
    "name": "Require(4) node_modules/_egg-onerror@2.1.0@egg-onerror/config/config.default.js",
    "start": 1569331960727,
    "end": 1569331960727,
    "duration": 0,
    "pid": 16525,
    "index": 7
  },
  {
    "name": "Require(5) node_modules/_egg-i18n@2.1.1@egg-i18n/config/config.default.js",
    "start": 1569331960727,
    "end": 1569331960727,
    "duration": 0,
    "pid": 16525,
    "index": 8
  },
  {
    "name": "Require(6) node_modules/_egg-watcher@3.1.0@egg-watcher/config/config.default.js",
    "start": 1569331960728,
    "end": 1569331960728,
    "duration": 0,
    "pid": 16525,
    "index": 9
  },
  {
    "name": "Require(7) node_modules/_egg-schedule@3.6.4@egg-schedule/config/config.default.js",
    "start": 1569331960728,
    "end": 1569331960728,
    "duration": 0,
    "pid": 16525,
    "index": 10
  },
  {
    "name": "Require(8) node_modules/_egg-multipart@2.9.0@egg-multipart/config/config.default.js",
    "start": 1569331960728,
    "end": 1569331960728,
    "duration": 0,
    "pid": 16525,
    "index": 11
  },
  {
    "name": "Require(9) node_modules/_egg-development@2.4.3@egg-development/config/config.default.js",
    "start": 1569331960729,
    "end": 1569331960729,
    "duration": 0,
    "pid": 16525,
    "index": 12
  },
  {
    "name": "Require(10) node_modules/_egg-logrotator@3.1.0@egg-logrotator/config/config.default.js",
    "start": 1569331960729,
    "end": 1569331960729,
    "duration": 0,
    "pid": 16525,
    "index": 13
  },
  {
    "name": "Require(11) node_modules/_egg-static@2.2.0@egg-static/config/config.default.js",
    "start": 1569331960729,
    "end": 1569331960729,
    "duration": 0,
    "pid": 16525,
    "index": 14
  },
  {
    "name": "Require(12) node_modules/_egg-view@2.1.2@egg-view/config/config.default.js",
    "start": 1569331960730,
    "end": 1569331960730,
    "duration": 0,
    "pid": 16525,
    "index": 15
  },
  {
    "name": "Require(13) node_modules/_egg-mongoose@3.2.0@egg-mongoose/config/config.default.js",
    "start": 1569331960730,
    "end": 1569331960730,
    "duration": 0,
    "pid": 16525,
    "index": 16
  },
  {
    "name": "Require(14) node_modules/_egg-jwt@3.1.6@egg-jwt/config/config.default.js",
    "start": 1569331960730,
    "end": 1569331960730,
    "duration": 0,
    "pid": 16525,
    "index": 17
  },
  {
    "name": "Require(15) node_modules/_egg@2.23.0@egg/config/config.default.js",
    "start": 1569331960731,
    "end": 1569331960731,
    "duration": 0,
    "pid": 16525,
    "index": 18
  },
  {
    "name": "Require(16) config/config.default.js",
    "start": 1569331960732,
    "end": 1569331960732,
    "duration": 0,
    "pid": 16525,
    "index": 19
  },
  {
    "name": "Require(17) node_modules/_egg-security@2.6.1@egg-security/config/config.local.js",
    "start": 1569331960732,
    "end": 1569331960732,
    "duration": 0,
    "pid": 16525,
    "index": 20
  },
  {
    "name": "Require(18) node_modules/_egg-watcher@3.1.0@egg-watcher/config/config.local.js",
    "start": 1569331960732,
    "end": 1569331960733,
    "duration": 1,
    "pid": 16525,
    "index": 21
  },
  {
    "name": "Require(19) node_modules/_egg-view@2.1.2@egg-view/config/config.local.js",
    "start": 1569331960733,
    "end": 1569331960733,
    "duration": 0,
    "pid": 16525,
    "index": 22
  },
  {
    "name": "Require(20) node_modules/_egg@2.23.0@egg/config/config.local.js",
    "start": 1569331960733,
    "end": 1569331960733,
    "duration": 0,
    "pid": 16525,
    "index": 23
  },
  {
    "name": "Load extend/application.js",
    "start": 1569331960735,
    "end": 1569331960761,
    "duration": 26,
    "pid": 16525,
    "index": 24
  },
  {
    "name": "Require(21) node_modules/_egg-session@3.1.0@egg-session/app/extend/application.js",
    "start": 1569331960735,
    "end": 1569331960735,
    "duration": 0,
    "pid": 16525,
    "index": 25
  },
  {
    "name": "Require(22) node_modules/_egg-security@2.6.1@egg-security/app/extend/application.js",
    "start": 1569331960736,
    "end": 1569331960736,
    "duration": 0,
    "pid": 16525,
    "index": 26
  },
  {
    "name": "Require(23) node_modules/_egg-jsonp@2.0.0@egg-jsonp/app/extend/application.js",
    "start": 1569331960736,
    "end": 1569331960737,
    "duration": 1,
    "pid": 16525,
    "index": 27
  },
  {
    "name": "Require(24) node_modules/_egg-logrotator@3.1.0@egg-logrotator/app/extend/application.js",
    "start": 1569331960737,
    "end": 1569331960738,
    "duration": 1,
    "pid": 16525,
    "index": 28
  },
  {
    "name": "Require(25) node_modules/_egg-view@2.1.2@egg-view/app/extend/application.js",
    "start": 1569331960738,
    "end": 1569331960739,
    "duration": 1,
    "pid": 16525,
    "index": 29
  },
  {
    "name": "Require(26) node_modules/_egg-jwt@3.1.6@egg-jwt/app/extend/application.js",
    "start": 1569331960739,
    "end": 1569331960761,
    "duration": 22,
    "pid": 16525,
    "index": 30
  },
  {
    "name": "Load extend/request.js",
    "start": 1569331960761,
    "end": 1569331960763,
    "duration": 2,
    "pid": 16525,
    "index": 31
  },
  {
    "name": "Require(27) node_modules/_egg@2.23.0@egg/app/extend/request.js",
    "start": 1569331960762,
    "end": 1569331960762,
    "duration": 0,
    "pid": 16525,
    "index": 32
  },
  {
    "name": "Load extend/response.js",
    "start": 1569331960763,
    "end": 1569331960764,
    "duration": 1,
    "pid": 16525,
    "index": 33
  },
  {
    "name": "Require(28) node_modules/_egg@2.23.0@egg/app/extend/response.js",
    "start": 1569331960763,
    "end": 1569331960764,
    "duration": 1,
    "pid": 16525,
    "index": 34
  },
  {
    "name": "Load extend/context.js",
    "start": 1569331960764,
    "end": 1569331960806,
    "duration": 42,
    "pid": 16525,
    "index": 35
  },
  {
    "name": "Require(29) node_modules/_egg-security@2.6.1@egg-security/app/extend/context.js",
    "start": 1569331960764,
    "end": 1569331960771,
    "duration": 7,
    "pid": 16525,
    "index": 36
  },
  {
    "name": "Require(30) node_modules/_egg-jsonp@2.0.0@egg-jsonp/app/extend/context.js",
    "start": 1569331960771,
    "end": 1569331960772,
    "duration": 1,
    "pid": 16525,
    "index": 37
  },
  {
    "name": "Require(31) node_modules/_egg-i18n@2.1.1@egg-i18n/app/extend/context.js",
    "start": 1569331960772,
    "end": 1569331960772,
    "duration": 0,
    "pid": 16525,
    "index": 38
  },
  {
    "name": "Require(32) node_modules/_egg-multipart@2.9.0@egg-multipart/app/extend/context.js",
    "start": 1569331960773,
    "end": 1569331960804,
    "duration": 31,
    "pid": 16525,
    "index": 39
  },
  {
    "name": "Require(33) node_modules/_egg-view@2.1.2@egg-view/app/extend/context.js",
    "start": 1569331960804,
    "end": 1569331960805,
    "duration": 1,
    "pid": 16525,
    "index": 40
  },
  {
    "name": "Require(34) node_modules/_egg-mongoose@3.2.0@egg-mongoose/app/extend/context.js",
    "start": 1569331960805,
    "end": 1569331960805,
    "duration": 0,
    "pid": 16525,
    "index": 41
  },
  {
    "name": "Require(35) node_modules/_egg@2.23.0@egg/app/extend/context.js",
    "start": 1569331960805,
    "end": 1569331960806,
    "duration": 1,
    "pid": 16525,
    "index": 42
  },
  {
    "name": "Load extend/helper.js",
    "start": 1569331960806,
    "end": 1569331960815,
    "duration": 9,
    "pid": 16525,
    "index": 43
  },
  {
    "name": "Require(36) node_modules/_egg-security@2.6.1@egg-security/app/extend/helper.js",
    "start": 1569331960807,
    "end": 1569331960814,
    "duration": 7,
    "pid": 16525,
    "index": 44
  },
  {
    "name": "Require(37) node_modules/_egg@2.23.0@egg/app/extend/helper.js",
    "start": 1569331960814,
    "end": 1569331960815,
    "duration": 1,
    "pid": 16525,
    "index": 45
  },
  {
    "name": "Load app.js",
    "start": 1569331960815,
    "end": 1569331960828,
    "duration": 13,
    "pid": 16525,
    "index": 46
  },
  {
    "name": "Require(38) node_modules/_egg-session@3.1.0@egg-session/app.js",
    "start": 1569331960815,
    "end": 1569331960816,
    "duration": 1,
    "pid": 16525,
    "index": 47
  },
  {
    "name": "Require(39) node_modules/_egg-security@2.6.1@egg-security/app.js",
    "start": 1569331960816,
    "end": 1569331960817,
    "duration": 1,
    "pid": 16525,
    "index": 48
  },
  {
    "name": "Require(40) node_modules/_egg-onerror@2.1.0@egg-onerror/app.js",
    "start": 1569331960817,
    "end": 1569331960821,
    "duration": 4,
    "pid": 16525,
    "index": 49
  },
  {
    "name": "Require(41) node_modules/_egg-i18n@2.1.1@egg-i18n/app.js",
    "start": 1569331960821,
    "end": 1569331960823,
    "duration": 2,
    "pid": 16525,
    "index": 50
  },
  {
    "name": "Require(42) node_modules/_egg-watcher@3.1.0@egg-watcher/app.js",
    "start": 1569331960823,
    "end": 1569331960825,
    "duration": 2,
    "pid": 16525,
    "index": 51
  },
  {
    "name": "Require(43) node_modules/_egg-schedule@3.6.4@egg-schedule/app.js",
    "start": 1569331960825,
    "end": 1569331960825,
    "duration": 0,
    "pid": 16525,
    "index": 52
  },
  {
    "name": "Require(44) node_modules/_egg-multipart@2.9.0@egg-multipart/app.js",
    "start": 1569331960825,
    "end": 1569331960826,
    "duration": 1,
    "pid": 16525,
    "index": 53
  },
  {
    "name": "Require(45) node_modules/_egg-development@2.4.3@egg-development/app.js",
    "start": 1569331960827,
    "end": 1569331960827,
    "duration": 0,
    "pid": 16525,
    "index": 54
  },
  {
    "name": "Require(46) node_modules/_egg-logrotator@3.1.0@egg-logrotator/app.js",
    "start": 1569331960827,
    "end": 1569331960827,
    "duration": 0,
    "pid": 16525,
    "index": 55
  },
  {
    "name": "Require(47) node_modules/_egg-static@2.2.0@egg-static/app.js",
    "start": 1569331960827,
    "end": 1569331960827,
    "duration": 0,
    "pid": 16525,
    "index": 56
  },
  {
    "name": "Require(48) node_modules/_egg-mongoose@3.2.0@egg-mongoose/app.js",
    "start": 1569331960827,
    "end": 1569331960827,
    "duration": 0,
    "pid": 16525,
    "index": 57
  },
  {
    "name": "Require(49) node_modules/_egg-jwt@3.1.6@egg-jwt/app.js",
    "start": 1569331960827,
    "end": 1569331960828,
    "duration": 1,
    "pid": 16525,
    "index": 58
  },
  {
    "name": "Before Start in node_modules/_egg-watcher@3.1.0@egg-watcher/lib/init.js:15:14",
    "start": 1569331960839,
    "end": 1569331961200,
    "duration": 361,
    "pid": 16525,
    "index": 59
  },
  {
    "name": "Before Start in node_modules/_egg-mongoose@3.2.0@egg-mongoose/lib/mongoose.js:91:7",
    "start": 1569331961071,
    "end": 1569331961194,
    "duration": 123,
    "pid": 16525,
    "index": 60
  },
  {
    "name": "Before Start in node_modules/_egg-mongoose@3.2.0@egg-mongoose/lib/mongoose.js:49:9",
    "start": 1569331961072,
    "end": 1569331961169,
    "duration": 97,
    "pid": 16525,
    "index": 61
  },
  {
    "name": "Load Service",
    "start": 1569331961072,
    "end": 1569331961103,
    "duration": 31,
    "pid": 16525,
    "index": 62
  },
  {
    "name": "Load \"service\" to Context",
    "start": 1569331961072,
    "end": 1569331961103,
    "duration": 31,
    "pid": 16525,
    "index": 63
  },
  {
    "name": "Load Middleware",
    "start": 1569331961103,
    "end": 1569331961143,
    "duration": 40,
    "pid": 16525,
    "index": 64
  },
  {
    "name": "Load \"middlewares\" to Application",
    "start": 1569331961103,
    "end": 1569331961136,
    "duration": 33,
    "pid": 16525,
    "index": 65
  },
  {
    "name": "Load Controller",
    "start": 1569331961143,
    "end": 1569331961147,
    "duration": 4,
    "pid": 16525,
    "index": 66
  },
  {
    "name": "Load \"controller\" to Application",
    "start": 1569331961143,
    "end": 1569331961147,
    "duration": 4,
    "pid": 16525,
    "index": 67
  },
  {
    "name": "Load Router",
    "start": 1569331961147,
    "end": 1569331961149,
    "duration": 2,
    "pid": 16525,
    "index": 68
  },
  {
    "name": "Require(50) app/router.js",
    "start": 1569331961147,
    "end": 1569331961147,
    "duration": 0,
    "pid": 16525,
    "index": 69
  },
  {
    "name": "Before Start in node_modules/_egg-core@4.17.3@egg-core/lib/egg.js:303:10",
    "start": 1569331961148,
    "end": 1569331961169,
    "duration": 21,
    "pid": 16525,
    "index": 70
  },
  {
    "name": "Load \"model\" to Application",
    "start": 1569331961158,
    "end": 1569331961169,
    "duration": 11,
    "pid": 16525,
    "index": 71
  }
]