[
  {
    "name": "Application Start",
    "start": 1569330749411,
    "end": 1569330749887,
    "duration": 476,
    "pid": 16066,
    "index": 0
  },
  {
    "name": "Load Plugin",
    "start": 1569330749415,
    "end": 1569330749422,
    "duration": 7,
    "pid": 16066,
    "index": 1
  },
  {
    "name": "Load Config",
    "start": 1569330749422,
    "end": 1569330749435,
    "duration": 13,
    "pid": 16066,
    "index": 2
  },
  {
    "name": "Require(0) config/config.default.js",
    "start": 1569330749423,
    "end": 1569330749423,
    "duration": 0,
    "pid": 16066,
    "index": 3
  },
  {
    "name": "Require(1) node_modules/_egg-session@3.1.0@egg-session/config/config.default.js",
    "start": 1569330749424,
    "end": 1569330749424,
    "duration": 0,
    "pid": 16066,
    "index": 4
  },
  {
    "name": "Require(2) node_modules/_egg-security@2.6.1@egg-security/config/config.default.js",
    "start": 1569330749424,
    "end": 1569330749425,
    "duration": 1,
    "pid": 16066,
    "index": 5
  },
  {
    "name": "Require(3) node_modules/_egg-jsonp@2.0.0@egg-jsonp/config/config.default.js",
    "start": 1569330749425,
    "end": 1569330749427,
    "duration": 2,
    "pid": 16066,
    "index": 6
  },
  {
    "name": "Require(4) node_modules/_egg-onerror@2.1.0@egg-onerror/config/config.default.js",
    "start": 1569330749427,
    "end": 1569330749428,
    "duration": 1,
    "pid": 16066,
    "index": 7
  },
  {
    "name": "Require(5) node_modules/_egg-i18n@2.1.1@egg-i18n/config/config.default.js",
    "start": 1569330749428,
    "end": 1569330749428,
    "duration": 0,
    "pid": 16066,
    "index": 8
  },
  {
    "name": "Require(6) node_modules/_egg-watcher@3.1.0@egg-watcher/config/config.default.js",
    "start": 1569330749428,
    "end": 1569330749428,
    "duration": 0,
    "pid": 16066,
    "index": 9
  },
  {
    "name": "Require(7) node_modules/_egg-schedule@3.6.4@egg-schedule/config/config.default.js",
    "start": 1569330749429,
    "end": 1569330749429,
    "duration": 0,
    "pid": 16066,
    "index": 10
  },
  {
    "name": "Require(8) node_modules/_egg-multipart@2.9.0@egg-multipart/config/config.default.js",
    "start": 1569330749429,
    "end": 1569330749429,
    "duration": 0,
    "pid": 16066,
    "index": 11
  },
  {
    "name": "Require(9) node_modules/_egg-development@2.4.3@egg-development/config/config.default.js",
    "start": 1569330749429,
    "end": 1569330749430,
    "duration": 1,
    "pid": 16066,
    "index": 12
  },
  {
    "name": "Require(10) node_modules/_egg-logrotator@3.1.0@egg-logrotator/config/config.default.js",
    "start": 1569330749430,
    "end": 1569330749430,
    "duration": 0,
    "pid": 16066,
    "index": 13
  },
  {
    "name": "Require(11) node_modules/_egg-static@2.2.0@egg-static/config/config.default.js",
    "start": 1569330749430,
    "end": 1569330749430,
    "duration": 0,
    "pid": 16066,
    "index": 14
  },
  {
    "name": "Require(12) node_modules/_egg-view@2.1.2@egg-view/config/config.default.js",
    "start": 1569330749430,
    "end": 1569330749431,
    "duration": 1,
    "pid": 16066,
    "index": 15
  },
  {
    "name": "Require(13) node_modules/_egg-mongoose@3.2.0@egg-mongoose/config/config.default.js",
    "start": 1569330749431,
    "end": 1569330749431,
    "duration": 0,
    "pid": 16066,
    "index": 16
  },
  {
    "name": "Require(14) node_modules/_egg-jwt@3.1.6@egg-jwt/config/config.default.js",
    "start": 1569330749431,
    "end": 1569330749431,
    "duration": 0,
    "pid": 16066,
    "index": 17
  },
  {
    "name": "Require(15) node_modules/_egg@2.23.0@egg/config/config.default.js",
    "start": 1569330749431,
    "end": 1569330749432,
    "duration": 1,
    "pid": 16066,
    "index": 18
  },
  {
    "name": "Require(16) config/config.default.js",
    "start": 1569330749433,
    "end": 1569330749433,
    "duration": 0,
    "pid": 16066,
    "index": 19
  },
  {
    "name": "Require(17) node_modules/_egg-security@2.6.1@egg-security/config/config.local.js",
    "start": 1569330749433,
    "end": 1569330749433,
    "duration": 0,
    "pid": 16066,
    "index": 20
  },
  {
    "name": "Require(18) node_modules/_egg-watcher@3.1.0@egg-watcher/config/config.local.js",
    "start": 1569330749434,
    "end": 1569330749434,
    "duration": 0,
    "pid": 16066,
    "index": 21
  },
  {
    "name": "Require(19) node_modules/_egg-view@2.1.2@egg-view/config/config.local.js",
    "start": 1569330749434,
    "end": 1569330749434,
    "duration": 0,
    "pid": 16066,
    "index": 22
  },
  {
    "name": "Require(20) node_modules/_egg@2.23.0@egg/config/config.local.js",
    "start": 1569330749434,
    "end": 1569330749435,
    "duration": 1,
    "pid": 16066,
    "index": 23
  },
  {
    "name": "Load extend/application.js",
    "start": 1569330749437,
    "end": 1569330749464,
    "duration": 27,
    "pid": 16066,
    "index": 24
  },
  {
    "name": "Require(21) node_modules/_egg-session@3.1.0@egg-session/app/extend/application.js",
    "start": 1569330749437,
    "end": 1569330749437,
    "duration": 0,
    "pid": 16066,
    "index": 25
  },
  {
    "name": "Require(22) node_modules/_egg-security@2.6.1@egg-security/app/extend/application.js",
    "start": 1569330749437,
    "end": 1569330749438,
    "duration": 1,
    "pid": 16066,
    "index": 26
  },
  {
    "name": "Require(23) node_modules/_egg-jsonp@2.0.0@egg-jsonp/app/extend/application.js",
    "start": 1569330749438,
    "end": 1569330749439,
    "duration": 1,
    "pid": 16066,
    "index": 27
  },
  {
    "name": "Require(24) node_modules/_egg-logrotator@3.1.0@egg-logrotator/app/extend/application.js",
    "start": 1569330749439,
    "end": 1569330749440,
    "duration": 1,
    "pid": 16066,
    "index": 28
  },
  {
    "name": "Require(25) node_modules/_egg-view@2.1.2@egg-view/app/extend/application.js",
    "start": 1569330749440,
    "end": 1569330749441,
    "duration": 1,
    "pid": 16066,
    "index": 29
  },
  {
    "name": "Require(26) node_modules/_egg-jwt@3.1.6@egg-jwt/app/extend/application.js",
    "start": 1569330749441,
    "end": 1569330749463,
    "duration": 22,
    "pid": 16066,
    "index": 30
  },
  {
    "name": "Load extend/request.js",
    "start": 1569330749464,
    "end": 1569330749466,
    "duration": 2,
    "pid": 16066,
    "index": 31
  },
  {
    "name": "Require(27) node_modules/_egg@2.23.0@egg/app/extend/request.js",
    "start": 1569330749464,
    "end": 1569330749465,
    "duration": 1,
    "pid": 16066,
    "index": 32
  },
  {
    "name": "Load extend/response.js",
    "start": 1569330749466,
    "end": 1569330749467,
    "duration": 1,
    "pid": 16066,
    "index": 33
  },
  {
    "name": "Require(28) node_modules/_egg@2.23.0@egg/app/extend/response.js",
    "start": 1569330749466,
    "end": 1569330749467,
    "duration": 1,
    "pid": 16066,
    "index": 34
  },
  {
    "name": "Load extend/context.js",
    "start": 1569330749467,
    "end": 1569330749508,
    "duration": 41,
    "pid": 16066,
    "index": 35
  },
  {
    "name": "Require(29) node_modules/_egg-security@2.6.1@egg-security/app/extend/context.js",
    "start": 1569330749467,
    "end": 1569330749472,
    "duration": 5,
    "pid": 16066,
    "index": 36
  },
  {
    "name": "Require(30) node_modules/_egg-jsonp@2.0.0@egg-jsonp/app/extend/context.js",
    "start": 1569330749472,
    "end": 1569330749473,
    "duration": 1,
    "pid": 16066,
    "index": 37
  },
  {
    "name": "Require(31) node_modules/_egg-i18n@2.1.1@egg-i18n/app/extend/context.js",
    "start": 1569330749473,
    "end": 1569330749473,
    "duration": 0,
    "pid": 16066,
    "index": 38
  },
  {
    "name": "Require(32) node_modules/_egg-multipart@2.9.0@egg-multipart/app/extend/context.js",
    "start": 1569330749473,
    "end": 1569330749505,
    "duration": 32,
    "pid": 16066,
    "index": 39
  },
  {
    "name": "Require(33) node_modules/_egg-view@2.1.2@egg-view/app/extend/context.js",
    "start": 1569330749506,
    "end": 1569330749506,
    "duration": 0,
    "pid": 16066,
    "index": 40
  },
  {
    "name": "Require(34) node_modules/_egg-mongoose@3.2.0@egg-mongoose/app/extend/context.js",
    "start": 1569330749506,
    "end": 1569330749507,
    "duration": 1,
    "pid": 16066,
    "index": 41
  },
  {
    "name": "Require(35) node_modules/_egg@2.23.0@egg/app/extend/context.js",
    "start": 1569330749507,
    "end": 1569330749507,
    "duration": 0,
    "pid": 16066,
    "index": 42
  },
  {
    "name": "Load extend/helper.js",
    "start": 1569330749508,
    "end": 1569330749517,
    "duration": 9,
    "pid": 16066,
    "index": 43
  },
  {
    "name": "Require(36) node_modules/_egg-security@2.6.1@egg-security/app/extend/helper.js",
    "start": 1569330749508,
    "end": 1569330749515,
    "duration": 7,
    "pid": 16066,
    "index": 44
  },
  {
    "name": "Require(37) node_modules/_egg@2.23.0@egg/app/extend/helper.js",
    "start": 1569330749516,
    "end": 1569330749516,
    "duration": 0,
    "pid": 16066,
    "index": 45
  },
  {
    "name": "Load app.js",
    "start": 1569330749517,
    "end": 1569330749530,
    "duration": 13,
    "pid": 16066,
    "index": 46
  },
  {
    "name": "Require(38) node_modules/_egg-session@3.1.0@egg-session/app.js",
    "start": 1569330749517,
    "end": 1569330749517,
    "duration": 0,
    "pid": 16066,
    "index": 47
  },
  {
    "name": "Require(39) node_modules/_egg-security@2.6.1@egg-security/app.js",
    "start": 1569330749517,
    "end": 1569330749518,
    "duration": 1,
    "pid": 16066,
    "index": 48
  },
  {
    "name": "Require(40) node_modules/_egg-onerror@2.1.0@egg-onerror/app.js",
    "start": 1569330749518,
    "end": 1569330749522,
    "duration": 4,
    "pid": 16066,
    "index": 49
  },
  {
    "name": "Require(41) node_modules/_egg-i18n@2.1.1@egg-i18n/app.js",
    "start": 1569330749522,
    "end": 1569330749525,
    "duration": 3,
    "pid": 16066,
    "index": 50
  },
  {
    "name": "Require(42) node_modules/_egg-watcher@3.1.0@egg-watcher/app.js",
    "start": 1569330749525,
    "end": 1569330749526,
    "duration": 1,
    "pid": 16066,
    "index": 51
  },
  {
    "name": "Require(43) node_modules/_egg-schedule@3.6.4@egg-schedule/app.js",
    "start": 1569330749526,
    "end": 1569330749527,
    "duration": 1,
    "pid": 16066,
    "index": 52
  },
  {
    "name": "Require(44) node_modules/_egg-multipart@2.9.0@egg-multipart/app.js",
    "start": 1569330749527,
    "end": 1569330749528,
    "duration": 1,
    "pid": 16066,
    "index": 53
  },
  {
    "name": "Require(45) node_modules/_egg-development@2.4.3@egg-development/app.js",
    "start": 1569330749528,
    "end": 1569330749528,
    "duration": 0,
    "pid": 16066,
    "index": 54
  },
  {
    "name": "Require(46) node_modules/_egg-logrotator@3.1.0@egg-logrotator/app.js",
    "start": 1569330749528,
    "end": 1569330749529,
    "duration": 1,
    "pid": 16066,
    "index": 55
  },
  {
    "name": "Require(47) node_modules/_egg-static@2.2.0@egg-static/app.js",
    "start": 1569330749529,
    "end": 1569330749529,
    "duration": 0,
    "pid": 16066,
    "index": 56
  },
  {
    "name": "Require(48) node_modules/_egg-mongoose@3.2.0@egg-mongoose/app.js",
    "start": 1569330749529,
    "end": 1569330749529,
    "duration": 0,
    "pid": 16066,
    "index": 57
  },
  {
    "name": "Require(49) node_modules/_egg-jwt@3.1.6@egg-jwt/app.js",
    "start": 1569330749529,
    "end": 1569330749529,
    "duration": 0,
    "pid": 16066,
    "index": 58
  },
  {
    "name": "Before Start in node_modules/_egg-watcher@3.1.0@egg-watcher/lib/init.js:15:14",
    "start": 1569330749539,
    "end": 1569330749886,
    "duration": 347,
    "pid": 16066,
    "index": 59
  },
  {
    "name": "Before Start in node_modules/_egg-mongoose@3.2.0@egg-mongoose/lib/mongoose.js:91:7",
    "start": 1569330749750,
    "end": 1569330749884,
    "duration": 134,
    "pid": 16066,
    "index": 60
  },
  {
    "name": "Before Start in node_modules/_egg-mongoose@3.2.0@egg-mongoose/lib/mongoose.js:49:9",
    "start": 1569330749751,
    "end": 1569330749860,
    "duration": 109,
    "pid": 16066,
    "index": 61
  },
  {
    "name": "Load Service",
    "start": 1569330749751,
    "end": 1569330749779,
    "duration": 28,
    "pid": 16066,
    "index": 62
  },
  {
    "name": "Load \"service\" to Context",
    "start": 1569330749751,
    "end": 1569330749779,
    "duration": 28,
    "pid": 16066,
    "index": 63
  },
  {
    "name": "Load Middleware",
    "start": 1569330749779,
    "end": 1569330749823,
    "duration": 44,
    "pid": 16066,
    "index": 64
  },
  {
    "name": "Load \"middlewares\" to Application",
    "start": 1569330749779,
    "end": 1569330749815,
    "duration": 36,
    "pid": 16066,
    "index": 65
  },
  {
    "name": "Load Controller",
    "start": 1569330749823,
    "end": 1569330749830,
    "duration": 7,
    "pid": 16066,
    "index": 66
  },
  {
    "name": "Load \"controller\" to Application",
    "start": 1569330749823,
    "end": 1569330749830,
    "duration": 7,
    "pid": 16066,
    "index": 67
  },
  {
    "name": "Load Router",
    "start": 1569330749830,
    "end": 1569330749832,
    "duration": 2,
    "pid": 16066,
    "index": 68
  },
  {
    "name": "Require(50) app/router.js",
    "start": 1569330749830,
    "end": 1569330749830,
    "duration": 0,
    "pid": 16066,
    "index": 69
  },
  {
    "name": "Before Start in node_modules/_egg-core@4.17.3@egg-core/lib/egg.js:303:10",
    "start": 1569330749830,
    "end": 1569330749860,
    "duration": 30,
    "pid": 16066,
    "index": 70
  },
  {
    "name": "Load \"model\" to Application",
    "start": 1569330749846,
    "end": 1569330749859,
    "duration": 13,
    "pid": 16066,
    "index": 71
  }
]