[
  {
    "name": "Application Start",
    "start": 1569332691109,
    "end": 1569332691564,
    "duration": 455,
    "pid": 16849,
    "index": 0
  },
  {
    "name": "Load Plugin",
    "start": 1569332691113,
    "end": 1569332691120,
    "duration": 7,
    "pid": 16849,
    "index": 1
  },
  {
    "name": "Load Config",
    "start": 1569332691120,
    "end": 1569332691132,
    "duration": 12,
    "pid": 16849,
    "index": 2
  },
  {
    "name": "Require(0) config/config.default.js",
    "start": 1569332691120,
    "end": 1569332691121,
    "duration": 1,
    "pid": 16849,
    "index": 3
  },
  {
    "name": "Require(1) node_modules/_egg-session@3.1.0@egg-session/config/config.default.js",
    "start": 1569332691122,
    "end": 1569332691122,
    "duration": 0,
    "pid": 16849,
    "index": 4
  },
  {
    "name": "Require(2) node_modules/_egg-security@2.6.1@egg-security/config/config.default.js",
    "start": 1569332691122,
    "end": 1569332691122,
    "duration": 0,
    "pid": 16849,
    "index": 5
  },
  {
    "name": "Require(3) node_modules/_egg-jsonp@2.0.0@egg-jsonp/config/config.default.js",
    "start": 1569332691123,
    "end": 1569332691125,
    "duration": 2,
    "pid": 16849,
    "index": 6
  },
  {
    "name": "Require(4) node_modules/_egg-onerror@2.1.0@egg-onerror/config/config.default.js",
    "start": 1569332691125,
    "end": 1569332691125,
    "duration": 0,
    "pid": 16849,
    "index": 7
  },
  {
    "name": "Require(5) node_modules/_egg-i18n@2.1.1@egg-i18n/config/config.default.js",
    "start": 1569332691126,
    "end": 1569332691126,
    "duration": 0,
    "pid": 16849,
    "index": 8
  },
  {
    "name": "Require(6) node_modules/_egg-watcher@3.1.0@egg-watcher/config/config.default.js",
    "start": 1569332691126,
    "end": 1569332691126,
    "duration": 0,
    "pid": 16849,
    "index": 9
  },
  {
    "name": "Require(7) node_modules/_egg-schedule@3.6.4@egg-schedule/config/config.default.js",
    "start": 1569332691126,
    "end": 1569332691126,
    "duration": 0,
    "pid": 16849,
    "index": 10
  },
  {
    "name": "Require(8) node_modules/_egg-multipart@2.9.0@egg-multipart/config/config.default.js",
    "start": 1569332691127,
    "end": 1569332691127,
    "duration": 0,
    "pid": 16849,
    "index": 11
  },
  {
    "name": "Require(9) node_modules/_egg-development@2.4.3@egg-development/config/config.default.js",
    "start": 1569332691127,
    "end": 1569332691127,
    "duration": 0,
    "pid": 16849,
    "index": 12
  },
  {
    "name": "Require(10) node_modules/_egg-logrotator@3.1.0@egg-logrotator/config/config.default.js",
    "start": 1569332691127,
    "end": 1569332691128,
    "duration": 1,
    "pid": 16849,
    "index": 13
  },
  {
    "name": "Require(11) node_modules/_egg-static@2.2.0@egg-static/config/config.default.js",
    "start": 1569332691128,
    "end": 1569332691128,
    "duration": 0,
    "pid": 16849,
    "index": 14
  },
  {
    "name": "Require(12) node_modules/_egg-view@2.1.2@egg-view/config/config.default.js",
    "start": 1569332691128,
    "end": 1569332691128,
    "duration": 0,
    "pid": 16849,
    "index": 15
  },
  {
    "name": "Require(13) node_modules/_egg-mongoose@3.2.0@egg-mongoose/config/config.default.js",
    "start": 1569332691128,
    "end": 1569332691129,
    "duration": 1,
    "pid": 16849,
    "index": 16
  },
  {
    "name": "Require(14) node_modules/_egg-jwt@3.1.6@egg-jwt/config/config.default.js",
    "start": 1569332691129,
    "end": 1569332691129,
    "duration": 0,
    "pid": 16849,
    "index": 17
  },
  {
    "name": "Require(15) node_modules/_egg@2.23.0@egg/config/config.default.js",
    "start": 1569332691129,
    "end": 1569332691129,
    "duration": 0,
    "pid": 16849,
    "index": 18
  },
  {
    "name": "Require(16) config/config.default.js",
    "start": 1569332691130,
    "end": 1569332691130,
    "duration": 0,
    "pid": 16849,
    "index": 19
  },
  {
    "name": "Require(17) node_modules/_egg-security@2.6.1@egg-security/config/config.local.js",
    "start": 1569332691131,
    "end": 1569332691131,
    "duration": 0,
    "pid": 16849,
    "index": 20
  },
  {
    "name": "Require(18) node_modules/_egg-watcher@3.1.0@egg-watcher/config/config.local.js",
    "start": 1569332691131,
    "end": 1569332691131,
    "duration": 0,
    "pid": 16849,
    "index": 21
  },
  {
    "name": "Require(19) node_modules/_egg-view@2.1.2@egg-view/config/config.local.js",
    "start": 1569332691131,
    "end": 1569332691132,
    "duration": 1,
    "pid": 16849,
    "index": 22
  },
  {
    "name": "Require(20) node_modules/_egg@2.23.0@egg/config/config.local.js",
    "start": 1569332691132,
    "end": 1569332691132,
    "duration": 0,
    "pid": 16849,
    "index": 23
  },
  {
    "name": "Load extend/application.js",
    "start": 1569332691133,
    "end": 1569332691162,
    "duration": 29,
    "pid": 16849,
    "index": 24
  },
  {
    "name": "Require(21) node_modules/_egg-session@3.1.0@egg-session/app/extend/application.js",
    "start": 1569332691133,
    "end": 1569332691134,
    "duration": 1,
    "pid": 16849,
    "index": 25
  },
  {
    "name": "Require(22) node_modules/_egg-security@2.6.1@egg-security/app/extend/application.js",
    "start": 1569332691134,
    "end": 1569332691134,
    "duration": 0,
    "pid": 16849,
    "index": 26
  },
  {
    "name": "Require(23) node_modules/_egg-jsonp@2.0.0@egg-jsonp/app/extend/application.js",
    "start": 1569332691134,
    "end": 1569332691135,
    "duration": 1,
    "pid": 16849,
    "index": 27
  },
  {
    "name": "Require(24) node_modules/_egg-logrotator@3.1.0@egg-logrotator/app/extend/application.js",
    "start": 1569332691135,
    "end": 1569332691136,
    "duration": 1,
    "pid": 16849,
    "index": 28
  },
  {
    "name": "Require(25) node_modules/_egg-view@2.1.2@egg-view/app/extend/application.js",
    "start": 1569332691136,
    "end": 1569332691137,
    "duration": 1,
    "pid": 16849,
    "index": 29
  },
  {
    "name": "Require(26) node_modules/_egg-jwt@3.1.6@egg-jwt/app/extend/application.js",
    "start": 1569332691137,
    "end": 1569332691162,
    "duration": 25,
    "pid": 16849,
    "index": 30
  },
  {
    "name": "Load extend/request.js",
    "start": 1569332691162,
    "end": 1569332691164,
    "duration": 2,
    "pid": 16849,
    "index": 31
  },
  {
    "name": "Require(27) node_modules/_egg@2.23.0@egg/app/extend/request.js",
    "start": 1569332691163,
    "end": 1569332691164,
    "duration": 1,
    "pid": 16849,
    "index": 32
  },
  {
    "name": "Load extend/response.js",
    "start": 1569332691164,
    "end": 1569332691166,
    "duration": 2,
    "pid": 16849,
    "index": 33
  },
  {
    "name": "Require(28) node_modules/_egg@2.23.0@egg/app/extend/response.js",
    "start": 1569332691165,
    "end": 1569332691165,
    "duration": 0,
    "pid": 16849,
    "index": 34
  },
  {
    "name": "Load extend/context.js",
    "start": 1569332691166,
    "end": 1569332691207,
    "duration": 41,
    "pid": 16849,
    "index": 35
  },
  {
    "name": "Require(29) node_modules/_egg-security@2.6.1@egg-security/app/extend/context.js",
    "start": 1569332691166,
    "end": 1569332691172,
    "duration": 6,
    "pid": 16849,
    "index": 36
  },
  {
    "name": "Require(30) node_modules/_egg-jsonp@2.0.0@egg-jsonp/app/extend/context.js",
    "start": 1569332691172,
    "end": 1569332691173,
    "duration": 1,
    "pid": 16849,
    "index": 37
  },
  {
    "name": "Require(31) node_modules/_egg-i18n@2.1.1@egg-i18n/app/extend/context.js",
    "start": 1569332691173,
    "end": 1569332691173,
    "duration": 0,
    "pid": 16849,
    "index": 38
  },
  {
    "name": "Require(32) node_modules/_egg-multipart@2.9.0@egg-multipart/app/extend/context.js",
    "start": 1569332691173,
    "end": 1569332691204,
    "duration": 31,
    "pid": 16849,
    "index": 39
  },
  {
    "name": "Require(33) node_modules/_egg-view@2.1.2@egg-view/app/extend/context.js",
    "start": 1569332691205,
    "end": 1569332691205,
    "duration": 0,
    "pid": 16849,
    "index": 40
  },
  {
    "name": "Require(34) node_modules/_egg-mongoose@3.2.0@egg-mongoose/app/extend/context.js",
    "start": 1569332691205,
    "end": 1569332691205,
    "duration": 0,
    "pid": 16849,
    "index": 41
  },
  {
    "name": "Require(35) node_modules/_egg@2.23.0@egg/app/extend/context.js",
    "start": 1569332691205,
    "end": 1569332691206,
    "duration": 1,
    "pid": 16849,
    "index": 42
  },
  {
    "name": "Load extend/helper.js",
    "start": 1569332691207,
    "end": 1569332691216,
    "duration": 9,
    "pid": 16849,
    "index": 43
  },
  {
    "name": "Require(36) node_modules/_egg-security@2.6.1@egg-security/app/extend/helper.js",
    "start": 1569332691207,
    "end": 1569332691215,
    "duration": 8,
    "pid": 16849,
    "index": 44
  },
  {
    "name": "Require(37) node_modules/_egg@2.23.0@egg/app/extend/helper.js",
    "start": 1569332691215,
    "end": 1569332691215,
    "duration": 0,
    "pid": 16849,
    "index": 45
  },
  {
    "name": "Load app.js",
    "start": 1569332691216,
    "end": 1569332691229,
    "duration": 13,
    "pid": 16849,
    "index": 46
  },
  {
    "name": "Require(38) node_modules/_egg-session@3.1.0@egg-session/app.js",
    "start": 1569332691216,
    "end": 1569332691216,
    "duration": 0,
    "pid": 16849,
    "index": 47
  },
  {
    "name": "Require(39) node_modules/_egg-security@2.6.1@egg-security/app.js",
    "start": 1569332691216,
    "end": 1569332691217,
    "duration": 1,
    "pid": 16849,
    "index": 48
  },
  {
    "name": "Require(40) node_modules/_egg-onerror@2.1.0@egg-onerror/app.js",
    "start": 1569332691217,
    "end": 1569332691221,
    "duration": 4,
    "pid": 16849,
    "index": 49
  },
  {
    "name": "Require(41) node_modules/_egg-i18n@2.1.1@egg-i18n/app.js",
    "start": 1569332691222,
    "end": 1569332691224,
    "duration": 2,
    "pid": 16849,
    "index": 50
  },
  {
    "name": "Require(42) node_modules/_egg-watcher@3.1.0@egg-watcher/app.js",
    "start": 1569332691224,
    "end": 1569332691226,
    "duration": 2,
    "pid": 16849,
    "index": 51
  },
  {
    "name": "Require(43) node_modules/_egg-schedule@3.6.4@egg-schedule/app.js",
    "start": 1569332691226,
    "end": 1569332691226,
    "duration": 0,
    "pid": 16849,
    "index": 52
  },
  {
    "name": "Require(44) node_modules/_egg-multipart@2.9.0@egg-multipart/app.js",
    "start": 1569332691226,
    "end": 1569332691227,
    "duration": 1,
    "pid": 16849,
    "index": 53
  },
  {
    "name": "Require(45) node_modules/_egg-development@2.4.3@egg-development/app.js",
    "start": 1569332691227,
    "end": 1569332691228,
    "duration": 1,
    "pid": 16849,
    "index": 54
  },
  {
    "name": "Require(46) node_modules/_egg-logrotator@3.1.0@egg-logrotator/app.js",
    "start": 1569332691228,
    "end": 1569332691228,
    "duration": 0,
    "pid": 16849,
    "index": 55
  },
  {
    "name": "Require(47) node_modules/_egg-static@2.2.0@egg-static/app.js",
    "start": 1569332691228,
    "end": 1569332691228,
    "duration": 0,
    "pid": 16849,
    "index": 56
  },
  {
    "name": "Require(48) node_modules/_egg-mongoose@3.2.0@egg-mongoose/app.js",
    "start": 1569332691228,
    "end": 1569332691228,
    "duration": 0,
    "pid": 16849,
    "index": 57
  },
  {
    "name": "Require(49) node_modules/_egg-jwt@3.1.6@egg-jwt/app.js",
    "start": 1569332691228,
    "end": 1569332691228,
    "duration": 0,
    "pid": 16849,
    "index": 58
  },
  {
    "name": "Before Start in node_modules/_egg-watcher@3.1.0@egg-watcher/lib/init.js:15:14",
    "start": 1569332691239,
    "end": 1569332691562,
    "duration": 323,
    "pid": 16849,
    "index": 59
  },
  {
    "name": "Before Start in node_modules/_egg-mongoose@3.2.0@egg-mongoose/lib/mongoose.js:91:7",
    "start": 1569332691455,
    "end": 1569332691560,
    "duration": 105,
    "pid": 16849,
    "index": 60
  },
  {
    "name": "Before Start in node_modules/_egg-mongoose@3.2.0@egg-mongoose/lib/mongoose.js:49:9",
    "start": 1569332691455,
    "end": 1569332691543,
    "duration": 88,
    "pid": 16849,
    "index": 61
  },
  {
    "name": "Load Service",
    "start": 1569332691455,
    "end": 1569332691482,
    "duration": 27,
    "pid": 16849,
    "index": 62
  },
  {
    "name": "Load \"service\" to Context",
    "start": 1569332691455,
    "end": 1569332691482,
    "duration": 27,
    "pid": 16849,
    "index": 63
  },
  {
    "name": "Load Middleware",
    "start": 1569332691482,
    "end": 1569332691519,
    "duration": 37,
    "pid": 16849,
    "index": 64
  },
  {
    "name": "Load \"middlewares\" to Application",
    "start": 1569332691482,
    "end": 1569332691514,
    "duration": 32,
    "pid": 16849,
    "index": 65
  },
  {
    "name": "Load Controller",
    "start": 1569332691519,
    "end": 1569332691522,
    "duration": 3,
    "pid": 16849,
    "index": 66
  },
  {
    "name": "Load \"controller\" to Application",
    "start": 1569332691519,
    "end": 1569332691522,
    "duration": 3,
    "pid": 16849,
    "index": 67
  },
  {
    "name": "Load Router",
    "start": 1569332691522,
    "end": 1569332691524,
    "duration": 2,
    "pid": 16849,
    "index": 68
  },
  {
    "name": "Require(50) app/router.js",
    "start": 1569332691522,
    "end": 1569332691522,
    "duration": 0,
    "pid": 16849,
    "index": 69
  },
  {
    "name": "Before Start in node_modules/_egg-core@4.17.3@egg-core/lib/egg.js:303:10",
    "start": 1569332691523,
    "end": 1569332691543,
    "duration": 20,
    "pid": 16849,
    "index": 70
  },
  {
    "name": "Load \"model\" to Application",
    "start": 1569332691532,
    "end": 1569332691542,
    "duration": 10,
    "pid": 16849,
    "index": 71
  }
]