[
  {
    "name": "Application Start",
    "start": 1569332823178,
    "end": 1569332823647,
    "duration": 469,
    "pid": 16905,
    "index": 0
  },
  {
    "name": "Load Plugin",
    "start": 1569332823182,
    "end": 1569332823189,
    "duration": 7,
    "pid": 16905,
    "index": 1
  },
  {
    "name": "Load Config",
    "start": 1569332823189,
    "end": 1569332823201,
    "duration": 12,
    "pid": 16905,
    "index": 2
  },
  {
    "name": "Require(0) config/config.default.js",
    "start": 1569332823189,
    "end": 1569332823190,
    "duration": 1,
    "pid": 16905,
    "index": 3
  },
  {
    "name": "Require(1) node_modules/_egg-session@3.1.0@egg-session/config/config.default.js",
    "start": 1569332823191,
    "end": 1569332823191,
    "duration": 0,
    "pid": 16905,
    "index": 4
  },
  {
    "name": "Require(2) node_modules/_egg-security@2.6.1@egg-security/config/config.default.js",
    "start": 1569332823191,
    "end": 1569332823191,
    "duration": 0,
    "pid": 16905,
    "index": 5
  },
  {
    "name": "Require(3) node_modules/_egg-jsonp@2.0.0@egg-jsonp/config/config.default.js",
    "start": 1569332823192,
    "end": 1569332823194,
    "duration": 2,
    "pid": 16905,
    "index": 6
  },
  {
    "name": "Require(4) node_modules/_egg-onerror@2.1.0@egg-onerror/config/config.default.js",
    "start": 1569332823194,
    "end": 1569332823194,
    "duration": 0,
    "pid": 16905,
    "index": 7
  },
  {
    "name": "Require(5) node_modules/_egg-i18n@2.1.1@egg-i18n/config/config.default.js",
    "start": 1569332823194,
    "end": 1569332823195,
    "duration": 1,
    "pid": 16905,
    "index": 8
  },
  {
    "name": "Require(6) node_modules/_egg-watcher@3.1.0@egg-watcher/config/config.default.js",
    "start": 1569332823195,
    "end": 1569332823195,
    "duration": 0,
    "pid": 16905,
    "index": 9
  },
  {
    "name": "Require(7) node_modules/_egg-schedule@3.6.4@egg-schedule/config/config.default.js",
    "start": 1569332823195,
    "end": 1569332823195,
    "duration": 0,
    "pid": 16905,
    "index": 10
  },
  {
    "name": "Require(8) node_modules/_egg-multipart@2.9.0@egg-multipart/config/config.default.js",
    "start": 1569332823196,
    "end": 1569332823196,
    "duration": 0,
    "pid": 16905,
    "index": 11
  },
  {
    "name": "Require(9) node_modules/_egg-development@2.4.3@egg-development/config/config.default.js",
    "start": 1569332823196,
    "end": 1569332823196,
    "duration": 0,
    "pid": 16905,
    "index": 12
  },
  {
    "name": "Require(10) node_modules/_egg-logrotator@3.1.0@egg-logrotator/config/config.default.js",
    "start": 1569332823196,
    "end": 1569332823196,
    "duration": 0,
    "pid": 16905,
    "index": 13
  },
  {
    "name": "Require(11) node_modules/_egg-static@2.2.0@egg-static/config/config.default.js",
    "start": 1569332823197,
    "end": 1569332823197,
    "duration": 0,
    "pid": 16905,
    "index": 14
  },
  {
    "name": "Require(12) node_modules/_egg-view@2.1.2@egg-view/config/config.default.js",
    "start": 1569332823197,
    "end": 1569332823197,
    "duration": 0,
    "pid": 16905,
    "index": 15
  },
  {
    "name": "Require(13) node_modules/_egg-mongoose@3.2.0@egg-mongoose/config/config.default.js",
    "start": 1569332823197,
    "end": 1569332823197,
    "duration": 0,
    "pid": 16905,
    "index": 16
  },
  {
    "name": "Require(14) node_modules/_egg-jwt@3.1.6@egg-jwt/config/config.default.js",
    "start": 1569332823198,
    "end": 1569332823198,
    "duration": 0,
    "pid": 16905,
    "index": 17
  },
  {
    "name": "Require(15) node_modules/_egg@2.23.0@egg/config/config.default.js",
    "start": 1569332823198,
    "end": 1569332823198,
    "duration": 0,
    "pid": 16905,
    "index": 18
  },
  {
    "name": "Require(16) config/config.default.js",
    "start": 1569332823199,
    "end": 1569332823199,
    "duration": 0,
    "pid": 16905,
    "index": 19
  },
  {
    "name": "Require(17) node_modules/_egg-security@2.6.1@egg-security/config/config.local.js",
    "start": 1569332823199,
    "end": 1569332823200,
    "duration": 1,
    "pid": 16905,
    "index": 20
  },
  {
    "name": "Require(18) node_modules/_egg-watcher@3.1.0@egg-watcher/config/config.local.js",
    "start": 1569332823200,
    "end": 1569332823200,
    "duration": 0,
    "pid": 16905,
    "index": 21
  },
  {
    "name": "Require(19) node_modules/_egg-view@2.1.2@egg-view/config/config.local.js",
    "start": 1569332823200,
    "end": 1569332823200,
    "duration": 0,
    "pid": 16905,
    "index": 22
  },
  {
    "name": "Require(20) node_modules/_egg@2.23.0@egg/config/config.local.js",
    "start": 1569332823201,
    "end": 1569332823201,
    "duration": 0,
    "pid": 16905,
    "index": 23
  },
  {
    "name": "Load extend/application.js",
    "start": 1569332823202,
    "end": 1569332823228,
    "duration": 26,
    "pid": 16905,
    "index": 24
  },
  {
    "name": "Require(21) node_modules/_egg-session@3.1.0@egg-session/app/extend/application.js",
    "start": 1569332823202,
    "end": 1569332823202,
    "duration": 0,
    "pid": 16905,
    "index": 25
  },
  {
    "name": "Require(22) node_modules/_egg-security@2.6.1@egg-security/app/extend/application.js",
    "start": 1569332823203,
    "end": 1569332823203,
    "duration": 0,
    "pid": 16905,
    "index": 26
  },
  {
    "name": "Require(23) node_modules/_egg-jsonp@2.0.0@egg-jsonp/app/extend/application.js",
    "start": 1569332823203,
    "end": 1569332823204,
    "duration": 1,
    "pid": 16905,
    "index": 27
  },
  {
    "name": "Require(24) node_modules/_egg-logrotator@3.1.0@egg-logrotator/app/extend/application.js",
    "start": 1569332823204,
    "end": 1569332823205,
    "duration": 1,
    "pid": 16905,
    "index": 28
  },
  {
    "name": "Require(25) node_modules/_egg-view@2.1.2@egg-view/app/extend/application.js",
    "start": 1569332823205,
    "end": 1569332823206,
    "duration": 1,
    "pid": 16905,
    "index": 29
  },
  {
    "name": "Require(26) node_modules/_egg-jwt@3.1.6@egg-jwt/app/extend/application.js",
    "start": 1569332823206,
    "end": 1569332823228,
    "duration": 22,
    "pid": 16905,
    "index": 30
  },
  {
    "name": "Load extend/request.js",
    "start": 1569332823229,
    "end": 1569332823230,
    "duration": 1,
    "pid": 16905,
    "index": 31
  },
  {
    "name": "Require(27) node_modules/_egg@2.23.0@egg/app/extend/request.js",
    "start": 1569332823229,
    "end": 1569332823230,
    "duration": 1,
    "pid": 16905,
    "index": 32
  },
  {
    "name": "Load extend/response.js",
    "start": 1569332823230,
    "end": 1569332823232,
    "duration": 2,
    "pid": 16905,
    "index": 33
  },
  {
    "name": "Require(28) node_modules/_egg@2.23.0@egg/app/extend/response.js",
    "start": 1569332823231,
    "end": 1569332823231,
    "duration": 0,
    "pid": 16905,
    "index": 34
  },
  {
    "name": "Load extend/context.js",
    "start": 1569332823232,
    "end": 1569332823273,
    "duration": 41,
    "pid": 16905,
    "index": 35
  },
  {
    "name": "Require(29) node_modules/_egg-security@2.6.1@egg-security/app/extend/context.js",
    "start": 1569332823232,
    "end": 1569332823238,
    "duration": 6,
    "pid": 16905,
    "index": 36
  },
  {
    "name": "Require(30) node_modules/_egg-jsonp@2.0.0@egg-jsonp/app/extend/context.js",
    "start": 1569332823238,
    "end": 1569332823239,
    "duration": 1,
    "pid": 16905,
    "index": 37
  },
  {
    "name": "Require(31) node_modules/_egg-i18n@2.1.1@egg-i18n/app/extend/context.js",
    "start": 1569332823239,
    "end": 1569332823239,
    "duration": 0,
    "pid": 16905,
    "index": 38
  },
  {
    "name": "Require(32) node_modules/_egg-multipart@2.9.0@egg-multipart/app/extend/context.js",
    "start": 1569332823239,
    "end": 1569332823270,
    "duration": 31,
    "pid": 16905,
    "index": 39
  },
  {
    "name": "Require(33) node_modules/_egg-view@2.1.2@egg-view/app/extend/context.js",
    "start": 1569332823271,
    "end": 1569332823271,
    "duration": 0,
    "pid": 16905,
    "index": 40
  },
  {
    "name": "Require(34) node_modules/_egg-mongoose@3.2.0@egg-mongoose/app/extend/context.js",
    "start": 1569332823271,
    "end": 1569332823271,
    "duration": 0,
    "pid": 16905,
    "index": 41
  },
  {
    "name": "Require(35) node_modules/_egg@2.23.0@egg/app/extend/context.js",
    "start": 1569332823272,
    "end": 1569332823272,
    "duration": 0,
    "pid": 16905,
    "index": 42
  },
  {
    "name": "Load extend/helper.js",
    "start": 1569332823273,
    "end": 1569332823281,
    "duration": 8,
    "pid": 16905,
    "index": 43
  },
  {
    "name": "Require(36) node_modules/_egg-security@2.6.1@egg-security/app/extend/helper.js",
    "start": 1569332823273,
    "end": 1569332823280,
    "duration": 7,
    "pid": 16905,
    "index": 44
  },
  {
    "name": "Require(37) node_modules/_egg@2.23.0@egg/app/extend/helper.js",
    "start": 1569332823281,
    "end": 1569332823281,
    "duration": 0,
    "pid": 16905,
    "index": 45
  },
  {
    "name": "Load app.js",
    "start": 1569332823282,
    "end": 1569332823294,
    "duration": 12,
    "pid": 16905,
    "index": 46
  },
  {
    "name": "Require(38) node_modules/_egg-session@3.1.0@egg-session/app.js",
    "start": 1569332823282,
    "end": 1569332823282,
    "duration": 0,
    "pid": 16905,
    "index": 47
  },
  {
    "name": "Require(39) node_modules/_egg-security@2.6.1@egg-security/app.js",
    "start": 1569332823282,
    "end": 1569332823283,
    "duration": 1,
    "pid": 16905,
    "index": 48
  },
  {
    "name": "Require(40) node_modules/_egg-onerror@2.1.0@egg-onerror/app.js",
    "start": 1569332823283,
    "end": 1569332823287,
    "duration": 4,
    "pid": 16905,
    "index": 49
  },
  {
    "name": "Require(41) node_modules/_egg-i18n@2.1.1@egg-i18n/app.js",
    "start": 1569332823287,
    "end": 1569332823289,
    "duration": 2,
    "pid": 16905,
    "index": 50
  },
  {
    "name": "Require(42) node_modules/_egg-watcher@3.1.0@egg-watcher/app.js",
    "start": 1569332823289,
    "end": 1569332823291,
    "duration": 2,
    "pid": 16905,
    "index": 51
  },
  {
    "name": "Require(43) node_modules/_egg-schedule@3.6.4@egg-schedule/app.js",
    "start": 1569332823291,
    "end": 1569332823292,
    "duration": 1,
    "pid": 16905,
    "index": 52
  },
  {
    "name": "Require(44) node_modules/_egg-multipart@2.9.0@egg-multipart/app.js",
    "start": 1569332823292,
    "end": 1569332823293,
    "duration": 1,
    "pid": 16905,
    "index": 53
  },
  {
    "name": "Require(45) node_modules/_egg-development@2.4.3@egg-development/app.js",
    "start": 1569332823293,
    "end": 1569332823293,
    "duration": 0,
    "pid": 16905,
    "index": 54
  },
  {
    "name": "Require(46) node_modules/_egg-logrotator@3.1.0@egg-logrotator/app.js",
    "start": 1569332823293,
    "end": 1569332823293,
    "duration": 0,
    "pid": 16905,
    "index": 55
  },
  {
    "name": "Require(47) node_modules/_egg-static@2.2.0@egg-static/app.js",
    "start": 1569332823293,
    "end": 1569332823293,
    "duration": 0,
    "pid": 16905,
    "index": 56
  },
  {
    "name": "Require(48) node_modules/_egg-mongoose@3.2.0@egg-mongoose/app.js",
    "start": 1569332823293,
    "end": 1569332823293,
    "duration": 0,
    "pid": 16905,
    "index": 57
  },
  {
    "name": "Require(49) node_modules/_egg-jwt@3.1.6@egg-jwt/app.js",
    "start": 1569332823294,
    "end": 1569332823294,
    "duration": 0,
    "pid": 16905,
    "index": 58
  },
  {
    "name": "Before Start in node_modules/_egg-watcher@3.1.0@egg-watcher/lib/init.js:15:14",
    "start": 1569332823303,
    "end": 1569332823647,
    "duration": 344,
    "pid": 16905,
    "index": 59
  },
  {
    "name": "Before Start in node_modules/_egg-mongoose@3.2.0@egg-mongoose/lib/mongoose.js:91:7",
    "start": 1569332823525,
    "end": 1569332823644,
    "duration": 119,
    "pid": 16905,
    "index": 60
  },
  {
    "name": "Before Start in node_modules/_egg-mongoose@3.2.0@egg-mongoose/lib/mongoose.js:49:9",
    "start": 1569332823525,
    "end": 1569332823623,
    "duration": 98,
    "pid": 16905,
    "index": 61
  },
  {
    "name": "Load Service",
    "start": 1569332823525,
    "end": 1569332823555,
    "duration": 30,
    "pid": 16905,
    "index": 62
  },
  {
    "name": "Load \"service\" to Context",
    "start": 1569332823526,
    "end": 1569332823555,
    "duration": 29,
    "pid": 16905,
    "index": 63
  },
  {
    "name": "Load Middleware",
    "start": 1569332823556,
    "end": 1569332823597,
    "duration": 41,
    "pid": 16905,
    "index": 64
  },
  {
    "name": "Load \"middlewares\" to Application",
    "start": 1569332823556,
    "end": 1569332823591,
    "duration": 35,
    "pid": 16905,
    "index": 65
  },
  {
    "name": "Load Controller",
    "start": 1569332823597,
    "end": 1569332823601,
    "duration": 4,
    "pid": 16905,
    "index": 66
  },
  {
    "name": "Load \"controller\" to Application",
    "start": 1569332823597,
    "end": 1569332823601,
    "duration": 4,
    "pid": 16905,
    "index": 67
  },
  {
    "name": "Load Router",
    "start": 1569332823601,
    "end": 1569332823603,
    "duration": 2,
    "pid": 16905,
    "index": 68
  },
  {
    "name": "Require(50) app/router.js",
    "start": 1569332823601,
    "end": 1569332823601,
    "duration": 0,
    "pid": 16905,
    "index": 69
  },
  {
    "name": "Before Start in node_modules/_egg-core@4.17.3@egg-core/lib/egg.js:303:10",
    "start": 1569332823601,
    "end": 1569332823623,
    "duration": 22,
    "pid": 16905,
    "index": 70
  },
  {
    "name": "Load \"model\" to Application",
    "start": 1569332823612,
    "end": 1569332823623,
    "duration": 11,
    "pid": 16905,
    "index": 71
  }
]