[
  {
    "name": "Application Start",
    "start": 1569330865470,
    "end": 1569330865998,
    "duration": 528,
    "pid": 16116,
    "index": 0
  },
  {
    "name": "Load Plugin",
    "start": 1569330865474,
    "end": 1569330865481,
    "duration": 7,
    "pid": 16116,
    "index": 1
  },
  {
    "name": "Load Config",
    "start": 1569330865482,
    "end": 1569330865495,
    "duration": 13,
    "pid": 16116,
    "index": 2
  },
  {
    "name": "Require(0) config/config.default.js",
    "start": 1569330865482,
    "end": 1569330865483,
    "duration": 1,
    "pid": 16116,
    "index": 3
  },
  {
    "name": "Require(1) node_modules/_egg-session@3.1.0@egg-session/config/config.default.js",
    "start": 1569330865484,
    "end": 1569330865484,
    "duration": 0,
    "pid": 16116,
    "index": 4
  },
  {
    "name": "Require(2) node_modules/_egg-security@2.6.1@egg-security/config/config.default.js",
    "start": 1569330865484,
    "end": 1569330865485,
    "duration": 1,
    "pid": 16116,
    "index": 5
  },
  {
    "name": "Require(3) node_modules/_egg-jsonp@2.0.0@egg-jsonp/config/config.default.js",
    "start": 1569330865485,
    "end": 1569330865487,
    "duration": 2,
    "pid": 16116,
    "index": 6
  },
  {
    "name": "Require(4) node_modules/_egg-onerror@2.1.0@egg-onerror/config/config.default.js",
    "start": 1569330865488,
    "end": 1569330865488,
    "duration": 0,
    "pid": 16116,
    "index": 7
  },
  {
    "name": "Require(5) node_modules/_egg-i18n@2.1.1@egg-i18n/config/config.default.js",
    "start": 1569330865488,
    "end": 1569330865488,
    "duration": 0,
    "pid": 16116,
    "index": 8
  },
  {
    "name": "Require(6) node_modules/_egg-watcher@3.1.0@egg-watcher/config/config.default.js",
    "start": 1569330865488,
    "end": 1569330865488,
    "duration": 0,
    "pid": 16116,
    "index": 9
  },
  {
    "name": "Require(7) node_modules/_egg-schedule@3.6.4@egg-schedule/config/config.default.js",
    "start": 1569330865489,
    "end": 1569330865489,
    "duration": 0,
    "pid": 16116,
    "index": 10
  },
  {
    "name": "Require(8) node_modules/_egg-multipart@2.9.0@egg-multipart/config/config.default.js",
    "start": 1569330865489,
    "end": 1569330865489,
    "duration": 0,
    "pid": 16116,
    "index": 11
  },
  {
    "name": "Require(9) node_modules/_egg-development@2.4.3@egg-development/config/config.default.js",
    "start": 1569330865489,
    "end": 1569330865490,
    "duration": 1,
    "pid": 16116,
    "index": 12
  },
  {
    "name": "Require(10) node_modules/_egg-logrotator@3.1.0@egg-logrotator/config/config.default.js",
    "start": 1569330865490,
    "end": 1569330865490,
    "duration": 0,
    "pid": 16116,
    "index": 13
  },
  {
    "name": "Require(11) node_modules/_egg-static@2.2.0@egg-static/config/config.default.js",
    "start": 1569330865490,
    "end": 1569330865490,
    "duration": 0,
    "pid": 16116,
    "index": 14
  },
  {
    "name": "Require(12) node_modules/_egg-view@2.1.2@egg-view/config/config.default.js",
    "start": 1569330865490,
    "end": 1569330865490,
    "duration": 0,
    "pid": 16116,
    "index": 15
  },
  {
    "name": "Require(13) node_modules/_egg-mongoose@3.2.0@egg-mongoose/config/config.default.js",
    "start": 1569330865491,
    "end": 1569330865491,
    "duration": 0,
    "pid": 16116,
    "index": 16
  },
  {
    "name": "Require(14) node_modules/_egg-jwt@3.1.6@egg-jwt/config/config.default.js",
    "start": 1569330865491,
    "end": 1569330865491,
    "duration": 0,
    "pid": 16116,
    "index": 17
  },
  {
    "name": "Require(15) node_modules/_egg@2.23.0@egg/config/config.default.js",
    "start": 1569330865491,
    "end": 1569330865492,
    "duration": 1,
    "pid": 16116,
    "index": 18
  },
  {
    "name": "Require(16) config/config.default.js",
    "start": 1569330865493,
    "end": 1569330865493,
    "duration": 0,
    "pid": 16116,
    "index": 19
  },
  {
    "name": "Require(17) node_modules/_egg-security@2.6.1@egg-security/config/config.local.js",
    "start": 1569330865493,
    "end": 1569330865493,
    "duration": 0,
    "pid": 16116,
    "index": 20
  },
  {
    "name": "Require(18) node_modules/_egg-watcher@3.1.0@egg-watcher/config/config.local.js",
    "start": 1569330865494,
    "end": 1569330865494,
    "duration": 0,
    "pid": 16116,
    "index": 21
  },
  {
    "name": "Require(19) node_modules/_egg-view@2.1.2@egg-view/config/config.local.js",
    "start": 1569330865494,
    "end": 1569330865494,
    "duration": 0,
    "pid": 16116,
    "index": 22
  },
  {
    "name": "Require(20) node_modules/_egg@2.23.0@egg/config/config.local.js",
    "start": 1569330865494,
    "end": 1569330865495,
    "duration": 1,
    "pid": 16116,
    "index": 23
  },
  {
    "name": "Load extend/application.js",
    "start": 1569330865496,
    "end": 1569330865526,
    "duration": 30,
    "pid": 16116,
    "index": 24
  },
  {
    "name": "Require(21) node_modules/_egg-session@3.1.0@egg-session/app/extend/application.js",
    "start": 1569330865496,
    "end": 1569330865496,
    "duration": 0,
    "pid": 16116,
    "index": 25
  },
  {
    "name": "Require(22) node_modules/_egg-security@2.6.1@egg-security/app/extend/application.js",
    "start": 1569330865496,
    "end": 1569330865497,
    "duration": 1,
    "pid": 16116,
    "index": 26
  },
  {
    "name": "Require(23) node_modules/_egg-jsonp@2.0.0@egg-jsonp/app/extend/application.js",
    "start": 1569330865497,
    "end": 1569330865498,
    "duration": 1,
    "pid": 16116,
    "index": 27
  },
  {
    "name": "Require(24) node_modules/_egg-logrotator@3.1.0@egg-logrotator/app/extend/application.js",
    "start": 1569330865499,
    "end": 1569330865500,
    "duration": 1,
    "pid": 16116,
    "index": 28
  },
  {
    "name": "Require(25) node_modules/_egg-view@2.1.2@egg-view/app/extend/application.js",
    "start": 1569330865500,
    "end": 1569330865502,
    "duration": 2,
    "pid": 16116,
    "index": 29
  },
  {
    "name": "Require(26) node_modules/_egg-jwt@3.1.6@egg-jwt/app/extend/application.js",
    "start": 1569330865502,
    "end": 1569330865526,
    "duration": 24,
    "pid": 16116,
    "index": 30
  },
  {
    "name": "Load extend/request.js",
    "start": 1569330865527,
    "end": 1569330865528,
    "duration": 1,
    "pid": 16116,
    "index": 31
  },
  {
    "name": "Require(27) node_modules/_egg@2.23.0@egg/app/extend/request.js",
    "start": 1569330865527,
    "end": 1569330865528,
    "duration": 1,
    "pid": 16116,
    "index": 32
  },
  {
    "name": "Load extend/response.js",
    "start": 1569330865528,
    "end": 1569330865530,
    "duration": 2,
    "pid": 16116,
    "index": 33
  },
  {
    "name": "Require(28) node_modules/_egg@2.23.0@egg/app/extend/response.js",
    "start": 1569330865529,
    "end": 1569330865530,
    "duration": 1,
    "pid": 16116,
    "index": 34
  },
  {
    "name": "Load extend/context.js",
    "start": 1569330865530,
    "end": 1569330865575,
    "duration": 45,
    "pid": 16116,
    "index": 35
  },
  {
    "name": "Require(29) node_modules/_egg-security@2.6.1@egg-security/app/extend/context.js",
    "start": 1569330865530,
    "end": 1569330865537,
    "duration": 7,
    "pid": 16116,
    "index": 36
  },
  {
    "name": "Require(30) node_modules/_egg-jsonp@2.0.0@egg-jsonp/app/extend/context.js",
    "start": 1569330865537,
    "end": 1569330865538,
    "duration": 1,
    "pid": 16116,
    "index": 37
  },
  {
    "name": "Require(31) node_modules/_egg-i18n@2.1.1@egg-i18n/app/extend/context.js",
    "start": 1569330865538,
    "end": 1569330865538,
    "duration": 0,
    "pid": 16116,
    "index": 38
  },
  {
    "name": "Require(32) node_modules/_egg-multipart@2.9.0@egg-multipart/app/extend/context.js",
    "start": 1569330865538,
    "end": 1569330865573,
    "duration": 35,
    "pid": 16116,
    "index": 39
  },
  {
    "name": "Require(33) node_modules/_egg-view@2.1.2@egg-view/app/extend/context.js",
    "start": 1569330865573,
    "end": 1569330865574,
    "duration": 1,
    "pid": 16116,
    "index": 40
  },
  {
    "name": "Require(34) node_modules/_egg-mongoose@3.2.0@egg-mongoose/app/extend/context.js",
    "start": 1569330865574,
    "end": 1569330865574,
    "duration": 0,
    "pid": 16116,
    "index": 41
  },
  {
    "name": "Require(35) node_modules/_egg@2.23.0@egg/app/extend/context.js",
    "start": 1569330865574,
    "end": 1569330865575,
    "duration": 1,
    "pid": 16116,
    "index": 42
  },
  {
    "name": "Load extend/helper.js",
    "start": 1569330865575,
    "end": 1569330865585,
    "duration": 10,
    "pid": 16116,
    "index": 43
  },
  {
    "name": "Require(36) node_modules/_egg-security@2.6.1@egg-security/app/extend/helper.js",
    "start": 1569330865576,
    "end": 1569330865584,
    "duration": 8,
    "pid": 16116,
    "index": 44
  },
  {
    "name": "Require(37) node_modules/_egg@2.23.0@egg/app/extend/helper.js",
    "start": 1569330865585,
    "end": 1569330865585,
    "duration": 0,
    "pid": 16116,
    "index": 45
  },
  {
    "name": "Load app.js",
    "start": 1569330865586,
    "end": 1569330865614,
    "duration": 28,
    "pid": 16116,
    "index": 46
  },
  {
    "name": "Require(38) node_modules/_egg-session@3.1.0@egg-session/app.js",
    "start": 1569330865586,
    "end": 1569330865586,
    "duration": 0,
    "pid": 16116,
    "index": 47
  },
  {
    "name": "Require(39) node_modules/_egg-security@2.6.1@egg-security/app.js",
    "start": 1569330865586,
    "end": 1569330865587,
    "duration": 1,
    "pid": 16116,
    "index": 48
  },
  {
    "name": "Require(40) node_modules/_egg-onerror@2.1.0@egg-onerror/app.js",
    "start": 1569330865587,
    "end": 1569330865595,
    "duration": 8,
    "pid": 16116,
    "index": 49
  },
  {
    "name": "Require(41) node_modules/_egg-i18n@2.1.1@egg-i18n/app.js",
    "start": 1569330865596,
    "end": 1569330865601,
    "duration": 5,
    "pid": 16116,
    "index": 50
  },
  {
    "name": "Require(42) node_modules/_egg-watcher@3.1.0@egg-watcher/app.js",
    "start": 1569330865602,
    "end": 1569330865607,
    "duration": 5,
    "pid": 16116,
    "index": 51
  },
  {
    "name": "Require(43) node_modules/_egg-schedule@3.6.4@egg-schedule/app.js",
    "start": 1569330865608,
    "end": 1569330865610,
    "duration": 2,
    "pid": 16116,
    "index": 52
  },
  {
    "name": "Require(44) node_modules/_egg-multipart@2.9.0@egg-multipart/app.js",
    "start": 1569330865610,
    "end": 1569330865612,
    "duration": 2,
    "pid": 16116,
    "index": 53
  },
  {
    "name": "Require(45) node_modules/_egg-development@2.4.3@egg-development/app.js",
    "start": 1569330865612,
    "end": 1569330865612,
    "duration": 0,
    "pid": 16116,
    "index": 54
  },
  {
    "name": "Require(46) node_modules/_egg-logrotator@3.1.0@egg-logrotator/app.js",
    "start": 1569330865613,
    "end": 1569330865613,
    "duration": 0,
    "pid": 16116,
    "index": 55
  },
  {
    "name": "Require(47) node_modules/_egg-static@2.2.0@egg-static/app.js",
    "start": 1569330865613,
    "end": 1569330865613,
    "duration": 0,
    "pid": 16116,
    "index": 56
  },
  {
    "name": "Require(48) node_modules/_egg-mongoose@3.2.0@egg-mongoose/app.js",
    "start": 1569330865613,
    "end": 1569330865613,
    "duration": 0,
    "pid": 16116,
    "index": 57
  },
  {
    "name": "Require(49) node_modules/_egg-jwt@3.1.6@egg-jwt/app.js",
    "start": 1569330865614,
    "end": 1569330865614,
    "duration": 0,
    "pid": 16116,
    "index": 58
  },
  {
    "name": "Before Start in node_modules/_egg-watcher@3.1.0@egg-watcher/lib/init.js:15:14",
    "start": 1569330865629,
    "end": 1569330865997,
    "duration": 368,
    "pid": 16116,
    "index": 59
  },
  {
    "name": "Before Start in node_modules/_egg-mongoose@3.2.0@egg-mongoose/lib/mongoose.js:91:7",
    "start": 1569330865872,
    "end": 1569330865994,
    "duration": 122,
    "pid": 16116,
    "index": 60
  },
  {
    "name": "Before Start in node_modules/_egg-mongoose@3.2.0@egg-mongoose/lib/mongoose.js:49:9",
    "start": 1569330865873,
    "end": 1569330865973,
    "duration": 100,
    "pid": 16116,
    "index": 61
  },
  {
    "name": "Load Service",
    "start": 1569330865873,
    "end": 1569330865904,
    "duration": 31,
    "pid": 16116,
    "index": 62
  },
  {
    "name": "Load \"service\" to Context",
    "start": 1569330865873,
    "end": 1569330865904,
    "duration": 31,
    "pid": 16116,
    "index": 63
  },
  {
    "name": "Load Middleware",
    "start": 1569330865904,
    "end": 1569330865944,
    "duration": 40,
    "pid": 16116,
    "index": 64
  },
  {
    "name": "Load \"middlewares\" to Application",
    "start": 1569330865905,
    "end": 1569330865938,
    "duration": 33,
    "pid": 16116,
    "index": 65
  },
  {
    "name": "Load Controller",
    "start": 1569330865944,
    "end": 1569330865948,
    "duration": 4,
    "pid": 16116,
    "index": 66
  },
  {
    "name": "Load \"controller\" to Application",
    "start": 1569330865944,
    "end": 1569330865948,
    "duration": 4,
    "pid": 16116,
    "index": 67
  },
  {
    "name": "Load Router",
    "start": 1569330865948,
    "end": 1569330865950,
    "duration": 2,
    "pid": 16116,
    "index": 68
  },
  {
    "name": "Require(50) app/router.js",
    "start": 1569330865948,
    "end": 1569330865948,
    "duration": 0,
    "pid": 16116,
    "index": 69
  },
  {
    "name": "Before Start in node_modules/_egg-core@4.17.3@egg-core/lib/egg.js:303:10",
    "start": 1569330865949,
    "end": 1569330865973,
    "duration": 24,
    "pid": 16116,
    "index": 70
  },
  {
    "name": "Load \"model\" to Application",
    "start": 1569330865959,
    "end": 1569330865971,
    "duration": 12,
    "pid": 16116,
    "index": 71
  }
]