[
  {
    "name": "Application Start",
    "start": 1569330647016,
    "end": 1569330647485,
    "duration": 469,
    "pid": 16021,
    "index": 0
  },
  {
    "name": "Load Plugin",
    "start": 1569330647020,
    "end": 1569330647028,
    "duration": 8,
    "pid": 16021,
    "index": 1
  },
  {
    "name": "Load Config",
    "start": 1569330647028,
    "end": 1569330647042,
    "duration": 14,
    "pid": 16021,
    "index": 2
  },
  {
    "name": "Require(0) config/config.default.js",
    "start": 1569330647028,
    "end": 1569330647029,
    "duration": 1,
    "pid": 16021,
    "index": 3
  },
  {
    "name": "Require(1) node_modules/_egg-session@3.1.0@egg-session/config/config.default.js",
    "start": 1569330647030,
    "end": 1569330647030,
    "duration": 0,
    "pid": 16021,
    "index": 4
  },
  {
    "name": "Require(2) node_modules/_egg-security@2.6.1@egg-security/config/config.default.js",
    "start": 1569330647030,
    "end": 1569330647031,
    "duration": 1,
    "pid": 16021,
    "index": 5
  },
  {
    "name": "Require(3) node_modules/_egg-jsonp@2.0.0@egg-jsonp/config/config.default.js",
    "start": 1569330647032,
    "end": 1569330647034,
    "duration": 2,
    "pid": 16021,
    "index": 6
  },
  {
    "name": "Require(4) node_modules/_egg-onerror@2.1.0@egg-onerror/config/config.default.js",
    "start": 1569330647035,
    "end": 1569330647035,
    "duration": 0,
    "pid": 16021,
    "index": 7
  },
  {
    "name": "Require(5) node_modules/_egg-i18n@2.1.1@egg-i18n/config/config.default.js",
    "start": 1569330647035,
    "end": 1569330647035,
    "duration": 0,
    "pid": 16021,
    "index": 8
  },
  {
    "name": "Require(6) node_modules/_egg-watcher@3.1.0@egg-watcher/config/config.default.js",
    "start": 1569330647036,
    "end": 1569330647036,
    "duration": 0,
    "pid": 16021,
    "index": 9
  },
  {
    "name": "Require(7) node_modules/_egg-schedule@3.6.4@egg-schedule/config/config.default.js",
    "start": 1569330647036,
    "end": 1569330647036,
    "duration": 0,
    "pid": 16021,
    "index": 10
  },
  {
    "name": "Require(8) node_modules/_egg-multipart@2.9.0@egg-multipart/config/config.default.js",
    "start": 1569330647036,
    "end": 1569330647036,
    "duration": 0,
    "pid": 16021,
    "index": 11
  },
  {
    "name": "Require(9) node_modules/_egg-development@2.4.3@egg-development/config/config.default.js",
    "start": 1569330647037,
    "end": 1569330647037,
    "duration": 0,
    "pid": 16021,
    "index": 12
  },
  {
    "name": "Require(10) node_modules/_egg-logrotator@3.1.0@egg-logrotator/config/config.default.js",
    "start": 1569330647037,
    "end": 1569330647037,
    "duration": 0,
    "pid": 16021,
    "index": 13
  },
  {
    "name": "Require(11) node_modules/_egg-static@2.2.0@egg-static/config/config.default.js",
    "start": 1569330647037,
    "end": 1569330647038,
    "duration": 1,
    "pid": 16021,
    "index": 14
  },
  {
    "name": "Require(12) node_modules/_egg-view@2.1.2@egg-view/config/config.default.js",
    "start": 1569330647038,
    "end": 1569330647038,
    "duration": 0,
    "pid": 16021,
    "index": 15
  },
  {
    "name": "Require(13) node_modules/_egg-mongoose@3.2.0@egg-mongoose/config/config.default.js",
    "start": 1569330647038,
    "end": 1569330647038,
    "duration": 0,
    "pid": 16021,
    "index": 16
  },
  {
    "name": "Require(14) node_modules/_egg-jwt@3.1.6@egg-jwt/config/config.default.js",
    "start": 1569330647038,
    "end": 1569330647039,
    "duration": 1,
    "pid": 16021,
    "index": 17
  },
  {
    "name": "Require(15) node_modules/_egg@2.23.0@egg/config/config.default.js",
    "start": 1569330647039,
    "end": 1569330647039,
    "duration": 0,
    "pid": 16021,
    "index": 18
  },
  {
    "name": "Require(16) config/config.default.js",
    "start": 1569330647040,
    "end": 1569330647040,
    "duration": 0,
    "pid": 16021,
    "index": 19
  },
  {
    "name": "Require(17) node_modules/_egg-security@2.6.1@egg-security/config/config.local.js",
    "start": 1569330647040,
    "end": 1569330647041,
    "duration": 1,
    "pid": 16021,
    "index": 20
  },
  {
    "name": "Require(18) node_modules/_egg-watcher@3.1.0@egg-watcher/config/config.local.js",
    "start": 1569330647041,
    "end": 1569330647041,
    "duration": 0,
    "pid": 16021,
    "index": 21
  },
  {
    "name": "Require(19) node_modules/_egg-view@2.1.2@egg-view/config/config.local.js",
    "start": 1569330647041,
    "end": 1569330647041,
    "duration": 0,
    "pid": 16021,
    "index": 22
  },
  {
    "name": "Require(20) node_modules/_egg@2.23.0@egg/config/config.local.js",
    "start": 1569330647042,
    "end": 1569330647042,
    "duration": 0,
    "pid": 16021,
    "index": 23
  },
  {
    "name": "Load extend/application.js",
    "start": 1569330647043,
    "end": 1569330647072,
    "duration": 29,
    "pid": 16021,
    "index": 24
  },
  {
    "name": "Require(21) node_modules/_egg-session@3.1.0@egg-session/app/extend/application.js",
    "start": 1569330647043,
    "end": 1569330647044,
    "duration": 1,
    "pid": 16021,
    "index": 25
  },
  {
    "name": "Require(22) node_modules/_egg-security@2.6.1@egg-security/app/extend/application.js",
    "start": 1569330647044,
    "end": 1569330647044,
    "duration": 0,
    "pid": 16021,
    "index": 26
  },
  {
    "name": "Require(23) node_modules/_egg-jsonp@2.0.0@egg-jsonp/app/extend/application.js",
    "start": 1569330647044,
    "end": 1569330647045,
    "duration": 1,
    "pid": 16021,
    "index": 27
  },
  {
    "name": "Require(24) node_modules/_egg-logrotator@3.1.0@egg-logrotator/app/extend/application.js",
    "start": 1569330647045,
    "end": 1569330647046,
    "duration": 1,
    "pid": 16021,
    "index": 28
  },
  {
    "name": "Require(25) node_modules/_egg-view@2.1.2@egg-view/app/extend/application.js",
    "start": 1569330647046,
    "end": 1569330647047,
    "duration": 1,
    "pid": 16021,
    "index": 29
  },
  {
    "name": "Require(26) node_modules/_egg-jwt@3.1.6@egg-jwt/app/extend/application.js",
    "start": 1569330647047,
    "end": 1569330647071,
    "duration": 24,
    "pid": 16021,
    "index": 30
  },
  {
    "name": "Load extend/request.js",
    "start": 1569330647072,
    "end": 1569330647073,
    "duration": 1,
    "pid": 16021,
    "index": 31
  },
  {
    "name": "Require(27) node_modules/_egg@2.23.0@egg/app/extend/request.js",
    "start": 1569330647072,
    "end": 1569330647073,
    "duration": 1,
    "pid": 16021,
    "index": 32
  },
  {
    "name": "Load extend/response.js",
    "start": 1569330647073,
    "end": 1569330647075,
    "duration": 2,
    "pid": 16021,
    "index": 33
  },
  {
    "name": "Require(28) node_modules/_egg@2.23.0@egg/app/extend/response.js",
    "start": 1569330647074,
    "end": 1569330647074,
    "duration": 0,
    "pid": 16021,
    "index": 34
  },
  {
    "name": "Load extend/context.js",
    "start": 1569330647075,
    "end": 1569330647122,
    "duration": 47,
    "pid": 16021,
    "index": 35
  },
  {
    "name": "Require(29) node_modules/_egg-security@2.6.1@egg-security/app/extend/context.js",
    "start": 1569330647075,
    "end": 1569330647080,
    "duration": 5,
    "pid": 16021,
    "index": 36
  },
  {
    "name": "Require(30) node_modules/_egg-jsonp@2.0.0@egg-jsonp/app/extend/context.js",
    "start": 1569330647080,
    "end": 1569330647081,
    "duration": 1,
    "pid": 16021,
    "index": 37
  },
  {
    "name": "Require(31) node_modules/_egg-i18n@2.1.1@egg-i18n/app/extend/context.js",
    "start": 1569330647081,
    "end": 1569330647081,
    "duration": 0,
    "pid": 16021,
    "index": 38
  },
  {
    "name": "Require(32) node_modules/_egg-multipart@2.9.0@egg-multipart/app/extend/context.js",
    "start": 1569330647081,
    "end": 1569330647118,
    "duration": 37,
    "pid": 16021,
    "index": 39
  },
  {
    "name": "Require(33) node_modules/_egg-view@2.1.2@egg-view/app/extend/context.js",
    "start": 1569330647120,
    "end": 1569330647121,
    "duration": 1,
    "pid": 16021,
    "index": 40
  },
  {
    "name": "Require(34) node_modules/_egg-mongoose@3.2.0@egg-mongoose/app/extend/context.js",
    "start": 1569330647121,
    "end": 1569330647121,
    "duration": 0,
    "pid": 16021,
    "index": 41
  },
  {
    "name": "Require(35) node_modules/_egg@2.23.0@egg/app/extend/context.js",
    "start": 1569330647121,
    "end": 1569330647122,
    "duration": 1,
    "pid": 16021,
    "index": 42
  },
  {
    "name": "Load extend/helper.js",
    "start": 1569330647122,
    "end": 1569330647131,
    "duration": 9,
    "pid": 16021,
    "index": 43
  },
  {
    "name": "Require(36) node_modules/_egg-security@2.6.1@egg-security/app/extend/helper.js",
    "start": 1569330647123,
    "end": 1569330647130,
    "duration": 7,
    "pid": 16021,
    "index": 44
  },
  {
    "name": "Require(37) node_modules/_egg@2.23.0@egg/app/extend/helper.js",
    "start": 1569330647130,
    "end": 1569330647130,
    "duration": 0,
    "pid": 16021,
    "index": 45
  },
  {
    "name": "Load app.js",
    "start": 1569330647131,
    "end": 1569330647144,
    "duration": 13,
    "pid": 16021,
    "index": 46
  },
  {
    "name": "Require(38) node_modules/_egg-session@3.1.0@egg-session/app.js",
    "start": 1569330647131,
    "end": 1569330647131,
    "duration": 0,
    "pid": 16021,
    "index": 47
  },
  {
    "name": "Require(39) node_modules/_egg-security@2.6.1@egg-security/app.js",
    "start": 1569330647132,
    "end": 1569330647132,
    "duration": 0,
    "pid": 16021,
    "index": 48
  },
  {
    "name": "Require(40) node_modules/_egg-onerror@2.1.0@egg-onerror/app.js",
    "start": 1569330647132,
    "end": 1569330647136,
    "duration": 4,
    "pid": 16021,
    "index": 49
  },
  {
    "name": "Require(41) node_modules/_egg-i18n@2.1.1@egg-i18n/app.js",
    "start": 1569330647137,
    "end": 1569330647139,
    "duration": 2,
    "pid": 16021,
    "index": 50
  },
  {
    "name": "Require(42) node_modules/_egg-watcher@3.1.0@egg-watcher/app.js",
    "start": 1569330647139,
    "end": 1569330647140,
    "duration": 1,
    "pid": 16021,
    "index": 51
  },
  {
    "name": "Require(43) node_modules/_egg-schedule@3.6.4@egg-schedule/app.js",
    "start": 1569330647141,
    "end": 1569330647141,
    "duration": 0,
    "pid": 16021,
    "index": 52
  },
  {
    "name": "Require(44) node_modules/_egg-multipart@2.9.0@egg-multipart/app.js",
    "start": 1569330647141,
    "end": 1569330647142,
    "duration": 1,
    "pid": 16021,
    "index": 53
  },
  {
    "name": "Require(45) node_modules/_egg-development@2.4.3@egg-development/app.js",
    "start": 1569330647142,
    "end": 1569330647143,
    "duration": 1,
    "pid": 16021,
    "index": 54
  },
  {
    "name": "Require(46) node_modules/_egg-logrotator@3.1.0@egg-logrotator/app.js",
    "start": 1569330647143,
    "end": 1569330647143,
    "duration": 0,
    "pid": 16021,
    "index": 55
  },
  {
    "name": "Require(47) node_modules/_egg-static@2.2.0@egg-static/app.js",
    "start": 1569330647143,
    "end": 1569330647143,
    "duration": 0,
    "pid": 16021,
    "index": 56
  },
  {
    "name": "Require(48) node_modules/_egg-mongoose@3.2.0@egg-mongoose/app.js",
    "start": 1569330647143,
    "end": 1569330647143,
    "duration": 0,
    "pid": 16021,
    "index": 57
  },
  {
    "name": "Require(49) node_modules/_egg-jwt@3.1.6@egg-jwt/app.js",
    "start": 1569330647143,
    "end": 1569330647143,
    "duration": 0,
    "pid": 16021,
    "index": 58
  },
  {
    "name": "Before Start in node_modules/_egg-watcher@3.1.0@egg-watcher/lib/init.js:15:14",
    "start": 1569330647153,
    "end": 1569330647480,
    "duration": 327,
    "pid": 16021,
    "index": 59
  },
  {
    "name": "Before Start in node_modules/_egg-mongoose@3.2.0@egg-mongoose/lib/mongoose.js:91:7",
    "start": 1569330647366,
    "end": 1569330647477,
    "duration": 111,
    "pid": 16021,
    "index": 60
  },
  {
    "name": "Before Start in node_modules/_egg-mongoose@3.2.0@egg-mongoose/lib/mongoose.js:49:9",
    "start": 1569330647366,
    "end": 1569330647458,
    "duration": 92,
    "pid": 16021,
    "index": 61
  },
  {
    "name": "Load Service",
    "start": 1569330647366,
    "end": 1569330647395,
    "duration": 29,
    "pid": 16021,
    "index": 62
  },
  {
    "name": "Load \"service\" to Context",
    "start": 1569330647366,
    "end": 1569330647395,
    "duration": 29,
    "pid": 16021,
    "index": 63
  },
  {
    "name": "Load Middleware",
    "start": 1569330647395,
    "end": 1569330647430,
    "duration": 35,
    "pid": 16021,
    "index": 64
  },
  {
    "name": "Load \"middlewares\" to Application",
    "start": 1569330647395,
    "end": 1569330647424,
    "duration": 29,
    "pid": 16021,
    "index": 65
  },
  {
    "name": "Load Controller",
    "start": 1569330647430,
    "end": 1569330647436,
    "duration": 6,
    "pid": 16021,
    "index": 66
  },
  {
    "name": "Load \"controller\" to Application",
    "start": 1569330647430,
    "end": 1569330647436,
    "duration": 6,
    "pid": 16021,
    "index": 67
  },
  {
    "name": "Load Router",
    "start": 1569330647436,
    "end": 1569330647439,
    "duration": 3,
    "pid": 16021,
    "index": 68
  },
  {
    "name": "Require(50) app/router.js",
    "start": 1569330647437,
    "end": 1569330647437,
    "duration": 0,
    "pid": 16021,
    "index": 69
  },
  {
    "name": "Before Start in node_modules/_egg-core@4.17.3@egg-core/lib/egg.js:303:10",
    "start": 1569330647437,
    "end": 1569330647458,
    "duration": 21,
    "pid": 16021,
    "index": 70
  },
  {
    "name": "Load \"model\" to Application",
    "start": 1569330647448,
    "end": 1569330647458,
    "duration": 10,
    "pid": 16021,
    "index": 71
  }
]