[
  {
    "name": "Application Start",
    "start": 1569330325925,
    "end": 1569330326438,
    "duration": 513,
    "pid": 15857,
    "index": 0
  },
  {
    "name": "Load Plugin",
    "start": 1569330325928,
    "end": 1569330325935,
    "duration": 7,
    "pid": 15857,
    "index": 1
  },
  {
    "name": "Load Config",
    "start": 1569330325935,
    "end": 1569330325947,
    "duration": 12,
    "pid": 15857,
    "index": 2
  },
  {
    "name": "Require(0) config/config.default.js",
    "start": 1569330325936,
    "end": 1569330325936,
    "duration": 0,
    "pid": 15857,
    "index": 3
  },
  {
    "name": "Require(1) node_modules/_egg-session@3.1.0@egg-session/config/config.default.js",
    "start": 1569330325937,
    "end": 1569330325937,
    "duration": 0,
    "pid": 15857,
    "index": 4
  },
  {
    "name": "Require(2) node_modules/_egg-security@2.6.1@egg-security/config/config.default.js",
    "start": 1569330325937,
    "end": 1569330325938,
    "duration": 1,
    "pid": 15857,
    "index": 5
  },
  {
    "name": "Require(3) node_modules/_egg-jsonp@2.0.0@egg-jsonp/config/config.default.js",
    "start": 1569330325939,
    "end": 1569330325941,
    "duration": 2,
    "pid": 15857,
    "index": 6
  },
  {
    "name": "Require(4) node_modules/_egg-onerror@2.1.0@egg-onerror/config/config.default.js",
    "start": 1569330325941,
    "end": 1569330325941,
    "duration": 0,
    "pid": 15857,
    "index": 7
  },
  {
    "name": "Require(5) node_modules/_egg-i18n@2.1.1@egg-i18n/config/config.default.js",
    "start": 1569330325941,
    "end": 1569330325941,
    "duration": 0,
    "pid": 15857,
    "index": 8
  },
  {
    "name": "Require(6) node_modules/_egg-watcher@3.1.0@egg-watcher/config/config.default.js",
    "start": 1569330325941,
    "end": 1569330325942,
    "duration": 1,
    "pid": 15857,
    "index": 9
  },
  {
    "name": "Require(7) node_modules/_egg-schedule@3.6.4@egg-schedule/config/config.default.js",
    "start": 1569330325942,
    "end": 1569330325942,
    "duration": 0,
    "pid": 15857,
    "index": 10
  },
  {
    "name": "Require(8) node_modules/_egg-multipart@2.9.0@egg-multipart/config/config.default.js",
    "start": 1569330325942,
    "end": 1569330325942,
    "duration": 0,
    "pid": 15857,
    "index": 11
  },
  {
    "name": "Require(9) node_modules/_egg-development@2.4.3@egg-development/config/config.default.js",
    "start": 1569330325943,
    "end": 1569330325943,
    "duration": 0,
    "pid": 15857,
    "index": 12
  },
  {
    "name": "Require(10) node_modules/_egg-logrotator@3.1.0@egg-logrotator/config/config.default.js",
    "start": 1569330325943,
    "end": 1569330325943,
    "duration": 0,
    "pid": 15857,
    "index": 13
  },
  {
    "name": "Require(11) node_modules/_egg-static@2.2.0@egg-static/config/config.default.js",
    "start": 1569330325943,
    "end": 1569330325944,
    "duration": 1,
    "pid": 15857,
    "index": 14
  },
  {
    "name": "Require(12) node_modules/_egg-view@2.1.2@egg-view/config/config.default.js",
    "start": 1569330325944,
    "end": 1569330325944,
    "duration": 0,
    "pid": 15857,
    "index": 15
  },
  {
    "name": "Require(13) node_modules/_egg-mongoose@3.2.0@egg-mongoose/config/config.default.js",
    "start": 1569330325944,
    "end": 1569330325944,
    "duration": 0,
    "pid": 15857,
    "index": 16
  },
  {
    "name": "Require(14) node_modules/_egg@2.23.0@egg/config/config.default.js",
    "start": 1569330325944,
    "end": 1569330325945,
    "duration": 1,
    "pid": 15857,
    "index": 17
  },
  {
    "name": "Require(15) config/config.default.js",
    "start": 1569330325946,
    "end": 1569330325946,
    "duration": 0,
    "pid": 15857,
    "index": 18
  },
  {
    "name": "Require(16) node_modules/_egg-security@2.6.1@egg-security/config/config.local.js",
    "start": 1569330325946,
    "end": 1569330325946,
    "duration": 0,
    "pid": 15857,
    "index": 19
  },
  {
    "name": "Require(17) node_modules/_egg-watcher@3.1.0@egg-watcher/config/config.local.js",
    "start": 1569330325946,
    "end": 1569330325946,
    "duration": 0,
    "pid": 15857,
    "index": 20
  },
  {
    "name": "Require(18) node_modules/_egg-view@2.1.2@egg-view/config/config.local.js",
    "start": 1569330325947,
    "end": 1569330325947,
    "duration": 0,
    "pid": 15857,
    "index": 21
  },
  {
    "name": "Require(19) node_modules/_egg@2.23.0@egg/config/config.local.js",
    "start": 1569330325947,
    "end": 1569330325947,
    "duration": 0,
    "pid": 15857,
    "index": 22
  },
  {
    "name": "Load extend/application.js",
    "start": 1569330325948,
    "end": 1569330325953,
    "duration": 5,
    "pid": 15857,
    "index": 23
  },
  {
    "name": "Require(20) node_modules/_egg-session@3.1.0@egg-session/app/extend/application.js",
    "start": 1569330325949,
    "end": 1569330325949,
    "duration": 0,
    "pid": 15857,
    "index": 24
  },
  {
    "name": "Require(21) node_modules/_egg-security@2.6.1@egg-security/app/extend/application.js",
    "start": 1569330325949,
    "end": 1569330325950,
    "duration": 1,
    "pid": 15857,
    "index": 25
  },
  {
    "name": "Require(22) node_modules/_egg-jsonp@2.0.0@egg-jsonp/app/extend/application.js",
    "start": 1569330325950,
    "end": 1569330325950,
    "duration": 0,
    "pid": 15857,
    "index": 26
  },
  {
    "name": "Require(23) node_modules/_egg-logrotator@3.1.0@egg-logrotator/app/extend/application.js",
    "start": 1569330325951,
    "end": 1569330325951,
    "duration": 0,
    "pid": 15857,
    "index": 27
  },
  {
    "name": "Require(24) node_modules/_egg-view@2.1.2@egg-view/app/extend/application.js",
    "start": 1569330325952,
    "end": 1569330325952,
    "duration": 0,
    "pid": 15857,
    "index": 28
  },
  {
    "name": "Load extend/request.js",
    "start": 1569330325953,
    "end": 1569330325955,
    "duration": 2,
    "pid": 15857,
    "index": 29
  },
  {
    "name": "Require(25) node_modules/_egg@2.23.0@egg/app/extend/request.js",
    "start": 1569330325953,
    "end": 1569330325954,
    "duration": 1,
    "pid": 15857,
    "index": 30
  },
  {
    "name": "Load extend/response.js",
    "start": 1569330325955,
    "end": 1569330325956,
    "duration": 1,
    "pid": 15857,
    "index": 31
  },
  {
    "name": "Require(26) node_modules/_egg@2.23.0@egg/app/extend/response.js",
    "start": 1569330325955,
    "end": 1569330325956,
    "duration": 1,
    "pid": 15857,
    "index": 32
  },
  {
    "name": "Load extend/context.js",
    "start": 1569330325956,
    "end": 1569330325997,
    "duration": 41,
    "pid": 15857,
    "index": 33
  },
  {
    "name": "Require(27) node_modules/_egg-security@2.6.1@egg-security/app/extend/context.js",
    "start": 1569330325957,
    "end": 1569330325963,
    "duration": 6,
    "pid": 15857,
    "index": 34
  },
  {
    "name": "Require(28) node_modules/_egg-jsonp@2.0.0@egg-jsonp/app/extend/context.js",
    "start": 1569330325963,
    "end": 1569330325963,
    "duration": 0,
    "pid": 15857,
    "index": 35
  },
  {
    "name": "Require(29) node_modules/_egg-i18n@2.1.1@egg-i18n/app/extend/context.js",
    "start": 1569330325964,
    "end": 1569330325964,
    "duration": 0,
    "pid": 15857,
    "index": 36
  },
  {
    "name": "Require(30) node_modules/_egg-multipart@2.9.0@egg-multipart/app/extend/context.js",
    "start": 1569330325964,
    "end": 1569330325995,
    "duration": 31,
    "pid": 15857,
    "index": 37
  },
  {
    "name": "Require(31) node_modules/_egg-view@2.1.2@egg-view/app/extend/context.js",
    "start": 1569330325995,
    "end": 1569330325995,
    "duration": 0,
    "pid": 15857,
    "index": 38
  },
  {
    "name": "Require(32) node_modules/_egg-mongoose@3.2.0@egg-mongoose/app/extend/context.js",
    "start": 1569330325995,
    "end": 1569330325996,
    "duration": 1,
    "pid": 15857,
    "index": 39
  },
  {
    "name": "Require(33) node_modules/_egg@2.23.0@egg/app/extend/context.js",
    "start": 1569330325996,
    "end": 1569330325996,
    "duration": 0,
    "pid": 15857,
    "index": 40
  },
  {
    "name": "Load extend/helper.js",
    "start": 1569330325997,
    "end": 1569330326005,
    "duration": 8,
    "pid": 15857,
    "index": 41
  },
  {
    "name": "Require(34) node_modules/_egg-security@2.6.1@egg-security/app/extend/helper.js",
    "start": 1569330325997,
    "end": 1569330326004,
    "duration": 7,
    "pid": 15857,
    "index": 42
  },
  {
    "name": "Require(35) node_modules/_egg@2.23.0@egg/app/extend/helper.js",
    "start": 1569330326004,
    "end": 1569330326004,
    "duration": 0,
    "pid": 15857,
    "index": 43
  },
  {
    "name": "Load app.js",
    "start": 1569330326005,
    "end": 1569330326020,
    "duration": 15,
    "pid": 15857,
    "index": 44
  },
  {
    "name": "Require(36) node_modules/_egg-session@3.1.0@egg-session/app.js",
    "start": 1569330326005,
    "end": 1569330326005,
    "duration": 0,
    "pid": 15857,
    "index": 45
  },
  {
    "name": "Require(37) node_modules/_egg-security@2.6.1@egg-security/app.js",
    "start": 1569330326006,
    "end": 1569330326006,
    "duration": 0,
    "pid": 15857,
    "index": 46
  },
  {
    "name": "Require(38) node_modules/_egg-onerror@2.1.0@egg-onerror/app.js",
    "start": 1569330326006,
    "end": 1569330326010,
    "duration": 4,
    "pid": 15857,
    "index": 47
  },
  {
    "name": "Require(39) node_modules/_egg-i18n@2.1.1@egg-i18n/app.js",
    "start": 1569330326010,
    "end": 1569330326013,
    "duration": 3,
    "pid": 15857,
    "index": 48
  },
  {
    "name": "Require(40) node_modules/_egg-watcher@3.1.0@egg-watcher/app.js",
    "start": 1569330326015,
    "end": 1569330326017,
    "duration": 2,
    "pid": 15857,
    "index": 49
  },
  {
    "name": "Require(41) node_modules/_egg-schedule@3.6.4@egg-schedule/app.js",
    "start": 1569330326017,
    "end": 1569330326017,
    "duration": 0,
    "pid": 15857,
    "index": 50
  },
  {
    "name": "Require(42) node_modules/_egg-multipart@2.9.0@egg-multipart/app.js",
    "start": 1569330326018,
    "end": 1569330326019,
    "duration": 1,
    "pid": 15857,
    "index": 51
  },
  {
    "name": "Require(43) node_modules/_egg-development@2.4.3@egg-development/app.js",
    "start": 1569330326019,
    "end": 1569330326019,
    "duration": 0,
    "pid": 15857,
    "index": 52
  },
  {
    "name": "Require(44) node_modules/_egg-logrotator@3.1.0@egg-logrotator/app.js",
    "start": 1569330326019,
    "end": 1569330326019,
    "duration": 0,
    "pid": 15857,
    "index": 53
  },
  {
    "name": "Require(45) node_modules/_egg-static@2.2.0@egg-static/app.js",
    "start": 1569330326019,
    "end": 1569330326020,
    "duration": 1,
    "pid": 15857,
    "index": 54
  },
  {
    "name": "Require(46) node_modules/_egg-mongoose@3.2.0@egg-mongoose/app.js",
    "start": 1569330326020,
    "end": 1569330326020,
    "duration": 0,
    "pid": 15857,
    "index": 55
  },
  {
    "name": "Before Start in node_modules/_egg-watcher@3.1.0@egg-watcher/lib/init.js:15:14",
    "start": 1569330326031,
    "end": 1569330326437,
    "duration": 406,
    "pid": 15857,
    "index": 56
  },
  {
    "name": "Before Start in node_modules/_egg-mongoose@3.2.0@egg-mongoose/lib/mongoose.js:91:7",
    "start": 1569330326282,
    "end": 1569330326431,
    "duration": 149,
    "pid": 15857,
    "index": 57
  },
  {
    "name": "Before Start in node_modules/_egg-mongoose@3.2.0@egg-mongoose/lib/mongoose.js:49:9",
    "start": 1569330326283,
    "end": 1569330326397,
    "duration": 114,
    "pid": 15857,
    "index": 58
  },
  {
    "name": "Load Service",
    "start": 1569330326283,
    "end": 1569330326321,
    "duration": 38,
    "pid": 15857,
    "index": 59
  },
  {
    "name": "Load \"service\" to Context",
    "start": 1569330326283,
    "end": 1569330326321,
    "duration": 38,
    "pid": 15857,
    "index": 60
  },
  {
    "name": "Load Middleware",
    "start": 1569330326321,
    "end": 1569330326364,
    "duration": 43,
    "pid": 15857,
    "index": 61
  },
  {
    "name": "Load \"middlewares\" to Application",
    "start": 1569330326322,
    "end": 1569330326359,
    "duration": 37,
    "pid": 15857,
    "index": 62
  },
  {
    "name": "Load Controller",
    "start": 1569330326364,
    "end": 1569330326370,
    "duration": 6,
    "pid": 15857,
    "index": 63
  },
  {
    "name": "Load \"controller\" to Application",
    "start": 1569330326365,
    "end": 1569330326370,
    "duration": 5,
    "pid": 15857,
    "index": 64
  },
  {
    "name": "Load Router",
    "start": 1569330326370,
    "end": 1569330326372,
    "duration": 2,
    "pid": 15857,
    "index": 65
  },
  {
    "name": "Require(47) app/router.js",
    "start": 1569330326370,
    "end": 1569330326371,
    "duration": 1,
    "pid": 15857,
    "index": 66
  },
  {
    "name": "Before Start in node_modules/_egg-core@4.17.3@egg-core/lib/egg.js:303:10",
    "start": 1569330326371,
    "end": 1569330326397,
    "duration": 26,
    "pid": 15857,
    "index": 67
  },
  {
    "name": "Load \"model\" to Application",
    "start": 1569330326383,
    "end": 1569330326396,
    "duration": 13,
    "pid": 15857,
    "index": 68
  }
]