[
  {
    "name": "Application Start",
    "start": 1569330717774,
    "end": 1569330718248,
    "duration": 474,
    "pid": 16052,
    "index": 0
  },
  {
    "name": "Load Plugin",
    "start": 1569330717778,
    "end": 1569330717786,
    "duration": 8,
    "pid": 16052,
    "index": 1
  },
  {
    "name": "Load Config",
    "start": 1569330717786,
    "end": 1569330717798,
    "duration": 12,
    "pid": 16052,
    "index": 2
  },
  {
    "name": "Require(0) config/config.default.js",
    "start": 1569330717786,
    "end": 1569330717787,
    "duration": 1,
    "pid": 16052,
    "index": 3
  },
  {
    "name": "Require(1) node_modules/_egg-session@3.1.0@egg-session/config/config.default.js",
    "start": 1569330717788,
    "end": 1569330717788,
    "duration": 0,
    "pid": 16052,
    "index": 4
  },
  {
    "name": "Require(2) node_modules/_egg-security@2.6.1@egg-security/config/config.default.js",
    "start": 1569330717788,
    "end": 1569330717788,
    "duration": 0,
    "pid": 16052,
    "index": 5
  },
  {
    "name": "Require(3) node_modules/_egg-jsonp@2.0.0@egg-jsonp/config/config.default.js",
    "start": 1569330717789,
    "end": 1569330717791,
    "duration": 2,
    "pid": 16052,
    "index": 6
  },
  {
    "name": "Require(4) node_modules/_egg-onerror@2.1.0@egg-onerror/config/config.default.js",
    "start": 1569330717791,
    "end": 1569330717791,
    "duration": 0,
    "pid": 16052,
    "index": 7
  },
  {
    "name": "Require(5) node_modules/_egg-i18n@2.1.1@egg-i18n/config/config.default.js",
    "start": 1569330717791,
    "end": 1569330717792,
    "duration": 1,
    "pid": 16052,
    "index": 8
  },
  {
    "name": "Require(6) node_modules/_egg-watcher@3.1.0@egg-watcher/config/config.default.js",
    "start": 1569330717792,
    "end": 1569330717792,
    "duration": 0,
    "pid": 16052,
    "index": 9
  },
  {
    "name": "Require(7) node_modules/_egg-schedule@3.6.4@egg-schedule/config/config.default.js",
    "start": 1569330717792,
    "end": 1569330717792,
    "duration": 0,
    "pid": 16052,
    "index": 10
  },
  {
    "name": "Require(8) node_modules/_egg-multipart@2.9.0@egg-multipart/config/config.default.js",
    "start": 1569330717792,
    "end": 1569330717793,
    "duration": 1,
    "pid": 16052,
    "index": 11
  },
  {
    "name": "Require(9) node_modules/_egg-development@2.4.3@egg-development/config/config.default.js",
    "start": 1569330717793,
    "end": 1569330717793,
    "duration": 0,
    "pid": 16052,
    "index": 12
  },
  {
    "name": "Require(10) node_modules/_egg-logrotator@3.1.0@egg-logrotator/config/config.default.js",
    "start": 1569330717793,
    "end": 1569330717793,
    "duration": 0,
    "pid": 16052,
    "index": 13
  },
  {
    "name": "Require(11) node_modules/_egg-static@2.2.0@egg-static/config/config.default.js",
    "start": 1569330717794,
    "end": 1569330717794,
    "duration": 0,
    "pid": 16052,
    "index": 14
  },
  {
    "name": "Require(12) node_modules/_egg-view@2.1.2@egg-view/config/config.default.js",
    "start": 1569330717794,
    "end": 1569330717794,
    "duration": 0,
    "pid": 16052,
    "index": 15
  },
  {
    "name": "Require(13) node_modules/_egg-mongoose@3.2.0@egg-mongoose/config/config.default.js",
    "start": 1569330717794,
    "end": 1569330717795,
    "duration": 1,
    "pid": 16052,
    "index": 16
  },
  {
    "name": "Require(14) node_modules/_egg-jwt@3.1.6@egg-jwt/config/config.default.js",
    "start": 1569330717795,
    "end": 1569330717795,
    "duration": 0,
    "pid": 16052,
    "index": 17
  },
  {
    "name": "Require(15) node_modules/_egg@2.23.0@egg/config/config.default.js",
    "start": 1569330717795,
    "end": 1569330717795,
    "duration": 0,
    "pid": 16052,
    "index": 18
  },
  {
    "name": "Require(16) config/config.default.js",
    "start": 1569330717796,
    "end": 1569330717796,
    "duration": 0,
    "pid": 16052,
    "index": 19
  },
  {
    "name": "Require(17) node_modules/_egg-security@2.6.1@egg-security/config/config.local.js",
    "start": 1569330717797,
    "end": 1569330717797,
    "duration": 0,
    "pid": 16052,
    "index": 20
  },
  {
    "name": "Require(18) node_modules/_egg-watcher@3.1.0@egg-watcher/config/config.local.js",
    "start": 1569330717797,
    "end": 1569330717797,
    "duration": 0,
    "pid": 16052,
    "index": 21
  },
  {
    "name": "Require(19) node_modules/_egg-view@2.1.2@egg-view/config/config.local.js",
    "start": 1569330717797,
    "end": 1569330717797,
    "duration": 0,
    "pid": 16052,
    "index": 22
  },
  {
    "name": "Require(20) node_modules/_egg@2.23.0@egg/config/config.local.js",
    "start": 1569330717798,
    "end": 1569330717798,
    "duration": 0,
    "pid": 16052,
    "index": 23
  },
  {
    "name": "Load extend/application.js",
    "start": 1569330717799,
    "end": 1569330717825,
    "duration": 26,
    "pid": 16052,
    "index": 24
  },
  {
    "name": "Require(21) node_modules/_egg-session@3.1.0@egg-session/app/extend/application.js",
    "start": 1569330717799,
    "end": 1569330717800,
    "duration": 1,
    "pid": 16052,
    "index": 25
  },
  {
    "name": "Require(22) node_modules/_egg-security@2.6.1@egg-security/app/extend/application.js",
    "start": 1569330717800,
    "end": 1569330717800,
    "duration": 0,
    "pid": 16052,
    "index": 26
  },
  {
    "name": "Require(23) node_modules/_egg-jsonp@2.0.0@egg-jsonp/app/extend/application.js",
    "start": 1569330717800,
    "end": 1569330717801,
    "duration": 1,
    "pid": 16052,
    "index": 27
  },
  {
    "name": "Require(24) node_modules/_egg-logrotator@3.1.0@egg-logrotator/app/extend/application.js",
    "start": 1569330717801,
    "end": 1569330717802,
    "duration": 1,
    "pid": 16052,
    "index": 28
  },
  {
    "name": "Require(25) node_modules/_egg-view@2.1.2@egg-view/app/extend/application.js",
    "start": 1569330717802,
    "end": 1569330717803,
    "duration": 1,
    "pid": 16052,
    "index": 29
  },
  {
    "name": "Require(26) node_modules/_egg-jwt@3.1.6@egg-jwt/app/extend/application.js",
    "start": 1569330717803,
    "end": 1569330717824,
    "duration": 21,
    "pid": 16052,
    "index": 30
  },
  {
    "name": "Load extend/request.js",
    "start": 1569330717825,
    "end": 1569330717827,
    "duration": 2,
    "pid": 16052,
    "index": 31
  },
  {
    "name": "Require(27) node_modules/_egg@2.23.0@egg/app/extend/request.js",
    "start": 1569330717826,
    "end": 1569330717826,
    "duration": 0,
    "pid": 16052,
    "index": 32
  },
  {
    "name": "Load extend/response.js",
    "start": 1569330717827,
    "end": 1569330717828,
    "duration": 1,
    "pid": 16052,
    "index": 33
  },
  {
    "name": "Require(28) node_modules/_egg@2.23.0@egg/app/extend/response.js",
    "start": 1569330717827,
    "end": 1569330717828,
    "duration": 1,
    "pid": 16052,
    "index": 34
  },
  {
    "name": "Load extend/context.js",
    "start": 1569330717828,
    "end": 1569330717871,
    "duration": 43,
    "pid": 16052,
    "index": 35
  },
  {
    "name": "Require(29) node_modules/_egg-security@2.6.1@egg-security/app/extend/context.js",
    "start": 1569330717828,
    "end": 1569330717833,
    "duration": 5,
    "pid": 16052,
    "index": 36
  },
  {
    "name": "Require(30) node_modules/_egg-jsonp@2.0.0@egg-jsonp/app/extend/context.js",
    "start": 1569330717833,
    "end": 1569330717834,
    "duration": 1,
    "pid": 16052,
    "index": 37
  },
  {
    "name": "Require(31) node_modules/_egg-i18n@2.1.1@egg-i18n/app/extend/context.js",
    "start": 1569330717834,
    "end": 1569330717835,
    "duration": 1,
    "pid": 16052,
    "index": 38
  },
  {
    "name": "Require(32) node_modules/_egg-multipart@2.9.0@egg-multipart/app/extend/context.js",
    "start": 1569330717835,
    "end": 1569330717867,
    "duration": 32,
    "pid": 16052,
    "index": 39
  },
  {
    "name": "Require(33) node_modules/_egg-view@2.1.2@egg-view/app/extend/context.js",
    "start": 1569330717869,
    "end": 1569330717869,
    "duration": 0,
    "pid": 16052,
    "index": 40
  },
  {
    "name": "Require(34) node_modules/_egg-mongoose@3.2.0@egg-mongoose/app/extend/context.js",
    "start": 1569330717870,
    "end": 1569330717870,
    "duration": 0,
    "pid": 16052,
    "index": 41
  },
  {
    "name": "Require(35) node_modules/_egg@2.23.0@egg/app/extend/context.js",
    "start": 1569330717870,
    "end": 1569330717871,
    "duration": 1,
    "pid": 16052,
    "index": 42
  },
  {
    "name": "Load extend/helper.js",
    "start": 1569330717871,
    "end": 1569330717880,
    "duration": 9,
    "pid": 16052,
    "index": 43
  },
  {
    "name": "Require(36) node_modules/_egg-security@2.6.1@egg-security/app/extend/helper.js",
    "start": 1569330717871,
    "end": 1569330717879,
    "duration": 8,
    "pid": 16052,
    "index": 44
  },
  {
    "name": "Require(37) node_modules/_egg@2.23.0@egg/app/extend/helper.js",
    "start": 1569330717879,
    "end": 1569330717879,
    "duration": 0,
    "pid": 16052,
    "index": 45
  },
  {
    "name": "Load app.js",
    "start": 1569330717880,
    "end": 1569330717893,
    "duration": 13,
    "pid": 16052,
    "index": 46
  },
  {
    "name": "Require(38) node_modules/_egg-session@3.1.0@egg-session/app.js",
    "start": 1569330717880,
    "end": 1569330717880,
    "duration": 0,
    "pid": 16052,
    "index": 47
  },
  {
    "name": "Require(39) node_modules/_egg-security@2.6.1@egg-security/app.js",
    "start": 1569330717881,
    "end": 1569330717881,
    "duration": 0,
    "pid": 16052,
    "index": 48
  },
  {
    "name": "Require(40) node_modules/_egg-onerror@2.1.0@egg-onerror/app.js",
    "start": 1569330717881,
    "end": 1569330717885,
    "duration": 4,
    "pid": 16052,
    "index": 49
  },
  {
    "name": "Require(41) node_modules/_egg-i18n@2.1.1@egg-i18n/app.js",
    "start": 1569330717885,
    "end": 1569330717888,
    "duration": 3,
    "pid": 16052,
    "index": 50
  },
  {
    "name": "Require(42) node_modules/_egg-watcher@3.1.0@egg-watcher/app.js",
    "start": 1569330717888,
    "end": 1569330717889,
    "duration": 1,
    "pid": 16052,
    "index": 51
  },
  {
    "name": "Require(43) node_modules/_egg-schedule@3.6.4@egg-schedule/app.js",
    "start": 1569330717889,
    "end": 1569330717890,
    "duration": 1,
    "pid": 16052,
    "index": 52
  },
  {
    "name": "Require(44) node_modules/_egg-multipart@2.9.0@egg-multipart/app.js",
    "start": 1569330717890,
    "end": 1569330717891,
    "duration": 1,
    "pid": 16052,
    "index": 53
  },
  {
    "name": "Require(45) node_modules/_egg-development@2.4.3@egg-development/app.js",
    "start": 1569330717891,
    "end": 1569330717891,
    "duration": 0,
    "pid": 16052,
    "index": 54
  },
  {
    "name": "Require(46) node_modules/_egg-logrotator@3.1.0@egg-logrotator/app.js",
    "start": 1569330717891,
    "end": 1569330717892,
    "duration": 1,
    "pid": 16052,
    "index": 55
  },
  {
    "name": "Require(47) node_modules/_egg-static@2.2.0@egg-static/app.js",
    "start": 1569330717892,
    "end": 1569330717892,
    "duration": 0,
    "pid": 16052,
    "index": 56
  },
  {
    "name": "Require(48) node_modules/_egg-mongoose@3.2.0@egg-mongoose/app.js",
    "start": 1569330717892,
    "end": 1569330717892,
    "duration": 0,
    "pid": 16052,
    "index": 57
  },
  {
    "name": "Require(49) node_modules/_egg-jwt@3.1.6@egg-jwt/app.js",
    "start": 1569330717892,
    "end": 1569330717892,
    "duration": 0,
    "pid": 16052,
    "index": 58
  },
  {
    "name": "Before Start in node_modules/_egg-watcher@3.1.0@egg-watcher/lib/init.js:15:14",
    "start": 1569330717901,
    "end": 1569330718243,
    "duration": 342,
    "pid": 16052,
    "index": 59
  },
  {
    "name": "Before Start in node_modules/_egg-mongoose@3.2.0@egg-mongoose/lib/mongoose.js:91:7",
    "start": 1569330718124,
    "end": 1569330718240,
    "duration": 116,
    "pid": 16052,
    "index": 60
  },
  {
    "name": "Before Start in node_modules/_egg-mongoose@3.2.0@egg-mongoose/lib/mongoose.js:49:9",
    "start": 1569330718125,
    "end": 1569330718221,
    "duration": 96,
    "pid": 16052,
    "index": 61
  },
  {
    "name": "Load Service",
    "start": 1569330718125,
    "end": 1569330718154,
    "duration": 29,
    "pid": 16052,
    "index": 62
  },
  {
    "name": "Load \"service\" to Context",
    "start": 1569330718125,
    "end": 1569330718154,
    "duration": 29,
    "pid": 16052,
    "index": 63
  },
  {
    "name": "Load Middleware",
    "start": 1569330718155,
    "end": 1569330718195,
    "duration": 40,
    "pid": 16052,
    "index": 64
  },
  {
    "name": "Load \"middlewares\" to Application",
    "start": 1569330718155,
    "end": 1569330718189,
    "duration": 34,
    "pid": 16052,
    "index": 65
  },
  {
    "name": "Load Controller",
    "start": 1569330718195,
    "end": 1569330718199,
    "duration": 4,
    "pid": 16052,
    "index": 66
  },
  {
    "name": "Load \"controller\" to Application",
    "start": 1569330718195,
    "end": 1569330718199,
    "duration": 4,
    "pid": 16052,
    "index": 67
  },
  {
    "name": "Load Router",
    "start": 1569330718199,
    "end": 1569330718201,
    "duration": 2,
    "pid": 16052,
    "index": 68
  },
  {
    "name": "Require(50) app/router.js",
    "start": 1569330718199,
    "end": 1569330718199,
    "duration": 0,
    "pid": 16052,
    "index": 69
  },
  {
    "name": "Before Start in node_modules/_egg-core@4.17.3@egg-core/lib/egg.js:303:10",
    "start": 1569330718199,
    "end": 1569330718221,
    "duration": 22,
    "pid": 16052,
    "index": 70
  },
  {
    "name": "Load \"model\" to Application",
    "start": 1569330718210,
    "end": 1569330718220,
    "duration": 10,
    "pid": 16052,
    "index": 71
  }
]