[
  {
    "name": "Application Start",
    "start": 1569332563047,
    "end": 1569332563545,
    "duration": 498,
    "pid": 16807,
    "index": 0
  },
  {
    "name": "Load Plugin",
    "start": 1569332563051,
    "end": 1569332563059,
    "duration": 8,
    "pid": 16807,
    "index": 1
  },
  {
    "name": "Load Config",
    "start": 1569332563059,
    "end": 1569332563071,
    "duration": 12,
    "pid": 16807,
    "index": 2
  },
  {
    "name": "Require(0) config/config.default.js",
    "start": 1569332563059,
    "end": 1569332563060,
    "duration": 1,
    "pid": 16807,
    "index": 3
  },
  {
    "name": "Require(1) node_modules/_egg-session@3.1.0@egg-session/config/config.default.js",
    "start": 1569332563061,
    "end": 1569332563061,
    "duration": 0,
    "pid": 16807,
    "index": 4
  },
  {
    "name": "Require(2) node_modules/_egg-security@2.6.1@egg-security/config/config.default.js",
    "start": 1569332563061,
    "end": 1569332563061,
    "duration": 0,
    "pid": 16807,
    "index": 5
  },
  {
    "name": "Require(3) node_modules/_egg-jsonp@2.0.0@egg-jsonp/config/config.default.js",
    "start": 1569332563062,
    "end": 1569332563064,
    "duration": 2,
    "pid": 16807,
    "index": 6
  },
  {
    "name": "Require(4) node_modules/_egg-onerror@2.1.0@egg-onerror/config/config.default.js",
    "start": 1569332563064,
    "end": 1569332563064,
    "duration": 0,
    "pid": 16807,
    "index": 7
  },
  {
    "name": "Require(5) node_modules/_egg-i18n@2.1.1@egg-i18n/config/config.default.js",
    "start": 1569332563065,
    "end": 1569332563065,
    "duration": 0,
    "pid": 16807,
    "index": 8
  },
  {
    "name": "Require(6) node_modules/_egg-watcher@3.1.0@egg-watcher/config/config.default.js",
    "start": 1569332563065,
    "end": 1569332563065,
    "duration": 0,
    "pid": 16807,
    "index": 9
  },
  {
    "name": "Require(7) node_modules/_egg-schedule@3.6.4@egg-schedule/config/config.default.js",
    "start": 1569332563065,
    "end": 1569332563065,
    "duration": 0,
    "pid": 16807,
    "index": 10
  },
  {
    "name": "Require(8) node_modules/_egg-multipart@2.9.0@egg-multipart/config/config.default.js",
    "start": 1569332563066,
    "end": 1569332563066,
    "duration": 0,
    "pid": 16807,
    "index": 11
  },
  {
    "name": "Require(9) node_modules/_egg-development@2.4.3@egg-development/config/config.default.js",
    "start": 1569332563066,
    "end": 1569332563066,
    "duration": 0,
    "pid": 16807,
    "index": 12
  },
  {
    "name": "Require(10) node_modules/_egg-logrotator@3.1.0@egg-logrotator/config/config.default.js",
    "start": 1569332563066,
    "end": 1569332563066,
    "duration": 0,
    "pid": 16807,
    "index": 13
  },
  {
    "name": "Require(11) node_modules/_egg-static@2.2.0@egg-static/config/config.default.js",
    "start": 1569332563067,
    "end": 1569332563067,
    "duration": 0,
    "pid": 16807,
    "index": 14
  },
  {
    "name": "Require(12) node_modules/_egg-view@2.1.2@egg-view/config/config.default.js",
    "start": 1569332563067,
    "end": 1569332563067,
    "duration": 0,
    "pid": 16807,
    "index": 15
  },
  {
    "name": "Require(13) node_modules/_egg-mongoose@3.2.0@egg-mongoose/config/config.default.js",
    "start": 1569332563067,
    "end": 1569332563067,
    "duration": 0,
    "pid": 16807,
    "index": 16
  },
  {
    "name": "Require(14) node_modules/_egg-jwt@3.1.6@egg-jwt/config/config.default.js",
    "start": 1569332563068,
    "end": 1569332563068,
    "duration": 0,
    "pid": 16807,
    "index": 17
  },
  {
    "name": "Require(15) node_modules/_egg@2.23.0@egg/config/config.default.js",
    "start": 1569332563068,
    "end": 1569332563068,
    "duration": 0,
    "pid": 16807,
    "index": 18
  },
  {
    "name": "Require(16) config/config.default.js",
    "start": 1569332563069,
    "end": 1569332563069,
    "duration": 0,
    "pid": 16807,
    "index": 19
  },
  {
    "name": "Require(17) node_modules/_egg-security@2.6.1@egg-security/config/config.local.js",
    "start": 1569332563070,
    "end": 1569332563070,
    "duration": 0,
    "pid": 16807,
    "index": 20
  },
  {
    "name": "Require(18) node_modules/_egg-watcher@3.1.0@egg-watcher/config/config.local.js",
    "start": 1569332563070,
    "end": 1569332563070,
    "duration": 0,
    "pid": 16807,
    "index": 21
  },
  {
    "name": "Require(19) node_modules/_egg-view@2.1.2@egg-view/config/config.local.js",
    "start": 1569332563070,
    "end": 1569332563071,
    "duration": 1,
    "pid": 16807,
    "index": 22
  },
  {
    "name": "Require(20) node_modules/_egg@2.23.0@egg/config/config.local.js",
    "start": 1569332563071,
    "end": 1569332563071,
    "duration": 0,
    "pid": 16807,
    "index": 23
  },
  {
    "name": "Load extend/application.js",
    "start": 1569332563073,
    "end": 1569332563102,
    "duration": 29,
    "pid": 16807,
    "index": 24
  },
  {
    "name": "Require(21) node_modules/_egg-session@3.1.0@egg-session/app/extend/application.js",
    "start": 1569332563073,
    "end": 1569332563073,
    "duration": 0,
    "pid": 16807,
    "index": 25
  },
  {
    "name": "Require(22) node_modules/_egg-security@2.6.1@egg-security/app/extend/application.js",
    "start": 1569332563074,
    "end": 1569332563074,
    "duration": 0,
    "pid": 16807,
    "index": 26
  },
  {
    "name": "Require(23) node_modules/_egg-jsonp@2.0.0@egg-jsonp/app/extend/application.js",
    "start": 1569332563074,
    "end": 1569332563075,
    "duration": 1,
    "pid": 16807,
    "index": 27
  },
  {
    "name": "Require(24) node_modules/_egg-logrotator@3.1.0@egg-logrotator/app/extend/application.js",
    "start": 1569332563075,
    "end": 1569332563076,
    "duration": 1,
    "pid": 16807,
    "index": 28
  },
  {
    "name": "Require(25) node_modules/_egg-view@2.1.2@egg-view/app/extend/application.js",
    "start": 1569332563076,
    "end": 1569332563077,
    "duration": 1,
    "pid": 16807,
    "index": 29
  },
  {
    "name": "Require(26) node_modules/_egg-jwt@3.1.6@egg-jwt/app/extend/application.js",
    "start": 1569332563077,
    "end": 1569332563101,
    "duration": 24,
    "pid": 16807,
    "index": 30
  },
  {
    "name": "Load extend/request.js",
    "start": 1569332563102,
    "end": 1569332563105,
    "duration": 3,
    "pid": 16807,
    "index": 31
  },
  {
    "name": "Require(27) node_modules/_egg@2.23.0@egg/app/extend/request.js",
    "start": 1569332563103,
    "end": 1569332563104,
    "duration": 1,
    "pid": 16807,
    "index": 32
  },
  {
    "name": "Load extend/response.js",
    "start": 1569332563105,
    "end": 1569332563107,
    "duration": 2,
    "pid": 16807,
    "index": 33
  },
  {
    "name": "Require(28) node_modules/_egg@2.23.0@egg/app/extend/response.js",
    "start": 1569332563106,
    "end": 1569332563106,
    "duration": 0,
    "pid": 16807,
    "index": 34
  },
  {
    "name": "Load extend/context.js",
    "start": 1569332563107,
    "end": 1569332563151,
    "duration": 44,
    "pid": 16807,
    "index": 35
  },
  {
    "name": "Require(29) node_modules/_egg-security@2.6.1@egg-security/app/extend/context.js",
    "start": 1569332563107,
    "end": 1569332563112,
    "duration": 5,
    "pid": 16807,
    "index": 36
  },
  {
    "name": "Require(30) node_modules/_egg-jsonp@2.0.0@egg-jsonp/app/extend/context.js",
    "start": 1569332563113,
    "end": 1569332563114,
    "duration": 1,
    "pid": 16807,
    "index": 37
  },
  {
    "name": "Require(31) node_modules/_egg-i18n@2.1.1@egg-i18n/app/extend/context.js",
    "start": 1569332563114,
    "end": 1569332563114,
    "duration": 0,
    "pid": 16807,
    "index": 38
  },
  {
    "name": "Require(32) node_modules/_egg-multipart@2.9.0@egg-multipart/app/extend/context.js",
    "start": 1569332563114,
    "end": 1569332563148,
    "duration": 34,
    "pid": 16807,
    "index": 39
  },
  {
    "name": "Require(33) node_modules/_egg-view@2.1.2@egg-view/app/extend/context.js",
    "start": 1569332563148,
    "end": 1569332563149,
    "duration": 1,
    "pid": 16807,
    "index": 40
  },
  {
    "name": "Require(34) node_modules/_egg-mongoose@3.2.0@egg-mongoose/app/extend/context.js",
    "start": 1569332563149,
    "end": 1569332563150,
    "duration": 1,
    "pid": 16807,
    "index": 41
  },
  {
    "name": "Require(35) node_modules/_egg@2.23.0@egg/app/extend/context.js",
    "start": 1569332563150,
    "end": 1569332563150,
    "duration": 0,
    "pid": 16807,
    "index": 42
  },
  {
    "name": "Load extend/helper.js",
    "start": 1569332563151,
    "end": 1569332563161,
    "duration": 10,
    "pid": 16807,
    "index": 43
  },
  {
    "name": "Require(36) node_modules/_egg-security@2.6.1@egg-security/app/extend/helper.js",
    "start": 1569332563151,
    "end": 1569332563160,
    "duration": 9,
    "pid": 16807,
    "index": 44
  },
  {
    "name": "Require(37) node_modules/_egg@2.23.0@egg/app/extend/helper.js",
    "start": 1569332563160,
    "end": 1569332563160,
    "duration": 0,
    "pid": 16807,
    "index": 45
  },
  {
    "name": "Load app.js",
    "start": 1569332563161,
    "end": 1569332563177,
    "duration": 16,
    "pid": 16807,
    "index": 46
  },
  {
    "name": "Require(38) node_modules/_egg-session@3.1.0@egg-session/app.js",
    "start": 1569332563161,
    "end": 1569332563162,
    "duration": 1,
    "pid": 16807,
    "index": 47
  },
  {
    "name": "Require(39) node_modules/_egg-security@2.6.1@egg-security/app.js",
    "start": 1569332563162,
    "end": 1569332563162,
    "duration": 0,
    "pid": 16807,
    "index": 48
  },
  {
    "name": "Require(40) node_modules/_egg-onerror@2.1.0@egg-onerror/app.js",
    "start": 1569332563162,
    "end": 1569332563168,
    "duration": 6,
    "pid": 16807,
    "index": 49
  },
  {
    "name": "Require(41) node_modules/_egg-i18n@2.1.1@egg-i18n/app.js",
    "start": 1569332563168,
    "end": 1569332563172,
    "duration": 4,
    "pid": 16807,
    "index": 50
  },
  {
    "name": "Require(42) node_modules/_egg-watcher@3.1.0@egg-watcher/app.js",
    "start": 1569332563172,
    "end": 1569332563174,
    "duration": 2,
    "pid": 16807,
    "index": 51
  },
  {
    "name": "Require(43) node_modules/_egg-schedule@3.6.4@egg-schedule/app.js",
    "start": 1569332563174,
    "end": 1569332563175,
    "duration": 1,
    "pid": 16807,
    "index": 52
  },
  {
    "name": "Require(44) node_modules/_egg-multipart@2.9.0@egg-multipart/app.js",
    "start": 1569332563175,
    "end": 1569332563176,
    "duration": 1,
    "pid": 16807,
    "index": 53
  },
  {
    "name": "Require(45) node_modules/_egg-development@2.4.3@egg-development/app.js",
    "start": 1569332563176,
    "end": 1569332563176,
    "duration": 0,
    "pid": 16807,
    "index": 54
  },
  {
    "name": "Require(46) node_modules/_egg-logrotator@3.1.0@egg-logrotator/app.js",
    "start": 1569332563176,
    "end": 1569332563176,
    "duration": 0,
    "pid": 16807,
    "index": 55
  },
  {
    "name": "Require(47) node_modules/_egg-static@2.2.0@egg-static/app.js",
    "start": 1569332563176,
    "end": 1569332563177,
    "duration": 1,
    "pid": 16807,
    "index": 56
  },
  {
    "name": "Require(48) node_modules/_egg-mongoose@3.2.0@egg-mongoose/app.js",
    "start": 1569332563177,
    "end": 1569332563177,
    "duration": 0,
    "pid": 16807,
    "index": 57
  },
  {
    "name": "Require(49) node_modules/_egg-jwt@3.1.6@egg-jwt/app.js",
    "start": 1569332563177,
    "end": 1569332563177,
    "duration": 0,
    "pid": 16807,
    "index": 58
  },
  {
    "name": "Before Start in node_modules/_egg-watcher@3.1.0@egg-watcher/lib/init.js:15:14",
    "start": 1569332563187,
    "end": 1569332563544,
    "duration": 357,
    "pid": 16807,
    "index": 59
  },
  {
    "name": "Before Start in node_modules/_egg-mongoose@3.2.0@egg-mongoose/lib/mongoose.js:91:7",
    "start": 1569332563427,
    "end": 1569332563542,
    "duration": 115,
    "pid": 16807,
    "index": 60
  },
  {
    "name": "Before Start in node_modules/_egg-mongoose@3.2.0@egg-mongoose/lib/mongoose.js:49:9",
    "start": 1569332563427,
    "end": 1569332563522,
    "duration": 95,
    "pid": 16807,
    "index": 61
  },
  {
    "name": "Load Service",
    "start": 1569332563428,
    "end": 1569332563457,
    "duration": 29,
    "pid": 16807,
    "index": 62
  },
  {
    "name": "Load \"service\" to Context",
    "start": 1569332563428,
    "end": 1569332563457,
    "duration": 29,
    "pid": 16807,
    "index": 63
  },
  {
    "name": "Load Middleware",
    "start": 1569332563457,
    "end": 1569332563494,
    "duration": 37,
    "pid": 16807,
    "index": 64
  },
  {
    "name": "Load \"middlewares\" to Application",
    "start": 1569332563457,
    "end": 1569332563489,
    "duration": 32,
    "pid": 16807,
    "index": 65
  },
  {
    "name": "Load Controller",
    "start": 1569332563494,
    "end": 1569332563498,
    "duration": 4,
    "pid": 16807,
    "index": 66
  },
  {
    "name": "Load \"controller\" to Application",
    "start": 1569332563494,
    "end": 1569332563498,
    "duration": 4,
    "pid": 16807,
    "index": 67
  },
  {
    "name": "Load Router",
    "start": 1569332563498,
    "end": 1569332563501,
    "duration": 3,
    "pid": 16807,
    "index": 68
  },
  {
    "name": "Require(50) app/router.js",
    "start": 1569332563498,
    "end": 1569332563498,
    "duration": 0,
    "pid": 16807,
    "index": 69
  },
  {
    "name": "Before Start in node_modules/_egg-core@4.17.3@egg-core/lib/egg.js:303:10",
    "start": 1569332563498,
    "end": 1569332563522,
    "duration": 24,
    "pid": 16807,
    "index": 70
  },
  {
    "name": "Load \"model\" to Application",
    "start": 1569332563510,
    "end": 1569332563521,
    "duration": 11,
    "pid": 16807,
    "index": 71
  }
]