[
  {
    "name": "Application Start",
    "start": 1569331988391,
    "end": 1569331988875,
    "duration": 484,
    "pid": 16542,
    "index": 0
  },
  {
    "name": "Load Plugin",
    "start": 1569331988395,
    "end": 1569331988402,
    "duration": 7,
    "pid": 16542,
    "index": 1
  },
  {
    "name": "Load Config",
    "start": 1569331988402,
    "end": 1569331988416,
    "duration": 14,
    "pid": 16542,
    "index": 2
  },
  {
    "name": "Require(0) config/config.default.js",
    "start": 1569331988402,
    "end": 1569331988403,
    "duration": 1,
    "pid": 16542,
    "index": 3
  },
  {
    "name": "Require(1) node_modules/_egg-session@3.1.0@egg-session/config/config.default.js",
    "start": 1569331988404,
    "end": 1569331988404,
    "duration": 0,
    "pid": 16542,
    "index": 4
  },
  {
    "name": "Require(2) node_modules/_egg-security@2.6.1@egg-security/config/config.default.js",
    "start": 1569331988404,
    "end": 1569331988404,
    "duration": 0,
    "pid": 16542,
    "index": 5
  },
  {
    "name": "Require(3) node_modules/_egg-jsonp@2.0.0@egg-jsonp/config/config.default.js",
    "start": 1569331988405,
    "end": 1569331988407,
    "duration": 2,
    "pid": 16542,
    "index": 6
  },
  {
    "name": "Require(4) node_modules/_egg-onerror@2.1.0@egg-onerror/config/config.default.js",
    "start": 1569331988407,
    "end": 1569331988407,
    "duration": 0,
    "pid": 16542,
    "index": 7
  },
  {
    "name": "Require(5) node_modules/_egg-i18n@2.1.1@egg-i18n/config/config.default.js",
    "start": 1569331988408,
    "end": 1569331988408,
    "duration": 0,
    "pid": 16542,
    "index": 8
  },
  {
    "name": "Require(6) node_modules/_egg-watcher@3.1.0@egg-watcher/config/config.default.js",
    "start": 1569331988408,
    "end": 1569331988408,
    "duration": 0,
    "pid": 16542,
    "index": 9
  },
  {
    "name": "Require(7) node_modules/_egg-schedule@3.6.4@egg-schedule/config/config.default.js",
    "start": 1569331988409,
    "end": 1569331988409,
    "duration": 0,
    "pid": 16542,
    "index": 10
  },
  {
    "name": "Require(8) node_modules/_egg-multipart@2.9.0@egg-multipart/config/config.default.js",
    "start": 1569331988409,
    "end": 1569331988409,
    "duration": 0,
    "pid": 16542,
    "index": 11
  },
  {
    "name": "Require(9) node_modules/_egg-development@2.4.3@egg-development/config/config.default.js",
    "start": 1569331988410,
    "end": 1569331988410,
    "duration": 0,
    "pid": 16542,
    "index": 12
  },
  {
    "name": "Require(10) node_modules/_egg-logrotator@3.1.0@egg-logrotator/config/config.default.js",
    "start": 1569331988410,
    "end": 1569331988410,
    "duration": 0,
    "pid": 16542,
    "index": 13
  },
  {
    "name": "Require(11) node_modules/_egg-static@2.2.0@egg-static/config/config.default.js",
    "start": 1569331988411,
    "end": 1569331988411,
    "duration": 0,
    "pid": 16542,
    "index": 14
  },
  {
    "name": "Require(12) node_modules/_egg-view@2.1.2@egg-view/config/config.default.js",
    "start": 1569331988411,
    "end": 1569331988411,
    "duration": 0,
    "pid": 16542,
    "index": 15
  },
  {
    "name": "Require(13) node_modules/_egg-mongoose@3.2.0@egg-mongoose/config/config.default.js",
    "start": 1569331988412,
    "end": 1569331988412,
    "duration": 0,
    "pid": 16542,
    "index": 16
  },
  {
    "name": "Require(14) node_modules/_egg-jwt@3.1.6@egg-jwt/config/config.default.js",
    "start": 1569331988412,
    "end": 1569331988412,
    "duration": 0,
    "pid": 16542,
    "index": 17
  },
  {
    "name": "Require(15) node_modules/_egg@2.23.0@egg/config/config.default.js",
    "start": 1569331988412,
    "end": 1569331988413,
    "duration": 1,
    "pid": 16542,
    "index": 18
  },
  {
    "name": "Require(16) config/config.default.js",
    "start": 1569331988414,
    "end": 1569331988414,
    "duration": 0,
    "pid": 16542,
    "index": 19
  },
  {
    "name": "Require(17) node_modules/_egg-security@2.6.1@egg-security/config/config.local.js",
    "start": 1569331988414,
    "end": 1569331988415,
    "duration": 1,
    "pid": 16542,
    "index": 20
  },
  {
    "name": "Require(18) node_modules/_egg-watcher@3.1.0@egg-watcher/config/config.local.js",
    "start": 1569331988415,
    "end": 1569331988415,
    "duration": 0,
    "pid": 16542,
    "index": 21
  },
  {
    "name": "Require(19) node_modules/_egg-view@2.1.2@egg-view/config/config.local.js",
    "start": 1569331988415,
    "end": 1569331988416,
    "duration": 1,
    "pid": 16542,
    "index": 22
  },
  {
    "name": "Require(20) node_modules/_egg@2.23.0@egg/config/config.local.js",
    "start": 1569331988416,
    "end": 1569331988416,
    "duration": 0,
    "pid": 16542,
    "index": 23
  },
  {
    "name": "Load extend/application.js",
    "start": 1569331988418,
    "end": 1569331988447,
    "duration": 29,
    "pid": 16542,
    "index": 24
  },
  {
    "name": "Require(21) node_modules/_egg-session@3.1.0@egg-session/app/extend/application.js",
    "start": 1569331988418,
    "end": 1569331988418,
    "duration": 0,
    "pid": 16542,
    "index": 25
  },
  {
    "name": "Require(22) node_modules/_egg-security@2.6.1@egg-security/app/extend/application.js",
    "start": 1569331988418,
    "end": 1569331988419,
    "duration": 1,
    "pid": 16542,
    "index": 26
  },
  {
    "name": "Require(23) node_modules/_egg-jsonp@2.0.0@egg-jsonp/app/extend/application.js",
    "start": 1569331988419,
    "end": 1569331988420,
    "duration": 1,
    "pid": 16542,
    "index": 27
  },
  {
    "name": "Require(24) node_modules/_egg-logrotator@3.1.0@egg-logrotator/app/extend/application.js",
    "start": 1569331988420,
    "end": 1569331988421,
    "duration": 1,
    "pid": 16542,
    "index": 28
  },
  {
    "name": "Require(25) node_modules/_egg-view@2.1.2@egg-view/app/extend/application.js",
    "start": 1569331988421,
    "end": 1569331988422,
    "duration": 1,
    "pid": 16542,
    "index": 29
  },
  {
    "name": "Require(26) node_modules/_egg-jwt@3.1.6@egg-jwt/app/extend/application.js",
    "start": 1569331988422,
    "end": 1569331988446,
    "duration": 24,
    "pid": 16542,
    "index": 30
  },
  {
    "name": "Load extend/request.js",
    "start": 1569331988447,
    "end": 1569331988448,
    "duration": 1,
    "pid": 16542,
    "index": 31
  },
  {
    "name": "Require(27) node_modules/_egg@2.23.0@egg/app/extend/request.js",
    "start": 1569331988447,
    "end": 1569331988448,
    "duration": 1,
    "pid": 16542,
    "index": 32
  },
  {
    "name": "Load extend/response.js",
    "start": 1569331988448,
    "end": 1569331988450,
    "duration": 2,
    "pid": 16542,
    "index": 33
  },
  {
    "name": "Require(28) node_modules/_egg@2.23.0@egg/app/extend/response.js",
    "start": 1569331988449,
    "end": 1569331988450,
    "duration": 1,
    "pid": 16542,
    "index": 34
  },
  {
    "name": "Load extend/context.js",
    "start": 1569331988450,
    "end": 1569331988490,
    "duration": 40,
    "pid": 16542,
    "index": 35
  },
  {
    "name": "Require(29) node_modules/_egg-security@2.6.1@egg-security/app/extend/context.js",
    "start": 1569331988450,
    "end": 1569331988454,
    "duration": 4,
    "pid": 16542,
    "index": 36
  },
  {
    "name": "Require(30) node_modules/_egg-jsonp@2.0.0@egg-jsonp/app/extend/context.js",
    "start": 1569331988455,
    "end": 1569331988455,
    "duration": 0,
    "pid": 16542,
    "index": 37
  },
  {
    "name": "Require(31) node_modules/_egg-i18n@2.1.1@egg-i18n/app/extend/context.js",
    "start": 1569331988455,
    "end": 1569331988456,
    "duration": 1,
    "pid": 16542,
    "index": 38
  },
  {
    "name": "Require(32) node_modules/_egg-multipart@2.9.0@egg-multipart/app/extend/context.js",
    "start": 1569331988456,
    "end": 1569331988485,
    "duration": 29,
    "pid": 16542,
    "index": 39
  },
  {
    "name": "Require(33) node_modules/_egg-view@2.1.2@egg-view/app/extend/context.js",
    "start": 1569331988488,
    "end": 1569331988488,
    "duration": 0,
    "pid": 16542,
    "index": 40
  },
  {
    "name": "Require(34) node_modules/_egg-mongoose@3.2.0@egg-mongoose/app/extend/context.js",
    "start": 1569331988488,
    "end": 1569331988488,
    "duration": 0,
    "pid": 16542,
    "index": 41
  },
  {
    "name": "Require(35) node_modules/_egg@2.23.0@egg/app/extend/context.js",
    "start": 1569331988489,
    "end": 1569331988489,
    "duration": 0,
    "pid": 16542,
    "index": 42
  },
  {
    "name": "Load extend/helper.js",
    "start": 1569331988490,
    "end": 1569331988498,
    "duration": 8,
    "pid": 16542,
    "index": 43
  },
  {
    "name": "Require(36) node_modules/_egg-security@2.6.1@egg-security/app/extend/helper.js",
    "start": 1569331988490,
    "end": 1569331988497,
    "duration": 7,
    "pid": 16542,
    "index": 44
  },
  {
    "name": "Require(37) node_modules/_egg@2.23.0@egg/app/extend/helper.js",
    "start": 1569331988498,
    "end": 1569331988498,
    "duration": 0,
    "pid": 16542,
    "index": 45
  },
  {
    "name": "Load app.js",
    "start": 1569331988499,
    "end": 1569331988513,
    "duration": 14,
    "pid": 16542,
    "index": 46
  },
  {
    "name": "Require(38) node_modules/_egg-session@3.1.0@egg-session/app.js",
    "start": 1569331988499,
    "end": 1569331988499,
    "duration": 0,
    "pid": 16542,
    "index": 47
  },
  {
    "name": "Require(39) node_modules/_egg-security@2.6.1@egg-security/app.js",
    "start": 1569331988499,
    "end": 1569331988500,
    "duration": 1,
    "pid": 16542,
    "index": 48
  },
  {
    "name": "Require(40) node_modules/_egg-onerror@2.1.0@egg-onerror/app.js",
    "start": 1569331988500,
    "end": 1569331988506,
    "duration": 6,
    "pid": 16542,
    "index": 49
  },
  {
    "name": "Require(41) node_modules/_egg-i18n@2.1.1@egg-i18n/app.js",
    "start": 1569331988506,
    "end": 1569331988509,
    "duration": 3,
    "pid": 16542,
    "index": 50
  },
  {
    "name": "Require(42) node_modules/_egg-watcher@3.1.0@egg-watcher/app.js",
    "start": 1569331988509,
    "end": 1569331988510,
    "duration": 1,
    "pid": 16542,
    "index": 51
  },
  {
    "name": "Require(43) node_modules/_egg-schedule@3.6.4@egg-schedule/app.js",
    "start": 1569331988510,
    "end": 1569331988511,
    "duration": 1,
    "pid": 16542,
    "index": 52
  },
  {
    "name": "Require(44) node_modules/_egg-multipart@2.9.0@egg-multipart/app.js",
    "start": 1569331988511,
    "end": 1569331988512,
    "duration": 1,
    "pid": 16542,
    "index": 53
  },
  {
    "name": "Require(45) node_modules/_egg-development@2.4.3@egg-development/app.js",
    "start": 1569331988512,
    "end": 1569331988512,
    "duration": 0,
    "pid": 16542,
    "index": 54
  },
  {
    "name": "Require(46) node_modules/_egg-logrotator@3.1.0@egg-logrotator/app.js",
    "start": 1569331988512,
    "end": 1569331988512,
    "duration": 0,
    "pid": 16542,
    "index": 55
  },
  {
    "name": "Require(47) node_modules/_egg-static@2.2.0@egg-static/app.js",
    "start": 1569331988513,
    "end": 1569331988513,
    "duration": 0,
    "pid": 16542,
    "index": 56
  },
  {
    "name": "Require(48) node_modules/_egg-mongoose@3.2.0@egg-mongoose/app.js",
    "start": 1569331988513,
    "end": 1569331988513,
    "duration": 0,
    "pid": 16542,
    "index": 57
  },
  {
    "name": "Require(49) node_modules/_egg-jwt@3.1.6@egg-jwt/app.js",
    "start": 1569331988513,
    "end": 1569331988513,
    "duration": 0,
    "pid": 16542,
    "index": 58
  },
  {
    "name": "Before Start in node_modules/_egg-watcher@3.1.0@egg-watcher/lib/init.js:15:14",
    "start": 1569331988523,
    "end": 1569331988869,
    "duration": 346,
    "pid": 16542,
    "index": 59
  },
  {
    "name": "Before Start in node_modules/_egg-mongoose@3.2.0@egg-mongoose/lib/mongoose.js:91:7",
    "start": 1569331988741,
    "end": 1569331988866,
    "duration": 125,
    "pid": 16542,
    "index": 60
  },
  {
    "name": "Before Start in node_modules/_egg-mongoose@3.2.0@egg-mongoose/lib/mongoose.js:49:9",
    "start": 1569331988741,
    "end": 1569331988833,
    "duration": 92,
    "pid": 16542,
    "index": 61
  },
  {
    "name": "Load Service",
    "start": 1569331988741,
    "end": 1569331988768,
    "duration": 27,
    "pid": 16542,
    "index": 62
  },
  {
    "name": "Load \"service\" to Context",
    "start": 1569331988741,
    "end": 1569331988768,
    "duration": 27,
    "pid": 16542,
    "index": 63
  },
  {
    "name": "Load Middleware",
    "start": 1569331988768,
    "end": 1569331988809,
    "duration": 41,
    "pid": 16542,
    "index": 64
  },
  {
    "name": "Load \"middlewares\" to Application",
    "start": 1569331988769,
    "end": 1569331988803,
    "duration": 34,
    "pid": 16542,
    "index": 65
  },
  {
    "name": "Load Controller",
    "start": 1569331988809,
    "end": 1569331988812,
    "duration": 3,
    "pid": 16542,
    "index": 66
  },
  {
    "name": "Load \"controller\" to Application",
    "start": 1569331988809,
    "end": 1569331988812,
    "duration": 3,
    "pid": 16542,
    "index": 67
  },
  {
    "name": "Load Router",
    "start": 1569331988812,
    "end": 1569331988814,
    "duration": 2,
    "pid": 16542,
    "index": 68
  },
  {
    "name": "Require(50) app/router.js",
    "start": 1569331988812,
    "end": 1569331988813,
    "duration": 1,
    "pid": 16542,
    "index": 69
  },
  {
    "name": "Before Start in node_modules/_egg-core@4.17.3@egg-core/lib/egg.js:303:10",
    "start": 1569331988813,
    "end": 1569331988833,
    "duration": 20,
    "pid": 16542,
    "index": 70
  },
  {
    "name": "Load \"model\" to Application",
    "start": 1569331988823,
    "end": 1569331988833,
    "duration": 10,
    "pid": 16542,
    "index": 71
  }
]