[
  {
    "name": "Application Start",
    "start": 1569333287342,
    "end": 1569333287853,
    "duration": 511,
    "pid": 17127,
    "index": 0
  },
  {
    "name": "Load Plugin",
    "start": 1569333287346,
    "end": 1569333287354,
    "duration": 8,
    "pid": 17127,
    "index": 1
  },
  {
    "name": "Load Config",
    "start": 1569333287354,
    "end": 1569333287368,
    "duration": 14,
    "pid": 17127,
    "index": 2
  },
  {
    "name": "Require(0) config/config.default.js",
    "start": 1569333287355,
    "end": 1569333287355,
    "duration": 0,
    "pid": 17127,
    "index": 3
  },
  {
    "name": "Require(1) node_modules/_egg-session@3.1.0@egg-session/config/config.default.js",
    "start": 1569333287356,
    "end": 1569333287356,
    "duration": 0,
    "pid": 17127,
    "index": 4
  },
  {
    "name": "Require(2) node_modules/_egg-security@2.6.1@egg-security/config/config.default.js",
    "start": 1569333287357,
    "end": 1569333287357,
    "duration": 0,
    "pid": 17127,
    "index": 5
  },
  {
    "name": "Require(3) node_modules/_egg-jsonp@2.0.0@egg-jsonp/config/config.default.js",
    "start": 1569333287358,
    "end": 1569333287360,
    "duration": 2,
    "pid": 17127,
    "index": 6
  },
  {
    "name": "Require(4) node_modules/_egg-onerror@2.1.0@egg-onerror/config/config.default.js",
    "start": 1569333287360,
    "end": 1569333287360,
    "duration": 0,
    "pid": 17127,
    "index": 7
  },
  {
    "name": "Require(5) node_modules/_egg-i18n@2.1.1@egg-i18n/config/config.default.js",
    "start": 1569333287361,
    "end": 1569333287361,
    "duration": 0,
    "pid": 17127,
    "index": 8
  },
  {
    "name": "Require(6) node_modules/_egg-watcher@3.1.0@egg-watcher/config/config.default.js",
    "start": 1569333287361,
    "end": 1569333287361,
    "duration": 0,
    "pid": 17127,
    "index": 9
  },
  {
    "name": "Require(7) node_modules/_egg-schedule@3.6.4@egg-schedule/config/config.default.js",
    "start": 1569333287361,
    "end": 1569333287362,
    "duration": 1,
    "pid": 17127,
    "index": 10
  },
  {
    "name": "Require(8) node_modules/_egg-multipart@2.9.0@egg-multipart/config/config.default.js",
    "start": 1569333287362,
    "end": 1569333287362,
    "duration": 0,
    "pid": 17127,
    "index": 11
  },
  {
    "name": "Require(9) node_modules/_egg-development@2.4.3@egg-development/config/config.default.js",
    "start": 1569333287362,
    "end": 1569333287363,
    "duration": 1,
    "pid": 17127,
    "index": 12
  },
  {
    "name": "Require(10) node_modules/_egg-logrotator@3.1.0@egg-logrotator/config/config.default.js",
    "start": 1569333287363,
    "end": 1569333287363,
    "duration": 0,
    "pid": 17127,
    "index": 13
  },
  {
    "name": "Require(11) node_modules/_egg-static@2.2.0@egg-static/config/config.default.js",
    "start": 1569333287363,
    "end": 1569333287363,
    "duration": 0,
    "pid": 17127,
    "index": 14
  },
  {
    "name": "Require(12) node_modules/_egg-view@2.1.2@egg-view/config/config.default.js",
    "start": 1569333287364,
    "end": 1569333287364,
    "duration": 0,
    "pid": 17127,
    "index": 15
  },
  {
    "name": "Require(13) node_modules/_egg-mongoose@3.2.0@egg-mongoose/config/config.default.js",
    "start": 1569333287364,
    "end": 1569333287364,
    "duration": 0,
    "pid": 17127,
    "index": 16
  },
  {
    "name": "Require(14) node_modules/_egg-jwt@3.1.6@egg-jwt/config/config.default.js",
    "start": 1569333287364,
    "end": 1569333287365,
    "duration": 1,
    "pid": 17127,
    "index": 17
  },
  {
    "name": "Require(15) node_modules/_egg@2.23.0@egg/config/config.default.js",
    "start": 1569333287365,
    "end": 1569333287365,
    "duration": 0,
    "pid": 17127,
    "index": 18
  },
  {
    "name": "Require(16) config/config.default.js",
    "start": 1569333287366,
    "end": 1569333287366,
    "duration": 0,
    "pid": 17127,
    "index": 19
  },
  {
    "name": "Require(17) node_modules/_egg-security@2.6.1@egg-security/config/config.local.js",
    "start": 1569333287366,
    "end": 1569333287366,
    "duration": 0,
    "pid": 17127,
    "index": 20
  },
  {
    "name": "Require(18) node_modules/_egg-watcher@3.1.0@egg-watcher/config/config.local.js",
    "start": 1569333287367,
    "end": 1569333287367,
    "duration": 0,
    "pid": 17127,
    "index": 21
  },
  {
    "name": "Require(19) node_modules/_egg-view@2.1.2@egg-view/config/config.local.js",
    "start": 1569333287367,
    "end": 1569333287367,
    "duration": 0,
    "pid": 17127,
    "index": 22
  },
  {
    "name": "Require(20) node_modules/_egg@2.23.0@egg/config/config.local.js",
    "start": 1569333287368,
    "end": 1569333287368,
    "duration": 0,
    "pid": 17127,
    "index": 23
  },
  {
    "name": "Load extend/application.js",
    "start": 1569333287369,
    "end": 1569333287401,
    "duration": 32,
    "pid": 17127,
    "index": 24
  },
  {
    "name": "Require(21) node_modules/_egg-session@3.1.0@egg-session/app/extend/application.js",
    "start": 1569333287369,
    "end": 1569333287370,
    "duration": 1,
    "pid": 17127,
    "index": 25
  },
  {
    "name": "Require(22) node_modules/_egg-security@2.6.1@egg-security/app/extend/application.js",
    "start": 1569333287370,
    "end": 1569333287370,
    "duration": 0,
    "pid": 17127,
    "index": 26
  },
  {
    "name": "Require(23) node_modules/_egg-jsonp@2.0.0@egg-jsonp/app/extend/application.js",
    "start": 1569333287370,
    "end": 1569333287372,
    "duration": 2,
    "pid": 17127,
    "index": 27
  },
  {
    "name": "Require(24) node_modules/_egg-logrotator@3.1.0@egg-logrotator/app/extend/application.js",
    "start": 1569333287372,
    "end": 1569333287374,
    "duration": 2,
    "pid": 17127,
    "index": 28
  },
  {
    "name": "Require(25) node_modules/_egg-view@2.1.2@egg-view/app/extend/application.js",
    "start": 1569333287375,
    "end": 1569333287375,
    "duration": 0,
    "pid": 17127,
    "index": 29
  },
  {
    "name": "Require(26) node_modules/_egg-jwt@3.1.6@egg-jwt/app/extend/application.js",
    "start": 1569333287376,
    "end": 1569333287400,
    "duration": 24,
    "pid": 17127,
    "index": 30
  },
  {
    "name": "Load extend/request.js",
    "start": 1569333287401,
    "end": 1569333287402,
    "duration": 1,
    "pid": 17127,
    "index": 31
  },
  {
    "name": "Require(27) node_modules/_egg@2.23.0@egg/app/extend/request.js",
    "start": 1569333287401,
    "end": 1569333287402,
    "duration": 1,
    "pid": 17127,
    "index": 32
  },
  {
    "name": "Load extend/response.js",
    "start": 1569333287402,
    "end": 1569333287404,
    "duration": 2,
    "pid": 17127,
    "index": 33
  },
  {
    "name": "Require(28) node_modules/_egg@2.23.0@egg/app/extend/response.js",
    "start": 1569333287403,
    "end": 1569333287404,
    "duration": 1,
    "pid": 17127,
    "index": 34
  },
  {
    "name": "Load extend/context.js",
    "start": 1569333287404,
    "end": 1569333287450,
    "duration": 46,
    "pid": 17127,
    "index": 35
  },
  {
    "name": "Require(29) node_modules/_egg-security@2.6.1@egg-security/app/extend/context.js",
    "start": 1569333287404,
    "end": 1569333287409,
    "duration": 5,
    "pid": 17127,
    "index": 36
  },
  {
    "name": "Require(30) node_modules/_egg-jsonp@2.0.0@egg-jsonp/app/extend/context.js",
    "start": 1569333287409,
    "end": 1569333287410,
    "duration": 1,
    "pid": 17127,
    "index": 37
  },
  {
    "name": "Require(31) node_modules/_egg-i18n@2.1.1@egg-i18n/app/extend/context.js",
    "start": 1569333287410,
    "end": 1569333287410,
    "duration": 0,
    "pid": 17127,
    "index": 38
  },
  {
    "name": "Require(32) node_modules/_egg-multipart@2.9.0@egg-multipart/app/extend/context.js",
    "start": 1569333287411,
    "end": 1569333287445,
    "duration": 34,
    "pid": 17127,
    "index": 39
  },
  {
    "name": "Require(33) node_modules/_egg-view@2.1.2@egg-view/app/extend/context.js",
    "start": 1569333287445,
    "end": 1569333287446,
    "duration": 1,
    "pid": 17127,
    "index": 40
  },
  {
    "name": "Require(34) node_modules/_egg-mongoose@3.2.0@egg-mongoose/app/extend/context.js",
    "start": 1569333287448,
    "end": 1569333287448,
    "duration": 0,
    "pid": 17127,
    "index": 41
  },
  {
    "name": "Require(35) node_modules/_egg@2.23.0@egg/app/extend/context.js",
    "start": 1569333287449,
    "end": 1569333287450,
    "duration": 1,
    "pid": 17127,
    "index": 42
  },
  {
    "name": "Load extend/helper.js",
    "start": 1569333287450,
    "end": 1569333287460,
    "duration": 10,
    "pid": 17127,
    "index": 43
  },
  {
    "name": "Require(36) node_modules/_egg-security@2.6.1@egg-security/app/extend/helper.js",
    "start": 1569333287450,
    "end": 1569333287458,
    "duration": 8,
    "pid": 17127,
    "index": 44
  },
  {
    "name": "Require(37) node_modules/_egg@2.23.0@egg/app/extend/helper.js",
    "start": 1569333287459,
    "end": 1569333287459,
    "duration": 0,
    "pid": 17127,
    "index": 45
  },
  {
    "name": "Load app.js",
    "start": 1569333287460,
    "end": 1569333287474,
    "duration": 14,
    "pid": 17127,
    "index": 46
  },
  {
    "name": "Require(38) node_modules/_egg-session@3.1.0@egg-session/app.js",
    "start": 1569333287461,
    "end": 1569333287461,
    "duration": 0,
    "pid": 17127,
    "index": 47
  },
  {
    "name": "Require(39) node_modules/_egg-security@2.6.1@egg-security/app.js",
    "start": 1569333287461,
    "end": 1569333287462,
    "duration": 1,
    "pid": 17127,
    "index": 48
  },
  {
    "name": "Require(40) node_modules/_egg-onerror@2.1.0@egg-onerror/app.js",
    "start": 1569333287462,
    "end": 1569333287466,
    "duration": 4,
    "pid": 17127,
    "index": 49
  },
  {
    "name": "Require(41) node_modules/_egg-i18n@2.1.1@egg-i18n/app.js",
    "start": 1569333287466,
    "end": 1569333287469,
    "duration": 3,
    "pid": 17127,
    "index": 50
  },
  {
    "name": "Require(42) node_modules/_egg-watcher@3.1.0@egg-watcher/app.js",
    "start": 1569333287469,
    "end": 1569333287471,
    "duration": 2,
    "pid": 17127,
    "index": 51
  },
  {
    "name": "Require(43) node_modules/_egg-schedule@3.6.4@egg-schedule/app.js",
    "start": 1569333287471,
    "end": 1569333287472,
    "duration": 1,
    "pid": 17127,
    "index": 52
  },
  {
    "name": "Require(44) node_modules/_egg-multipart@2.9.0@egg-multipart/app.js",
    "start": 1569333287472,
    "end": 1569333287473,
    "duration": 1,
    "pid": 17127,
    "index": 53
  },
  {
    "name": "Require(45) node_modules/_egg-development@2.4.3@egg-development/app.js",
    "start": 1569333287473,
    "end": 1569333287473,
    "duration": 0,
    "pid": 17127,
    "index": 54
  },
  {
    "name": "Require(46) node_modules/_egg-logrotator@3.1.0@egg-logrotator/app.js",
    "start": 1569333287473,
    "end": 1569333287473,
    "duration": 0,
    "pid": 17127,
    "index": 55
  },
  {
    "name": "Require(47) node_modules/_egg-static@2.2.0@egg-static/app.js",
    "start": 1569333287473,
    "end": 1569333287473,
    "duration": 0,
    "pid": 17127,
    "index": 56
  },
  {
    "name": "Require(48) node_modules/_egg-mongoose@3.2.0@egg-mongoose/app.js",
    "start": 1569333287473,
    "end": 1569333287474,
    "duration": 1,
    "pid": 17127,
    "index": 57
  },
  {
    "name": "Require(49) node_modules/_egg-jwt@3.1.6@egg-jwt/app.js",
    "start": 1569333287474,
    "end": 1569333287474,
    "duration": 0,
    "pid": 17127,
    "index": 58
  },
  {
    "name": "Before Start in node_modules/_egg-watcher@3.1.0@egg-watcher/lib/init.js:15:14",
    "start": 1569333287485,
    "end": 1569333287848,
    "duration": 363,
    "pid": 17127,
    "index": 59
  },
  {
    "name": "Before Start in node_modules/_egg-mongoose@3.2.0@egg-mongoose/lib/mongoose.js:91:7",
    "start": 1569333287721,
    "end": 1569333287845,
    "duration": 124,
    "pid": 17127,
    "index": 60
  },
  {
    "name": "Before Start in node_modules/_egg-mongoose@3.2.0@egg-mongoose/lib/mongoose.js:49:9",
    "start": 1569333287721,
    "end": 1569333287818,
    "duration": 97,
    "pid": 17127,
    "index": 61
  },
  {
    "name": "Load Service",
    "start": 1569333287722,
    "end": 1569333287750,
    "duration": 28,
    "pid": 17127,
    "index": 62
  },
  {
    "name": "Load \"service\" to Context",
    "start": 1569333287722,
    "end": 1569333287750,
    "duration": 28,
    "pid": 17127,
    "index": 63
  },
  {
    "name": "Load Middleware",
    "start": 1569333287750,
    "end": 1569333287791,
    "duration": 41,
    "pid": 17127,
    "index": 64
  },
  {
    "name": "Load \"middlewares\" to Application",
    "start": 1569333287750,
    "end": 1569333287786,
    "duration": 36,
    "pid": 17127,
    "index": 65
  },
  {
    "name": "Load Controller",
    "start": 1569333287791,
    "end": 1569333287795,
    "duration": 4,
    "pid": 17127,
    "index": 66
  },
  {
    "name": "Load \"controller\" to Application",
    "start": 1569333287791,
    "end": 1569333287795,
    "duration": 4,
    "pid": 17127,
    "index": 67
  },
  {
    "name": "Load Router",
    "start": 1569333287796,
    "end": 1569333287797,
    "duration": 1,
    "pid": 17127,
    "index": 68
  },
  {
    "name": "Require(50) app/router.js",
    "start": 1569333287796,
    "end": 1569333287796,
    "duration": 0,
    "pid": 17127,
    "index": 69
  },
  {
    "name": "Before Start in node_modules/_egg-core@4.17.3@egg-core/lib/egg.js:303:10",
    "start": 1569333287796,
    "end": 1569333287818,
    "duration": 22,
    "pid": 17127,
    "index": 70
  },
  {
    "name": "Load \"model\" to Application",
    "start": 1569333287806,
    "end": 1569333287817,
    "duration": 11,
    "pid": 17127,
    "index": 71
  }
]