[
  {
    "name": "Application Start",
    "start": 1569332726738,
    "end": 1569332727228,
    "duration": 490,
    "pid": 16870,
    "index": 0
  },
  {
    "name": "Load Plugin",
    "start": 1569332726742,
    "end": 1569332726750,
    "duration": 8,
    "pid": 16870,
    "index": 1
  },
  {
    "name": "Load Config",
    "start": 1569332726750,
    "end": 1569332726763,
    "duration": 13,
    "pid": 16870,
    "index": 2
  },
  {
    "name": "Require(0) config/config.default.js",
    "start": 1569332726751,
    "end": 1569332726751,
    "duration": 0,
    "pid": 16870,
    "index": 3
  },
  {
    "name": "Require(1) node_modules/_egg-session@3.1.0@egg-session/config/config.default.js",
    "start": 1569332726752,
    "end": 1569332726753,
    "duration": 1,
    "pid": 16870,
    "index": 4
  },
  {
    "name": "Require(2) node_modules/_egg-security@2.6.1@egg-security/config/config.default.js",
    "start": 1569332726753,
    "end": 1569332726753,
    "duration": 0,
    "pid": 16870,
    "index": 5
  },
  {
    "name": "Require(3) node_modules/_egg-jsonp@2.0.0@egg-jsonp/config/config.default.js",
    "start": 1569332726754,
    "end": 1569332726756,
    "duration": 2,
    "pid": 16870,
    "index": 6
  },
  {
    "name": "Require(4) node_modules/_egg-onerror@2.1.0@egg-onerror/config/config.default.js",
    "start": 1569332726756,
    "end": 1569332726756,
    "duration": 0,
    "pid": 16870,
    "index": 7
  },
  {
    "name": "Require(5) node_modules/_egg-i18n@2.1.1@egg-i18n/config/config.default.js",
    "start": 1569332726756,
    "end": 1569332726756,
    "duration": 0,
    "pid": 16870,
    "index": 8
  },
  {
    "name": "Require(6) node_modules/_egg-watcher@3.1.0@egg-watcher/config/config.default.js",
    "start": 1569332726757,
    "end": 1569332726757,
    "duration": 0,
    "pid": 16870,
    "index": 9
  },
  {
    "name": "Require(7) node_modules/_egg-schedule@3.6.4@egg-schedule/config/config.default.js",
    "start": 1569332726757,
    "end": 1569332726757,
    "duration": 0,
    "pid": 16870,
    "index": 10
  },
  {
    "name": "Require(8) node_modules/_egg-multipart@2.9.0@egg-multipart/config/config.default.js",
    "start": 1569332726757,
    "end": 1569332726758,
    "duration": 1,
    "pid": 16870,
    "index": 11
  },
  {
    "name": "Require(9) node_modules/_egg-development@2.4.3@egg-development/config/config.default.js",
    "start": 1569332726758,
    "end": 1569332726758,
    "duration": 0,
    "pid": 16870,
    "index": 12
  },
  {
    "name": "Require(10) node_modules/_egg-logrotator@3.1.0@egg-logrotator/config/config.default.js",
    "start": 1569332726758,
    "end": 1569332726758,
    "duration": 0,
    "pid": 16870,
    "index": 13
  },
  {
    "name": "Require(11) node_modules/_egg-static@2.2.0@egg-static/config/config.default.js",
    "start": 1569332726759,
    "end": 1569332726759,
    "duration": 0,
    "pid": 16870,
    "index": 14
  },
  {
    "name": "Require(12) node_modules/_egg-view@2.1.2@egg-view/config/config.default.js",
    "start": 1569332726759,
    "end": 1569332726759,
    "duration": 0,
    "pid": 16870,
    "index": 15
  },
  {
    "name": "Require(13) node_modules/_egg-mongoose@3.2.0@egg-mongoose/config/config.default.js",
    "start": 1569332726759,
    "end": 1569332726759,
    "duration": 0,
    "pid": 16870,
    "index": 16
  },
  {
    "name": "Require(14) node_modules/_egg-jwt@3.1.6@egg-jwt/config/config.default.js",
    "start": 1569332726760,
    "end": 1569332726760,
    "duration": 0,
    "pid": 16870,
    "index": 17
  },
  {
    "name": "Require(15) node_modules/_egg@2.23.0@egg/config/config.default.js",
    "start": 1569332726760,
    "end": 1569332726760,
    "duration": 0,
    "pid": 16870,
    "index": 18
  },
  {
    "name": "Require(16) config/config.default.js",
    "start": 1569332726761,
    "end": 1569332726761,
    "duration": 0,
    "pid": 16870,
    "index": 19
  },
  {
    "name": "Require(17) node_modules/_egg-security@2.6.1@egg-security/config/config.local.js",
    "start": 1569332726761,
    "end": 1569332726762,
    "duration": 1,
    "pid": 16870,
    "index": 20
  },
  {
    "name": "Require(18) node_modules/_egg-watcher@3.1.0@egg-watcher/config/config.local.js",
    "start": 1569332726762,
    "end": 1569332726762,
    "duration": 0,
    "pid": 16870,
    "index": 21
  },
  {
    "name": "Require(19) node_modules/_egg-view@2.1.2@egg-view/config/config.local.js",
    "start": 1569332726762,
    "end": 1569332726763,
    "duration": 1,
    "pid": 16870,
    "index": 22
  },
  {
    "name": "Require(20) node_modules/_egg@2.23.0@egg/config/config.local.js",
    "start": 1569332726763,
    "end": 1569332726763,
    "duration": 0,
    "pid": 16870,
    "index": 23
  },
  {
    "name": "Load extend/application.js",
    "start": 1569332726765,
    "end": 1569332726794,
    "duration": 29,
    "pid": 16870,
    "index": 24
  },
  {
    "name": "Require(21) node_modules/_egg-session@3.1.0@egg-session/app/extend/application.js",
    "start": 1569332726765,
    "end": 1569332726765,
    "duration": 0,
    "pid": 16870,
    "index": 25
  },
  {
    "name": "Require(22) node_modules/_egg-security@2.6.1@egg-security/app/extend/application.js",
    "start": 1569332726765,
    "end": 1569332726766,
    "duration": 1,
    "pid": 16870,
    "index": 26
  },
  {
    "name": "Require(23) node_modules/_egg-jsonp@2.0.0@egg-jsonp/app/extend/application.js",
    "start": 1569332726766,
    "end": 1569332726767,
    "duration": 1,
    "pid": 16870,
    "index": 27
  },
  {
    "name": "Require(24) node_modules/_egg-logrotator@3.1.0@egg-logrotator/app/extend/application.js",
    "start": 1569332726767,
    "end": 1569332726768,
    "duration": 1,
    "pid": 16870,
    "index": 28
  },
  {
    "name": "Require(25) node_modules/_egg-view@2.1.2@egg-view/app/extend/application.js",
    "start": 1569332726768,
    "end": 1569332726769,
    "duration": 1,
    "pid": 16870,
    "index": 29
  },
  {
    "name": "Require(26) node_modules/_egg-jwt@3.1.6@egg-jwt/app/extend/application.js",
    "start": 1569332726769,
    "end": 1569332726793,
    "duration": 24,
    "pid": 16870,
    "index": 30
  },
  {
    "name": "Load extend/request.js",
    "start": 1569332726794,
    "end": 1569332726796,
    "duration": 2,
    "pid": 16870,
    "index": 31
  },
  {
    "name": "Require(27) node_modules/_egg@2.23.0@egg/app/extend/request.js",
    "start": 1569332726795,
    "end": 1569332726795,
    "duration": 0,
    "pid": 16870,
    "index": 32
  },
  {
    "name": "Load extend/response.js",
    "start": 1569332726796,
    "end": 1569332726798,
    "duration": 2,
    "pid": 16870,
    "index": 33
  },
  {
    "name": "Require(28) node_modules/_egg@2.23.0@egg/app/extend/response.js",
    "start": 1569332726796,
    "end": 1569332726797,
    "duration": 1,
    "pid": 16870,
    "index": 34
  },
  {
    "name": "Load extend/context.js",
    "start": 1569332726798,
    "end": 1569332726842,
    "duration": 44,
    "pid": 16870,
    "index": 35
  },
  {
    "name": "Require(29) node_modules/_egg-security@2.6.1@egg-security/app/extend/context.js",
    "start": 1569332726798,
    "end": 1569332726803,
    "duration": 5,
    "pid": 16870,
    "index": 36
  },
  {
    "name": "Require(30) node_modules/_egg-jsonp@2.0.0@egg-jsonp/app/extend/context.js",
    "start": 1569332726803,
    "end": 1569332726804,
    "duration": 1,
    "pid": 16870,
    "index": 37
  },
  {
    "name": "Require(31) node_modules/_egg-i18n@2.1.1@egg-i18n/app/extend/context.js",
    "start": 1569332726804,
    "end": 1569332726804,
    "duration": 0,
    "pid": 16870,
    "index": 38
  },
  {
    "name": "Require(32) node_modules/_egg-multipart@2.9.0@egg-multipart/app/extend/context.js",
    "start": 1569332726804,
    "end": 1569332726839,
    "duration": 35,
    "pid": 16870,
    "index": 39
  },
  {
    "name": "Require(33) node_modules/_egg-view@2.1.2@egg-view/app/extend/context.js",
    "start": 1569332726840,
    "end": 1569332726840,
    "duration": 0,
    "pid": 16870,
    "index": 40
  },
  {
    "name": "Require(34) node_modules/_egg-mongoose@3.2.0@egg-mongoose/app/extend/context.js",
    "start": 1569332726840,
    "end": 1569332726841,
    "duration": 1,
    "pid": 16870,
    "index": 41
  },
  {
    "name": "Require(35) node_modules/_egg@2.23.0@egg/app/extend/context.js",
    "start": 1569332726841,
    "end": 1569332726841,
    "duration": 0,
    "pid": 16870,
    "index": 42
  },
  {
    "name": "Load extend/helper.js",
    "start": 1569332726842,
    "end": 1569332726853,
    "duration": 11,
    "pid": 16870,
    "index": 43
  },
  {
    "name": "Require(36) node_modules/_egg-security@2.6.1@egg-security/app/extend/helper.js",
    "start": 1569332726842,
    "end": 1569332726851,
    "duration": 9,
    "pid": 16870,
    "index": 44
  },
  {
    "name": "Require(37) node_modules/_egg@2.23.0@egg/app/extend/helper.js",
    "start": 1569332726852,
    "end": 1569332726852,
    "duration": 0,
    "pid": 16870,
    "index": 45
  },
  {
    "name": "Load app.js",
    "start": 1569332726853,
    "end": 1569332726867,
    "duration": 14,
    "pid": 16870,
    "index": 46
  },
  {
    "name": "Require(38) node_modules/_egg-session@3.1.0@egg-session/app.js",
    "start": 1569332726853,
    "end": 1569332726853,
    "duration": 0,
    "pid": 16870,
    "index": 47
  },
  {
    "name": "Require(39) node_modules/_egg-security@2.6.1@egg-security/app.js",
    "start": 1569332726853,
    "end": 1569332726854,
    "duration": 1,
    "pid": 16870,
    "index": 48
  },
  {
    "name": "Require(40) node_modules/_egg-onerror@2.1.0@egg-onerror/app.js",
    "start": 1569332726854,
    "end": 1569332726858,
    "duration": 4,
    "pid": 16870,
    "index": 49
  },
  {
    "name": "Require(41) node_modules/_egg-i18n@2.1.1@egg-i18n/app.js",
    "start": 1569332726858,
    "end": 1569332726861,
    "duration": 3,
    "pid": 16870,
    "index": 50
  },
  {
    "name": "Require(42) node_modules/_egg-watcher@3.1.0@egg-watcher/app.js",
    "start": 1569332726862,
    "end": 1569332726863,
    "duration": 1,
    "pid": 16870,
    "index": 51
  },
  {
    "name": "Require(43) node_modules/_egg-schedule@3.6.4@egg-schedule/app.js",
    "start": 1569332726863,
    "end": 1569332726864,
    "duration": 1,
    "pid": 16870,
    "index": 52
  },
  {
    "name": "Require(44) node_modules/_egg-multipart@2.9.0@egg-multipart/app.js",
    "start": 1569332726864,
    "end": 1569332726865,
    "duration": 1,
    "pid": 16870,
    "index": 53
  },
  {
    "name": "Require(45) node_modules/_egg-development@2.4.3@egg-development/app.js",
    "start": 1569332726866,
    "end": 1569332726866,
    "duration": 0,
    "pid": 16870,
    "index": 54
  },
  {
    "name": "Require(46) node_modules/_egg-logrotator@3.1.0@egg-logrotator/app.js",
    "start": 1569332726866,
    "end": 1569332726866,
    "duration": 0,
    "pid": 16870,
    "index": 55
  },
  {
    "name": "Require(47) node_modules/_egg-static@2.2.0@egg-static/app.js",
    "start": 1569332726866,
    "end": 1569332726866,
    "duration": 0,
    "pid": 16870,
    "index": 56
  },
  {
    "name": "Require(48) node_modules/_egg-mongoose@3.2.0@egg-mongoose/app.js",
    "start": 1569332726866,
    "end": 1569332726866,
    "duration": 0,
    "pid": 16870,
    "index": 57
  },
  {
    "name": "Require(49) node_modules/_egg-jwt@3.1.6@egg-jwt/app.js",
    "start": 1569332726866,
    "end": 1569332726867,
    "duration": 1,
    "pid": 16870,
    "index": 58
  },
  {
    "name": "Before Start in node_modules/_egg-watcher@3.1.0@egg-watcher/lib/init.js:15:14",
    "start": 1569332726877,
    "end": 1569332727223,
    "duration": 346,
    "pid": 16870,
    "index": 59
  },
  {
    "name": "Before Start in node_modules/_egg-mongoose@3.2.0@egg-mongoose/lib/mongoose.js:91:7",
    "start": 1569332727099,
    "end": 1569332727220,
    "duration": 121,
    "pid": 16870,
    "index": 60
  },
  {
    "name": "Before Start in node_modules/_egg-mongoose@3.2.0@egg-mongoose/lib/mongoose.js:49:9",
    "start": 1569332727100,
    "end": 1569332727200,
    "duration": 100,
    "pid": 16870,
    "index": 61
  },
  {
    "name": "Load Service",
    "start": 1569332727100,
    "end": 1569332727131,
    "duration": 31,
    "pid": 16870,
    "index": 62
  },
  {
    "name": "Load \"service\" to Context",
    "start": 1569332727100,
    "end": 1569332727131,
    "duration": 31,
    "pid": 16870,
    "index": 63
  },
  {
    "name": "Load Middleware",
    "start": 1569332727131,
    "end": 1569332727173,
    "duration": 42,
    "pid": 16870,
    "index": 64
  },
  {
    "name": "Load \"middlewares\" to Application",
    "start": 1569332727131,
    "end": 1569332727166,
    "duration": 35,
    "pid": 16870,
    "index": 65
  },
  {
    "name": "Load Controller",
    "start": 1569332727173,
    "end": 1569332727177,
    "duration": 4,
    "pid": 16870,
    "index": 66
  },
  {
    "name": "Load \"controller\" to Application",
    "start": 1569332727173,
    "end": 1569332727177,
    "duration": 4,
    "pid": 16870,
    "index": 67
  },
  {
    "name": "Load Router",
    "start": 1569332727177,
    "end": 1569332727179,
    "duration": 2,
    "pid": 16870,
    "index": 68
  },
  {
    "name": "Require(50) app/router.js",
    "start": 1569332727177,
    "end": 1569332727177,
    "duration": 0,
    "pid": 16870,
    "index": 69
  },
  {
    "name": "Before Start in node_modules/_egg-core@4.17.3@egg-core/lib/egg.js:303:10",
    "start": 1569332727177,
    "end": 1569332727200,
    "duration": 23,
    "pid": 16870,
    "index": 70
  },
  {
    "name": "Load \"model\" to Application",
    "start": 1569332727188,
    "end": 1569332727199,
    "duration": 11,
    "pid": 16870,
    "index": 71
  }
]