[
  {
    "name": "Application Start",
    "start": 1569332530079,
    "end": 1569332530540,
    "duration": 461,
    "pid": 16793,
    "index": 0
  },
  {
    "name": "Load Plugin",
    "start": 1569332530083,
    "end": 1569332530090,
    "duration": 7,
    "pid": 16793,
    "index": 1
  },
  {
    "name": "Load Config",
    "start": 1569332530090,
    "end": 1569332530105,
    "duration": 15,
    "pid": 16793,
    "index": 2
  },
  {
    "name": "Require(0) config/config.default.js",
    "start": 1569332530090,
    "end": 1569332530091,
    "duration": 1,
    "pid": 16793,
    "index": 3
  },
  {
    "name": "Require(1) node_modules/_egg-session@3.1.0@egg-session/config/config.default.js",
    "start": 1569332530092,
    "end": 1569332530092,
    "duration": 0,
    "pid": 16793,
    "index": 4
  },
  {
    "name": "Require(2) node_modules/_egg-security@2.6.1@egg-security/config/config.default.js",
    "start": 1569332530092,
    "end": 1569332530092,
    "duration": 0,
    "pid": 16793,
    "index": 5
  },
  {
    "name": "Require(3) node_modules/_egg-jsonp@2.0.0@egg-jsonp/config/config.default.js",
    "start": 1569332530093,
    "end": 1569332530096,
    "duration": 3,
    "pid": 16793,
    "index": 6
  },
  {
    "name": "Require(4) node_modules/_egg-onerror@2.1.0@egg-onerror/config/config.default.js",
    "start": 1569332530096,
    "end": 1569332530096,
    "duration": 0,
    "pid": 16793,
    "index": 7
  },
  {
    "name": "Require(5) node_modules/_egg-i18n@2.1.1@egg-i18n/config/config.default.js",
    "start": 1569332530096,
    "end": 1569332530096,
    "duration": 0,
    "pid": 16793,
    "index": 8
  },
  {
    "name": "Require(6) node_modules/_egg-watcher@3.1.0@egg-watcher/config/config.default.js",
    "start": 1569332530097,
    "end": 1569332530097,
    "duration": 0,
    "pid": 16793,
    "index": 9
  },
  {
    "name": "Require(7) node_modules/_egg-schedule@3.6.4@egg-schedule/config/config.default.js",
    "start": 1569332530097,
    "end": 1569332530097,
    "duration": 0,
    "pid": 16793,
    "index": 10
  },
  {
    "name": "Require(8) node_modules/_egg-multipart@2.9.0@egg-multipart/config/config.default.js",
    "start": 1569332530098,
    "end": 1569332530098,
    "duration": 0,
    "pid": 16793,
    "index": 11
  },
  {
    "name": "Require(9) node_modules/_egg-development@2.4.3@egg-development/config/config.default.js",
    "start": 1569332530099,
    "end": 1569332530099,
    "duration": 0,
    "pid": 16793,
    "index": 12
  },
  {
    "name": "Require(10) node_modules/_egg-logrotator@3.1.0@egg-logrotator/config/config.default.js",
    "start": 1569332530099,
    "end": 1569332530099,
    "duration": 0,
    "pid": 16793,
    "index": 13
  },
  {
    "name": "Require(11) node_modules/_egg-static@2.2.0@egg-static/config/config.default.js",
    "start": 1569332530099,
    "end": 1569332530100,
    "duration": 1,
    "pid": 16793,
    "index": 14
  },
  {
    "name": "Require(12) node_modules/_egg-view@2.1.2@egg-view/config/config.default.js",
    "start": 1569332530100,
    "end": 1569332530100,
    "duration": 0,
    "pid": 16793,
    "index": 15
  },
  {
    "name": "Require(13) node_modules/_egg-mongoose@3.2.0@egg-mongoose/config/config.default.js",
    "start": 1569332530101,
    "end": 1569332530101,
    "duration": 0,
    "pid": 16793,
    "index": 16
  },
  {
    "name": "Require(14) node_modules/_egg-jwt@3.1.6@egg-jwt/config/config.default.js",
    "start": 1569332530101,
    "end": 1569332530102,
    "duration": 1,
    "pid": 16793,
    "index": 17
  },
  {
    "name": "Require(15) node_modules/_egg@2.23.0@egg/config/config.default.js",
    "start": 1569332530102,
    "end": 1569332530102,
    "duration": 0,
    "pid": 16793,
    "index": 18
  },
  {
    "name": "Require(16) config/config.default.js",
    "start": 1569332530104,
    "end": 1569332530104,
    "duration": 0,
    "pid": 16793,
    "index": 19
  },
  {
    "name": "Require(17) node_modules/_egg-security@2.6.1@egg-security/config/config.local.js",
    "start": 1569332530104,
    "end": 1569332530104,
    "duration": 0,
    "pid": 16793,
    "index": 20
  },
  {
    "name": "Require(18) node_modules/_egg-watcher@3.1.0@egg-watcher/config/config.local.js",
    "start": 1569332530104,
    "end": 1569332530104,
    "duration": 0,
    "pid": 16793,
    "index": 21
  },
  {
    "name": "Require(19) node_modules/_egg-view@2.1.2@egg-view/config/config.local.js",
    "start": 1569332530105,
    "end": 1569332530105,
    "duration": 0,
    "pid": 16793,
    "index": 22
  },
  {
    "name": "Require(20) node_modules/_egg@2.23.0@egg/config/config.local.js",
    "start": 1569332530105,
    "end": 1569332530105,
    "duration": 0,
    "pid": 16793,
    "index": 23
  },
  {
    "name": "Load extend/application.js",
    "start": 1569332530107,
    "end": 1569332530133,
    "duration": 26,
    "pid": 16793,
    "index": 24
  },
  {
    "name": "Require(21) node_modules/_egg-session@3.1.0@egg-session/app/extend/application.js",
    "start": 1569332530107,
    "end": 1569332530107,
    "duration": 0,
    "pid": 16793,
    "index": 25
  },
  {
    "name": "Require(22) node_modules/_egg-security@2.6.1@egg-security/app/extend/application.js",
    "start": 1569332530107,
    "end": 1569332530108,
    "duration": 1,
    "pid": 16793,
    "index": 26
  },
  {
    "name": "Require(23) node_modules/_egg-jsonp@2.0.0@egg-jsonp/app/extend/application.js",
    "start": 1569332530108,
    "end": 1569332530109,
    "duration": 1,
    "pid": 16793,
    "index": 27
  },
  {
    "name": "Require(24) node_modules/_egg-logrotator@3.1.0@egg-logrotator/app/extend/application.js",
    "start": 1569332530109,
    "end": 1569332530110,
    "duration": 1,
    "pid": 16793,
    "index": 28
  },
  {
    "name": "Require(25) node_modules/_egg-view@2.1.2@egg-view/app/extend/application.js",
    "start": 1569332530110,
    "end": 1569332530111,
    "duration": 1,
    "pid": 16793,
    "index": 29
  },
  {
    "name": "Require(26) node_modules/_egg-jwt@3.1.6@egg-jwt/app/extend/application.js",
    "start": 1569332530111,
    "end": 1569332530133,
    "duration": 22,
    "pid": 16793,
    "index": 30
  },
  {
    "name": "Load extend/request.js",
    "start": 1569332530133,
    "end": 1569332530135,
    "duration": 2,
    "pid": 16793,
    "index": 31
  },
  {
    "name": "Require(27) node_modules/_egg@2.23.0@egg/app/extend/request.js",
    "start": 1569332530134,
    "end": 1569332530135,
    "duration": 1,
    "pid": 16793,
    "index": 32
  },
  {
    "name": "Load extend/response.js",
    "start": 1569332530135,
    "end": 1569332530137,
    "duration": 2,
    "pid": 16793,
    "index": 33
  },
  {
    "name": "Require(28) node_modules/_egg@2.23.0@egg/app/extend/response.js",
    "start": 1569332530136,
    "end": 1569332530136,
    "duration": 0,
    "pid": 16793,
    "index": 34
  },
  {
    "name": "Load extend/context.js",
    "start": 1569332530137,
    "end": 1569332530179,
    "duration": 42,
    "pid": 16793,
    "index": 35
  },
  {
    "name": "Require(29) node_modules/_egg-security@2.6.1@egg-security/app/extend/context.js",
    "start": 1569332530137,
    "end": 1569332530141,
    "duration": 4,
    "pid": 16793,
    "index": 36
  },
  {
    "name": "Require(30) node_modules/_egg-jsonp@2.0.0@egg-jsonp/app/extend/context.js",
    "start": 1569332530141,
    "end": 1569332530142,
    "duration": 1,
    "pid": 16793,
    "index": 37
  },
  {
    "name": "Require(31) node_modules/_egg-i18n@2.1.1@egg-i18n/app/extend/context.js",
    "start": 1569332530142,
    "end": 1569332530142,
    "duration": 0,
    "pid": 16793,
    "index": 38
  },
  {
    "name": "Require(32) node_modules/_egg-multipart@2.9.0@egg-multipart/app/extend/context.js",
    "start": 1569332530142,
    "end": 1569332530176,
    "duration": 34,
    "pid": 16793,
    "index": 39
  },
  {
    "name": "Require(33) node_modules/_egg-view@2.1.2@egg-view/app/extend/context.js",
    "start": 1569332530177,
    "end": 1569332530177,
    "duration": 0,
    "pid": 16793,
    "index": 40
  },
  {
    "name": "Require(34) node_modules/_egg-mongoose@3.2.0@egg-mongoose/app/extend/context.js",
    "start": 1569332530178,
    "end": 1569332530178,
    "duration": 0,
    "pid": 16793,
    "index": 41
  },
  {
    "name": "Require(35) node_modules/_egg@2.23.0@egg/app/extend/context.js",
    "start": 1569332530178,
    "end": 1569332530179,
    "duration": 1,
    "pid": 16793,
    "index": 42
  },
  {
    "name": "Load extend/helper.js",
    "start": 1569332530179,
    "end": 1569332530188,
    "duration": 9,
    "pid": 16793,
    "index": 43
  },
  {
    "name": "Require(36) node_modules/_egg-security@2.6.1@egg-security/app/extend/helper.js",
    "start": 1569332530179,
    "end": 1569332530187,
    "duration": 8,
    "pid": 16793,
    "index": 44
  },
  {
    "name": "Require(37) node_modules/_egg@2.23.0@egg/app/extend/helper.js",
    "start": 1569332530187,
    "end": 1569332530188,
    "duration": 1,
    "pid": 16793,
    "index": 45
  },
  {
    "name": "Load app.js",
    "start": 1569332530189,
    "end": 1569332530202,
    "duration": 13,
    "pid": 16793,
    "index": 46
  },
  {
    "name": "Require(38) node_modules/_egg-session@3.1.0@egg-session/app.js",
    "start": 1569332530189,
    "end": 1569332530189,
    "duration": 0,
    "pid": 16793,
    "index": 47
  },
  {
    "name": "Require(39) node_modules/_egg-security@2.6.1@egg-security/app.js",
    "start": 1569332530189,
    "end": 1569332530190,
    "duration": 1,
    "pid": 16793,
    "index": 48
  },
  {
    "name": "Require(40) node_modules/_egg-onerror@2.1.0@egg-onerror/app.js",
    "start": 1569332530190,
    "end": 1569332530194,
    "duration": 4,
    "pid": 16793,
    "index": 49
  },
  {
    "name": "Require(41) node_modules/_egg-i18n@2.1.1@egg-i18n/app.js",
    "start": 1569332530194,
    "end": 1569332530197,
    "duration": 3,
    "pid": 16793,
    "index": 50
  },
  {
    "name": "Require(42) node_modules/_egg-watcher@3.1.0@egg-watcher/app.js",
    "start": 1569332530197,
    "end": 1569332530198,
    "duration": 1,
    "pid": 16793,
    "index": 51
  },
  {
    "name": "Require(43) node_modules/_egg-schedule@3.6.4@egg-schedule/app.js",
    "start": 1569332530198,
    "end": 1569332530199,
    "duration": 1,
    "pid": 16793,
    "index": 52
  },
  {
    "name": "Require(44) node_modules/_egg-multipart@2.9.0@egg-multipart/app.js",
    "start": 1569332530199,
    "end": 1569332530200,
    "duration": 1,
    "pid": 16793,
    "index": 53
  },
  {
    "name": "Require(45) node_modules/_egg-development@2.4.3@egg-development/app.js",
    "start": 1569332530200,
    "end": 1569332530200,
    "duration": 0,
    "pid": 16793,
    "index": 54
  },
  {
    "name": "Require(46) node_modules/_egg-logrotator@3.1.0@egg-logrotator/app.js",
    "start": 1569332530200,
    "end": 1569332530201,
    "duration": 1,
    "pid": 16793,
    "index": 55
  },
  {
    "name": "Require(47) node_modules/_egg-static@2.2.0@egg-static/app.js",
    "start": 1569332530201,
    "end": 1569332530201,
    "duration": 0,
    "pid": 16793,
    "index": 56
  },
  {
    "name": "Require(48) node_modules/_egg-mongoose@3.2.0@egg-mongoose/app.js",
    "start": 1569332530201,
    "end": 1569332530201,
    "duration": 0,
    "pid": 16793,
    "index": 57
  },
  {
    "name": "Require(49) node_modules/_egg-jwt@3.1.6@egg-jwt/app.js",
    "start": 1569332530201,
    "end": 1569332530201,
    "duration": 0,
    "pid": 16793,
    "index": 58
  },
  {
    "name": "Before Start in node_modules/_egg-watcher@3.1.0@egg-watcher/lib/init.js:15:14",
    "start": 1569332530210,
    "end": 1569332530535,
    "duration": 325,
    "pid": 16793,
    "index": 59
  },
  {
    "name": "Before Start in node_modules/_egg-mongoose@3.2.0@egg-mongoose/lib/mongoose.js:91:7",
    "start": 1569332530419,
    "end": 1569332530532,
    "duration": 113,
    "pid": 16793,
    "index": 60
  },
  {
    "name": "Before Start in node_modules/_egg-mongoose@3.2.0@egg-mongoose/lib/mongoose.js:49:9",
    "start": 1569332530419,
    "end": 1569332530511,
    "duration": 92,
    "pid": 16793,
    "index": 61
  },
  {
    "name": "Load Service",
    "start": 1569332530420,
    "end": 1569332530448,
    "duration": 28,
    "pid": 16793,
    "index": 62
  },
  {
    "name": "Load \"service\" to Context",
    "start": 1569332530420,
    "end": 1569332530448,
    "duration": 28,
    "pid": 16793,
    "index": 63
  },
  {
    "name": "Load Middleware",
    "start": 1569332530448,
    "end": 1569332530483,
    "duration": 35,
    "pid": 16793,
    "index": 64
  },
  {
    "name": "Load \"middlewares\" to Application",
    "start": 1569332530449,
    "end": 1569332530479,
    "duration": 30,
    "pid": 16793,
    "index": 65
  },
  {
    "name": "Load Controller",
    "start": 1569332530483,
    "end": 1569332530487,
    "duration": 4,
    "pid": 16793,
    "index": 66
  },
  {
    "name": "Load \"controller\" to Application",
    "start": 1569332530484,
    "end": 1569332530487,
    "duration": 3,
    "pid": 16793,
    "index": 67
  },
  {
    "name": "Load Router",
    "start": 1569332530487,
    "end": 1569332530488,
    "duration": 1,
    "pid": 16793,
    "index": 68
  },
  {
    "name": "Require(50) app/router.js",
    "start": 1569332530487,
    "end": 1569332530487,
    "duration": 0,
    "pid": 16793,
    "index": 69
  },
  {
    "name": "Before Start in node_modules/_egg-core@4.17.3@egg-core/lib/egg.js:303:10",
    "start": 1569332530487,
    "end": 1569332530511,
    "duration": 24,
    "pid": 16793,
    "index": 70
  },
  {
    "name": "Load \"model\" to Application",
    "start": 1569332530497,
    "end": 1569332530510,
    "duration": 13,
    "pid": 16793,
    "index": 71
  }
]