[
  {
    "name": "Application Start",
    "start": 1569332903048,
    "end": 1569332903533,
    "duration": 485,
    "pid": 16942,
    "index": 0
  },
  {
    "name": "Load Plugin",
    "start": 1569332903052,
    "end": 1569332903059,
    "duration": 7,
    "pid": 16942,
    "index": 1
  },
  {
    "name": "Load Config",
    "start": 1569332903059,
    "end": 1569332903072,
    "duration": 13,
    "pid": 16942,
    "index": 2
  },
  {
    "name": "Require(0) config/config.default.js",
    "start": 1569332903060,
    "end": 1569332903060,
    "duration": 0,
    "pid": 16942,
    "index": 3
  },
  {
    "name": "Require(1) node_modules/_egg-session@3.1.0@egg-session/config/config.default.js",
    "start": 1569332903061,
    "end": 1569332903061,
    "duration": 0,
    "pid": 16942,
    "index": 4
  },
  {
    "name": "Require(2) node_modules/_egg-security@2.6.1@egg-security/config/config.default.js",
    "start": 1569332903061,
    "end": 1569332903062,
    "duration": 1,
    "pid": 16942,
    "index": 5
  },
  {
    "name": "Require(3) node_modules/_egg-jsonp@2.0.0@egg-jsonp/config/config.default.js",
    "start": 1569332903062,
    "end": 1569332903064,
    "duration": 2,
    "pid": 16942,
    "index": 6
  },
  {
    "name": "Require(4) node_modules/_egg-onerror@2.1.0@egg-onerror/config/config.default.js",
    "start": 1569332903065,
    "end": 1569332903065,
    "duration": 0,
    "pid": 16942,
    "index": 7
  },
  {
    "name": "Require(5) node_modules/_egg-i18n@2.1.1@egg-i18n/config/config.default.js",
    "start": 1569332903065,
    "end": 1569332903065,
    "duration": 0,
    "pid": 16942,
    "index": 8
  },
  {
    "name": "Require(6) node_modules/_egg-watcher@3.1.0@egg-watcher/config/config.default.js",
    "start": 1569332903065,
    "end": 1569332903066,
    "duration": 1,
    "pid": 16942,
    "index": 9
  },
  {
    "name": "Require(7) node_modules/_egg-schedule@3.6.4@egg-schedule/config/config.default.js",
    "start": 1569332903066,
    "end": 1569332903066,
    "duration": 0,
    "pid": 16942,
    "index": 10
  },
  {
    "name": "Require(8) node_modules/_egg-multipart@2.9.0@egg-multipart/config/config.default.js",
    "start": 1569332903066,
    "end": 1569332903067,
    "duration": 1,
    "pid": 16942,
    "index": 11
  },
  {
    "name": "Require(9) node_modules/_egg-development@2.4.3@egg-development/config/config.default.js",
    "start": 1569332903067,
    "end": 1569332903067,
    "duration": 0,
    "pid": 16942,
    "index": 12
  },
  {
    "name": "Require(10) node_modules/_egg-logrotator@3.1.0@egg-logrotator/config/config.default.js",
    "start": 1569332903067,
    "end": 1569332903068,
    "duration": 1,
    "pid": 16942,
    "index": 13
  },
  {
    "name": "Require(11) node_modules/_egg-static@2.2.0@egg-static/config/config.default.js",
    "start": 1569332903068,
    "end": 1569332903068,
    "duration": 0,
    "pid": 16942,
    "index": 14
  },
  {
    "name": "Require(12) node_modules/_egg-view@2.1.2@egg-view/config/config.default.js",
    "start": 1569332903068,
    "end": 1569332903068,
    "duration": 0,
    "pid": 16942,
    "index": 15
  },
  {
    "name": "Require(13) node_modules/_egg-mongoose@3.2.0@egg-mongoose/config/config.default.js",
    "start": 1569332903069,
    "end": 1569332903069,
    "duration": 0,
    "pid": 16942,
    "index": 16
  },
  {
    "name": "Require(14) node_modules/_egg-jwt@3.1.6@egg-jwt/config/config.default.js",
    "start": 1569332903069,
    "end": 1569332903069,
    "duration": 0,
    "pid": 16942,
    "index": 17
  },
  {
    "name": "Require(15) node_modules/_egg@2.23.0@egg/config/config.default.js",
    "start": 1569332903069,
    "end": 1569332903070,
    "duration": 1,
    "pid": 16942,
    "index": 18
  },
  {
    "name": "Require(16) config/config.default.js",
    "start": 1569332903071,
    "end": 1569332903071,
    "duration": 0,
    "pid": 16942,
    "index": 19
  },
  {
    "name": "Require(17) node_modules/_egg-security@2.6.1@egg-security/config/config.local.js",
    "start": 1569332903071,
    "end": 1569332903071,
    "duration": 0,
    "pid": 16942,
    "index": 20
  },
  {
    "name": "Require(18) node_modules/_egg-watcher@3.1.0@egg-watcher/config/config.local.js",
    "start": 1569332903071,
    "end": 1569332903071,
    "duration": 0,
    "pid": 16942,
    "index": 21
  },
  {
    "name": "Require(19) node_modules/_egg-view@2.1.2@egg-view/config/config.local.js",
    "start": 1569332903072,
    "end": 1569332903072,
    "duration": 0,
    "pid": 16942,
    "index": 22
  },
  {
    "name": "Require(20) node_modules/_egg@2.23.0@egg/config/config.local.js",
    "start": 1569332903072,
    "end": 1569332903072,
    "duration": 0,
    "pid": 16942,
    "index": 23
  },
  {
    "name": "Load extend/application.js",
    "start": 1569332903074,
    "end": 1569332903103,
    "duration": 29,
    "pid": 16942,
    "index": 24
  },
  {
    "name": "Require(21) node_modules/_egg-session@3.1.0@egg-session/app/extend/application.js",
    "start": 1569332903074,
    "end": 1569332903074,
    "duration": 0,
    "pid": 16942,
    "index": 25
  },
  {
    "name": "Require(22) node_modules/_egg-security@2.6.1@egg-security/app/extend/application.js",
    "start": 1569332903074,
    "end": 1569332903075,
    "duration": 1,
    "pid": 16942,
    "index": 26
  },
  {
    "name": "Require(23) node_modules/_egg-jsonp@2.0.0@egg-jsonp/app/extend/application.js",
    "start": 1569332903075,
    "end": 1569332903076,
    "duration": 1,
    "pid": 16942,
    "index": 27
  },
  {
    "name": "Require(24) node_modules/_egg-logrotator@3.1.0@egg-logrotator/app/extend/application.js",
    "start": 1569332903076,
    "end": 1569332903077,
    "duration": 1,
    "pid": 16942,
    "index": 28
  },
  {
    "name": "Require(25) node_modules/_egg-view@2.1.2@egg-view/app/extend/application.js",
    "start": 1569332903077,
    "end": 1569332903078,
    "duration": 1,
    "pid": 16942,
    "index": 29
  },
  {
    "name": "Require(26) node_modules/_egg-jwt@3.1.6@egg-jwt/app/extend/application.js",
    "start": 1569332903078,
    "end": 1569332903102,
    "duration": 24,
    "pid": 16942,
    "index": 30
  },
  {
    "name": "Load extend/request.js",
    "start": 1569332903103,
    "end": 1569332903105,
    "duration": 2,
    "pid": 16942,
    "index": 31
  },
  {
    "name": "Require(27) node_modules/_egg@2.23.0@egg/app/extend/request.js",
    "start": 1569332903103,
    "end": 1569332903104,
    "duration": 1,
    "pid": 16942,
    "index": 32
  },
  {
    "name": "Load extend/response.js",
    "start": 1569332903105,
    "end": 1569332903106,
    "duration": 1,
    "pid": 16942,
    "index": 33
  },
  {
    "name": "Require(28) node_modules/_egg@2.23.0@egg/app/extend/response.js",
    "start": 1569332903105,
    "end": 1569332903106,
    "duration": 1,
    "pid": 16942,
    "index": 34
  },
  {
    "name": "Load extend/context.js",
    "start": 1569332903106,
    "end": 1569332903147,
    "duration": 41,
    "pid": 16942,
    "index": 35
  },
  {
    "name": "Require(29) node_modules/_egg-security@2.6.1@egg-security/app/extend/context.js",
    "start": 1569332903107,
    "end": 1569332903111,
    "duration": 4,
    "pid": 16942,
    "index": 36
  },
  {
    "name": "Require(30) node_modules/_egg-jsonp@2.0.0@egg-jsonp/app/extend/context.js",
    "start": 1569332903111,
    "end": 1569332903112,
    "duration": 1,
    "pid": 16942,
    "index": 37
  },
  {
    "name": "Require(31) node_modules/_egg-i18n@2.1.1@egg-i18n/app/extend/context.js",
    "start": 1569332903112,
    "end": 1569332903112,
    "duration": 0,
    "pid": 16942,
    "index": 38
  },
  {
    "name": "Require(32) node_modules/_egg-multipart@2.9.0@egg-multipart/app/extend/context.js",
    "start": 1569332903112,
    "end": 1569332903142,
    "duration": 30,
    "pid": 16942,
    "index": 39
  },
  {
    "name": "Require(33) node_modules/_egg-view@2.1.2@egg-view/app/extend/context.js",
    "start": 1569332903143,
    "end": 1569332903145,
    "duration": 2,
    "pid": 16942,
    "index": 40
  },
  {
    "name": "Require(34) node_modules/_egg-mongoose@3.2.0@egg-mongoose/app/extend/context.js",
    "start": 1569332903145,
    "end": 1569332903145,
    "duration": 0,
    "pid": 16942,
    "index": 41
  },
  {
    "name": "Require(35) node_modules/_egg@2.23.0@egg/app/extend/context.js",
    "start": 1569332903145,
    "end": 1569332903146,
    "duration": 1,
    "pid": 16942,
    "index": 42
  },
  {
    "name": "Load extend/helper.js",
    "start": 1569332903147,
    "end": 1569332903155,
    "duration": 8,
    "pid": 16942,
    "index": 43
  },
  {
    "name": "Require(36) node_modules/_egg-security@2.6.1@egg-security/app/extend/helper.js",
    "start": 1569332903147,
    "end": 1569332903154,
    "duration": 7,
    "pid": 16942,
    "index": 44
  },
  {
    "name": "Require(37) node_modules/_egg@2.23.0@egg/app/extend/helper.js",
    "start": 1569332903155,
    "end": 1569332903155,
    "duration": 0,
    "pid": 16942,
    "index": 45
  },
  {
    "name": "Load app.js",
    "start": 1569332903155,
    "end": 1569332903169,
    "duration": 14,
    "pid": 16942,
    "index": 46
  },
  {
    "name": "Require(38) node_modules/_egg-session@3.1.0@egg-session/app.js",
    "start": 1569332903155,
    "end": 1569332903156,
    "duration": 1,
    "pid": 16942,
    "index": 47
  },
  {
    "name": "Require(39) node_modules/_egg-security@2.6.1@egg-security/app.js",
    "start": 1569332903156,
    "end": 1569332903156,
    "duration": 0,
    "pid": 16942,
    "index": 48
  },
  {
    "name": "Require(40) node_modules/_egg-onerror@2.1.0@egg-onerror/app.js",
    "start": 1569332903156,
    "end": 1569332903160,
    "duration": 4,
    "pid": 16942,
    "index": 49
  },
  {
    "name": "Require(41) node_modules/_egg-i18n@2.1.1@egg-i18n/app.js",
    "start": 1569332903160,
    "end": 1569332903163,
    "duration": 3,
    "pid": 16942,
    "index": 50
  },
  {
    "name": "Require(42) node_modules/_egg-watcher@3.1.0@egg-watcher/app.js",
    "start": 1569332903163,
    "end": 1569332903164,
    "duration": 1,
    "pid": 16942,
    "index": 51
  },
  {
    "name": "Require(43) node_modules/_egg-schedule@3.6.4@egg-schedule/app.js",
    "start": 1569332903164,
    "end": 1569332903165,
    "duration": 1,
    "pid": 16942,
    "index": 52
  },
  {
    "name": "Require(44) node_modules/_egg-multipart@2.9.0@egg-multipart/app.js",
    "start": 1569332903165,
    "end": 1569332903167,
    "duration": 2,
    "pid": 16942,
    "index": 53
  },
  {
    "name": "Require(45) node_modules/_egg-development@2.4.3@egg-development/app.js",
    "start": 1569332903167,
    "end": 1569332903167,
    "duration": 0,
    "pid": 16942,
    "index": 54
  },
  {
    "name": "Require(46) node_modules/_egg-logrotator@3.1.0@egg-logrotator/app.js",
    "start": 1569332903167,
    "end": 1569332903167,
    "duration": 0,
    "pid": 16942,
    "index": 55
  },
  {
    "name": "Require(47) node_modules/_egg-static@2.2.0@egg-static/app.js",
    "start": 1569332903167,
    "end": 1569332903168,
    "duration": 1,
    "pid": 16942,
    "index": 56
  },
  {
    "name": "Require(48) node_modules/_egg-mongoose@3.2.0@egg-mongoose/app.js",
    "start": 1569332903168,
    "end": 1569332903168,
    "duration": 0,
    "pid": 16942,
    "index": 57
  },
  {
    "name": "Require(49) node_modules/_egg-jwt@3.1.6@egg-jwt/app.js",
    "start": 1569332903168,
    "end": 1569332903168,
    "duration": 0,
    "pid": 16942,
    "index": 58
  },
  {
    "name": "Before Start in node_modules/_egg-watcher@3.1.0@egg-watcher/lib/init.js:15:14",
    "start": 1569332903179,
    "end": 1569332903532,
    "duration": 353,
    "pid": 16942,
    "index": 59
  },
  {
    "name": "Before Start in node_modules/_egg-mongoose@3.2.0@egg-mongoose/lib/mongoose.js:91:7",
    "start": 1569332903408,
    "end": 1569332903529,
    "duration": 121,
    "pid": 16942,
    "index": 60
  },
  {
    "name": "Before Start in node_modules/_egg-mongoose@3.2.0@egg-mongoose/lib/mongoose.js:49:9",
    "start": 1569332903409,
    "end": 1569332903510,
    "duration": 101,
    "pid": 16942,
    "index": 61
  },
  {
    "name": "Load Service",
    "start": 1569332903409,
    "end": 1569332903441,
    "duration": 32,
    "pid": 16942,
    "index": 62
  },
  {
    "name": "Load \"service\" to Context",
    "start": 1569332903409,
    "end": 1569332903441,
    "duration": 32,
    "pid": 16942,
    "index": 63
  },
  {
    "name": "Load Middleware",
    "start": 1569332903441,
    "end": 1569332903481,
    "duration": 40,
    "pid": 16942,
    "index": 64
  },
  {
    "name": "Load \"middlewares\" to Application",
    "start": 1569332903441,
    "end": 1569332903475,
    "duration": 34,
    "pid": 16942,
    "index": 65
  },
  {
    "name": "Load Controller",
    "start": 1569332903481,
    "end": 1569332903484,
    "duration": 3,
    "pid": 16942,
    "index": 66
  },
  {
    "name": "Load \"controller\" to Application",
    "start": 1569332903481,
    "end": 1569332903484,
    "duration": 3,
    "pid": 16942,
    "index": 67
  },
  {
    "name": "Load Router",
    "start": 1569332903484,
    "end": 1569332903486,
    "duration": 2,
    "pid": 16942,
    "index": 68
  },
  {
    "name": "Require(50) app/router.js",
    "start": 1569332903484,
    "end": 1569332903484,
    "duration": 0,
    "pid": 16942,
    "index": 69
  },
  {
    "name": "Before Start in node_modules/_egg-core@4.17.3@egg-core/lib/egg.js:303:10",
    "start": 1569332903485,
    "end": 1569332903510,
    "duration": 25,
    "pid": 16942,
    "index": 70
  },
  {
    "name": "Load \"model\" to Application",
    "start": 1569332903498,
    "end": 1569332903509,
    "duration": 11,
    "pid": 16942,
    "index": 71
  }
]