[
  {
    "name": "Application Start",
    "start": 1569330830479,
    "end": 1569330830932,
    "duration": 453,
    "pid": 16094,
    "index": 0
  },
  {
    "name": "Load Plugin",
    "start": 1569330830483,
    "end": 1569330830489,
    "duration": 6,
    "pid": 16094,
    "index": 1
  },
  {
    "name": "Load Config",
    "start": 1569330830490,
    "end": 1569330830502,
    "duration": 12,
    "pid": 16094,
    "index": 2
  },
  {
    "name": "Require(0) config/config.default.js",
    "start": 1569330830490,
    "end": 1569330830490,
    "duration": 0,
    "pid": 16094,
    "index": 3
  },
  {
    "name": "Require(1) node_modules/_egg-session@3.1.0@egg-session/config/config.default.js",
    "start": 1569330830491,
    "end": 1569330830491,
    "duration": 0,
    "pid": 16094,
    "index": 4
  },
  {
    "name": "Require(2) node_modules/_egg-security@2.6.1@egg-security/config/config.default.js",
    "start": 1569330830492,
    "end": 1569330830492,
    "duration": 0,
    "pid": 16094,
    "index": 5
  },
  {
    "name": "Require(3) node_modules/_egg-jsonp@2.0.0@egg-jsonp/config/config.default.js",
    "start": 1569330830493,
    "end": 1569330830495,
    "duration": 2,
    "pid": 16094,
    "index": 6
  },
  {
    "name": "Require(4) node_modules/_egg-onerror@2.1.0@egg-onerror/config/config.default.js",
    "start": 1569330830495,
    "end": 1569330830495,
    "duration": 0,
    "pid": 16094,
    "index": 7
  },
  {
    "name": "Require(5) node_modules/_egg-i18n@2.1.1@egg-i18n/config/config.default.js",
    "start": 1569330830495,
    "end": 1569330830495,
    "duration": 0,
    "pid": 16094,
    "index": 8
  },
  {
    "name": "Require(6) node_modules/_egg-watcher@3.1.0@egg-watcher/config/config.default.js",
    "start": 1569330830495,
    "end": 1569330830496,
    "duration": 1,
    "pid": 16094,
    "index": 9
  },
  {
    "name": "Require(7) node_modules/_egg-schedule@3.6.4@egg-schedule/config/config.default.js",
    "start": 1569330830496,
    "end": 1569330830496,
    "duration": 0,
    "pid": 16094,
    "index": 10
  },
  {
    "name": "Require(8) node_modules/_egg-multipart@2.9.0@egg-multipart/config/config.default.js",
    "start": 1569330830496,
    "end": 1569330830496,
    "duration": 0,
    "pid": 16094,
    "index": 11
  },
  {
    "name": "Require(9) node_modules/_egg-development@2.4.3@egg-development/config/config.default.js",
    "start": 1569330830496,
    "end": 1569330830497,
    "duration": 1,
    "pid": 16094,
    "index": 12
  },
  {
    "name": "Require(10) node_modules/_egg-logrotator@3.1.0@egg-logrotator/config/config.default.js",
    "start": 1569330830497,
    "end": 1569330830497,
    "duration": 0,
    "pid": 16094,
    "index": 13
  },
  {
    "name": "Require(11) node_modules/_egg-static@2.2.0@egg-static/config/config.default.js",
    "start": 1569330830497,
    "end": 1569330830497,
    "duration": 0,
    "pid": 16094,
    "index": 14
  },
  {
    "name": "Require(12) node_modules/_egg-view@2.1.2@egg-view/config/config.default.js",
    "start": 1569330830497,
    "end": 1569330830498,
    "duration": 1,
    "pid": 16094,
    "index": 15
  },
  {
    "name": "Require(13) node_modules/_egg-mongoose@3.2.0@egg-mongoose/config/config.default.js",
    "start": 1569330830498,
    "end": 1569330830498,
    "duration": 0,
    "pid": 16094,
    "index": 16
  },
  {
    "name": "Require(14) node_modules/_egg-jwt@3.1.6@egg-jwt/config/config.default.js",
    "start": 1569330830498,
    "end": 1569330830498,
    "duration": 0,
    "pid": 16094,
    "index": 17
  },
  {
    "name": "Require(15) node_modules/_egg@2.23.0@egg/config/config.default.js",
    "start": 1569330830498,
    "end": 1569330830499,
    "duration": 1,
    "pid": 16094,
    "index": 18
  },
  {
    "name": "Require(16) config/config.default.js",
    "start": 1569330830500,
    "end": 1569330830500,
    "duration": 0,
    "pid": 16094,
    "index": 19
  },
  {
    "name": "Require(17) node_modules/_egg-security@2.6.1@egg-security/config/config.local.js",
    "start": 1569330830500,
    "end": 1569330830500,
    "duration": 0,
    "pid": 16094,
    "index": 20
  },
  {
    "name": "Require(18) node_modules/_egg-watcher@3.1.0@egg-watcher/config/config.local.js",
    "start": 1569330830500,
    "end": 1569330830501,
    "duration": 1,
    "pid": 16094,
    "index": 21
  },
  {
    "name": "Require(19) node_modules/_egg-view@2.1.2@egg-view/config/config.local.js",
    "start": 1569330830501,
    "end": 1569330830501,
    "duration": 0,
    "pid": 16094,
    "index": 22
  },
  {
    "name": "Require(20) node_modules/_egg@2.23.0@egg/config/config.local.js",
    "start": 1569330830502,
    "end": 1569330830502,
    "duration": 0,
    "pid": 16094,
    "index": 23
  },
  {
    "name": "Load extend/application.js",
    "start": 1569330830504,
    "end": 1569330830530,
    "duration": 26,
    "pid": 16094,
    "index": 24
  },
  {
    "name": "Require(21) node_modules/_egg-session@3.1.0@egg-session/app/extend/application.js",
    "start": 1569330830504,
    "end": 1569330830504,
    "duration": 0,
    "pid": 16094,
    "index": 25
  },
  {
    "name": "Require(22) node_modules/_egg-security@2.6.1@egg-security/app/extend/application.js",
    "start": 1569330830505,
    "end": 1569330830505,
    "duration": 0,
    "pid": 16094,
    "index": 26
  },
  {
    "name": "Require(23) node_modules/_egg-jsonp@2.0.0@egg-jsonp/app/extend/application.js",
    "start": 1569330830505,
    "end": 1569330830506,
    "duration": 1,
    "pid": 16094,
    "index": 27
  },
  {
    "name": "Require(24) node_modules/_egg-logrotator@3.1.0@egg-logrotator/app/extend/application.js",
    "start": 1569330830506,
    "end": 1569330830507,
    "duration": 1,
    "pid": 16094,
    "index": 28
  },
  {
    "name": "Require(25) node_modules/_egg-view@2.1.2@egg-view/app/extend/application.js",
    "start": 1569330830507,
    "end": 1569330830508,
    "duration": 1,
    "pid": 16094,
    "index": 29
  },
  {
    "name": "Require(26) node_modules/_egg-jwt@3.1.6@egg-jwt/app/extend/application.js",
    "start": 1569330830508,
    "end": 1569330830529,
    "duration": 21,
    "pid": 16094,
    "index": 30
  },
  {
    "name": "Load extend/request.js",
    "start": 1569330830530,
    "end": 1569330830532,
    "duration": 2,
    "pid": 16094,
    "index": 31
  },
  {
    "name": "Require(27) node_modules/_egg@2.23.0@egg/app/extend/request.js",
    "start": 1569330830530,
    "end": 1569330830531,
    "duration": 1,
    "pid": 16094,
    "index": 32
  },
  {
    "name": "Load extend/response.js",
    "start": 1569330830532,
    "end": 1569330830533,
    "duration": 1,
    "pid": 16094,
    "index": 33
  },
  {
    "name": "Require(28) node_modules/_egg@2.23.0@egg/app/extend/response.js",
    "start": 1569330830532,
    "end": 1569330830533,
    "duration": 1,
    "pid": 16094,
    "index": 34
  },
  {
    "name": "Load extend/context.js",
    "start": 1569330830533,
    "end": 1569330830572,
    "duration": 39,
    "pid": 16094,
    "index": 35
  },
  {
    "name": "Require(29) node_modules/_egg-security@2.6.1@egg-security/app/extend/context.js",
    "start": 1569330830533,
    "end": 1569330830538,
    "duration": 5,
    "pid": 16094,
    "index": 36
  },
  {
    "name": "Require(30) node_modules/_egg-jsonp@2.0.0@egg-jsonp/app/extend/context.js",
    "start": 1569330830538,
    "end": 1569330830538,
    "duration": 0,
    "pid": 16094,
    "index": 37
  },
  {
    "name": "Require(31) node_modules/_egg-i18n@2.1.1@egg-i18n/app/extend/context.js",
    "start": 1569330830538,
    "end": 1569330830539,
    "duration": 1,
    "pid": 16094,
    "index": 38
  },
  {
    "name": "Require(32) node_modules/_egg-multipart@2.9.0@egg-multipart/app/extend/context.js",
    "start": 1569330830539,
    "end": 1569330830570,
    "duration": 31,
    "pid": 16094,
    "index": 39
  },
  {
    "name": "Require(33) node_modules/_egg-view@2.1.2@egg-view/app/extend/context.js",
    "start": 1569330830570,
    "end": 1569330830571,
    "duration": 1,
    "pid": 16094,
    "index": 40
  },
  {
    "name": "Require(34) node_modules/_egg-mongoose@3.2.0@egg-mongoose/app/extend/context.js",
    "start": 1569330830571,
    "end": 1569330830571,
    "duration": 0,
    "pid": 16094,
    "index": 41
  },
  {
    "name": "Require(35) node_modules/_egg@2.23.0@egg/app/extend/context.js",
    "start": 1569330830571,
    "end": 1569330830572,
    "duration": 1,
    "pid": 16094,
    "index": 42
  },
  {
    "name": "Load extend/helper.js",
    "start": 1569330830572,
    "end": 1569330830581,
    "duration": 9,
    "pid": 16094,
    "index": 43
  },
  {
    "name": "Require(36) node_modules/_egg-security@2.6.1@egg-security/app/extend/helper.js",
    "start": 1569330830573,
    "end": 1569330830579,
    "duration": 6,
    "pid": 16094,
    "index": 44
  },
  {
    "name": "Require(37) node_modules/_egg@2.23.0@egg/app/extend/helper.js",
    "start": 1569330830580,
    "end": 1569330830580,
    "duration": 0,
    "pid": 16094,
    "index": 45
  },
  {
    "name": "Load app.js",
    "start": 1569330830581,
    "end": 1569330830593,
    "duration": 12,
    "pid": 16094,
    "index": 46
  },
  {
    "name": "Require(38) node_modules/_egg-session@3.1.0@egg-session/app.js",
    "start": 1569330830581,
    "end": 1569330830581,
    "duration": 0,
    "pid": 16094,
    "index": 47
  },
  {
    "name": "Require(39) node_modules/_egg-security@2.6.1@egg-security/app.js",
    "start": 1569330830581,
    "end": 1569330830582,
    "duration": 1,
    "pid": 16094,
    "index": 48
  },
  {
    "name": "Require(40) node_modules/_egg-onerror@2.1.0@egg-onerror/app.js",
    "start": 1569330830582,
    "end": 1569330830586,
    "duration": 4,
    "pid": 16094,
    "index": 49
  },
  {
    "name": "Require(41) node_modules/_egg-i18n@2.1.1@egg-i18n/app.js",
    "start": 1569330830586,
    "end": 1569330830589,
    "duration": 3,
    "pid": 16094,
    "index": 50
  },
  {
    "name": "Require(42) node_modules/_egg-watcher@3.1.0@egg-watcher/app.js",
    "start": 1569330830589,
    "end": 1569330830590,
    "duration": 1,
    "pid": 16094,
    "index": 51
  },
  {
    "name": "Require(43) node_modules/_egg-schedule@3.6.4@egg-schedule/app.js",
    "start": 1569330830590,
    "end": 1569330830591,
    "duration": 1,
    "pid": 16094,
    "index": 52
  },
  {
    "name": "Require(44) node_modules/_egg-multipart@2.9.0@egg-multipart/app.js",
    "start": 1569330830591,
    "end": 1569330830592,
    "duration": 1,
    "pid": 16094,
    "index": 53
  },
  {
    "name": "Require(45) node_modules/_egg-development@2.4.3@egg-development/app.js",
    "start": 1569330830592,
    "end": 1569330830592,
    "duration": 0,
    "pid": 16094,
    "index": 54
  },
  {
    "name": "Require(46) node_modules/_egg-logrotator@3.1.0@egg-logrotator/app.js",
    "start": 1569330830592,
    "end": 1569330830592,
    "duration": 0,
    "pid": 16094,
    "index": 55
  },
  {
    "name": "Require(47) node_modules/_egg-static@2.2.0@egg-static/app.js",
    "start": 1569330830592,
    "end": 1569330830593,
    "duration": 1,
    "pid": 16094,
    "index": 56
  },
  {
    "name": "Require(48) node_modules/_egg-mongoose@3.2.0@egg-mongoose/app.js",
    "start": 1569330830593,
    "end": 1569330830593,
    "duration": 0,
    "pid": 16094,
    "index": 57
  },
  {
    "name": "Require(49) node_modules/_egg-jwt@3.1.6@egg-jwt/app.js",
    "start": 1569330830593,
    "end": 1569330830593,
    "duration": 0,
    "pid": 16094,
    "index": 58
  },
  {
    "name": "Before Start in node_modules/_egg-watcher@3.1.0@egg-watcher/lib/init.js:15:14",
    "start": 1569330830602,
    "end": 1569330830931,
    "duration": 329,
    "pid": 16094,
    "index": 59
  },
  {
    "name": "Before Start in node_modules/_egg-mongoose@3.2.0@egg-mongoose/lib/mongoose.js:91:7",
    "start": 1569330830817,
    "end": 1569330830928,
    "duration": 111,
    "pid": 16094,
    "index": 60
  },
  {
    "name": "Before Start in node_modules/_egg-mongoose@3.2.0@egg-mongoose/lib/mongoose.js:49:9",
    "start": 1569330830818,
    "end": 1569330830910,
    "duration": 92,
    "pid": 16094,
    "index": 61
  },
  {
    "name": "Load Service",
    "start": 1569330830818,
    "end": 1569330830847,
    "duration": 29,
    "pid": 16094,
    "index": 62
  },
  {
    "name": "Load \"service\" to Context",
    "start": 1569330830818,
    "end": 1569330830847,
    "duration": 29,
    "pid": 16094,
    "index": 63
  },
  {
    "name": "Load Middleware",
    "start": 1569330830847,
    "end": 1569330830884,
    "duration": 37,
    "pid": 16094,
    "index": 64
  },
  {
    "name": "Load \"middlewares\" to Application",
    "start": 1569330830847,
    "end": 1569330830878,
    "duration": 31,
    "pid": 16094,
    "index": 65
  },
  {
    "name": "Load Controller",
    "start": 1569330830884,
    "end": 1569330830887,
    "duration": 3,
    "pid": 16094,
    "index": 66
  },
  {
    "name": "Load \"controller\" to Application",
    "start": 1569330830884,
    "end": 1569330830887,
    "duration": 3,
    "pid": 16094,
    "index": 67
  },
  {
    "name": "Load Router",
    "start": 1569330830888,
    "end": 1569330830889,
    "duration": 1,
    "pid": 16094,
    "index": 68
  },
  {
    "name": "Require(50) app/router.js",
    "start": 1569330830888,
    "end": 1569330830888,
    "duration": 0,
    "pid": 16094,
    "index": 69
  },
  {
    "name": "Before Start in node_modules/_egg-core@4.17.3@egg-core/lib/egg.js:303:10",
    "start": 1569330830888,
    "end": 1569330830910,
    "duration": 22,
    "pid": 16094,
    "index": 70
  },
  {
    "name": "Load \"model\" to Application",
    "start": 1569330830898,
    "end": 1569330830909,
    "duration": 11,
    "pid": 16094,
    "index": 71
  }
]