[
  {
    "name": "Application Start",
    "start": 1569332528882,
    "end": 1569332529346,
    "duration": 464,
    "pid": 16792,
    "index": 0
  },
  {
    "name": "Load Plugin",
    "start": 1569332528886,
    "end": 1569332528893,
    "duration": 7,
    "pid": 16792,
    "index": 1
  },
  {
    "name": "Load Config",
    "start": 1569332528893,
    "end": 1569332528908,
    "duration": 15,
    "pid": 16792,
    "index": 2
  },
  {
    "name": "Require(0) config/config.default.js",
    "start": 1569332528894,
    "end": 1569332528894,
    "duration": 0,
    "pid": 16792,
    "index": 3
  },
  {
    "name": "Require(1) node_modules/_egg-session@3.1.0@egg-session/config/config.default.js",
    "start": 1569332528895,
    "end": 1569332528896,
    "duration": 1,
    "pid": 16792,
    "index": 4
  },
  {
    "name": "Require(2) node_modules/_egg-security@2.6.1@egg-security/config/config.default.js",
    "start": 1569332528896,
    "end": 1569332528896,
    "duration": 0,
    "pid": 16792,
    "index": 5
  },
  {
    "name": "Require(3) node_modules/_egg-jsonp@2.0.0@egg-jsonp/config/config.default.js",
    "start": 1569332528897,
    "end": 1569332528899,
    "duration": 2,
    "pid": 16792,
    "index": 6
  },
  {
    "name": "Require(4) node_modules/_egg-onerror@2.1.0@egg-onerror/config/config.default.js",
    "start": 1569332528899,
    "end": 1569332528899,
    "duration": 0,
    "pid": 16792,
    "index": 7
  },
  {
    "name": "Require(5) node_modules/_egg-i18n@2.1.1@egg-i18n/config/config.default.js",
    "start": 1569332528899,
    "end": 1569332528900,
    "duration": 1,
    "pid": 16792,
    "index": 8
  },
  {
    "name": "Require(6) node_modules/_egg-watcher@3.1.0@egg-watcher/config/config.default.js",
    "start": 1569332528900,
    "end": 1569332528900,
    "duration": 0,
    "pid": 16792,
    "index": 9
  },
  {
    "name": "Require(7) node_modules/_egg-schedule@3.6.4@egg-schedule/config/config.default.js",
    "start": 1569332528900,
    "end": 1569332528900,
    "duration": 0,
    "pid": 16792,
    "index": 10
  },
  {
    "name": "Require(8) node_modules/_egg-multipart@2.9.0@egg-multipart/config/config.default.js",
    "start": 1569332528901,
    "end": 1569332528901,
    "duration": 0,
    "pid": 16792,
    "index": 11
  },
  {
    "name": "Require(9) node_modules/_egg-development@2.4.3@egg-development/config/config.default.js",
    "start": 1569332528901,
    "end": 1569332528901,
    "duration": 0,
    "pid": 16792,
    "index": 12
  },
  {
    "name": "Require(10) node_modules/_egg-logrotator@3.1.0@egg-logrotator/config/config.default.js",
    "start": 1569332528901,
    "end": 1569332528902,
    "duration": 1,
    "pid": 16792,
    "index": 13
  },
  {
    "name": "Require(11) node_modules/_egg-static@2.2.0@egg-static/config/config.default.js",
    "start": 1569332528902,
    "end": 1569332528902,
    "duration": 0,
    "pid": 16792,
    "index": 14
  },
  {
    "name": "Require(12) node_modules/_egg-view@2.1.2@egg-view/config/config.default.js",
    "start": 1569332528902,
    "end": 1569332528903,
    "duration": 1,
    "pid": 16792,
    "index": 15
  },
  {
    "name": "Require(13) node_modules/_egg-mongoose@3.2.0@egg-mongoose/config/config.default.js",
    "start": 1569332528903,
    "end": 1569332528903,
    "duration": 0,
    "pid": 16792,
    "index": 16
  },
  {
    "name": "Require(14) node_modules/_egg-jwt@3.1.6@egg-jwt/config/config.default.js",
    "start": 1569332528903,
    "end": 1569332528904,
    "duration": 1,
    "pid": 16792,
    "index": 17
  },
  {
    "name": "Require(15) node_modules/_egg@2.23.0@egg/config/config.default.js",
    "start": 1569332528904,
    "end": 1569332528905,
    "duration": 1,
    "pid": 16792,
    "index": 18
  },
  {
    "name": "Require(16) config/config.default.js",
    "start": 1569332528906,
    "end": 1569332528906,
    "duration": 0,
    "pid": 16792,
    "index": 19
  },
  {
    "name": "Require(17) node_modules/_egg-security@2.6.1@egg-security/config/config.local.js",
    "start": 1569332528907,
    "end": 1569332528907,
    "duration": 0,
    "pid": 16792,
    "index": 20
  },
  {
    "name": "Require(18) node_modules/_egg-watcher@3.1.0@egg-watcher/config/config.local.js",
    "start": 1569332528907,
    "end": 1569332528907,
    "duration": 0,
    "pid": 16792,
    "index": 21
  },
  {
    "name": "Require(19) node_modules/_egg-view@2.1.2@egg-view/config/config.local.js",
    "start": 1569332528908,
    "end": 1569332528908,
    "duration": 0,
    "pid": 16792,
    "index": 22
  },
  {
    "name": "Require(20) node_modules/_egg@2.23.0@egg/config/config.local.js",
    "start": 1569332528908,
    "end": 1569332528908,
    "duration": 0,
    "pid": 16792,
    "index": 23
  },
  {
    "name": "Load extend/application.js",
    "start": 1569332528910,
    "end": 1569332528938,
    "duration": 28,
    "pid": 16792,
    "index": 24
  },
  {
    "name": "Require(21) node_modules/_egg-session@3.1.0@egg-session/app/extend/application.js",
    "start": 1569332528910,
    "end": 1569332528910,
    "duration": 0,
    "pid": 16792,
    "index": 25
  },
  {
    "name": "Require(22) node_modules/_egg-security@2.6.1@egg-security/app/extend/application.js",
    "start": 1569332528910,
    "end": 1569332528911,
    "duration": 1,
    "pid": 16792,
    "index": 26
  },
  {
    "name": "Require(23) node_modules/_egg-jsonp@2.0.0@egg-jsonp/app/extend/application.js",
    "start": 1569332528911,
    "end": 1569332528912,
    "duration": 1,
    "pid": 16792,
    "index": 27
  },
  {
    "name": "Require(24) node_modules/_egg-logrotator@3.1.0@egg-logrotator/app/extend/application.js",
    "start": 1569332528912,
    "end": 1569332528913,
    "duration": 1,
    "pid": 16792,
    "index": 28
  },
  {
    "name": "Require(25) node_modules/_egg-view@2.1.2@egg-view/app/extend/application.js",
    "start": 1569332528913,
    "end": 1569332528914,
    "duration": 1,
    "pid": 16792,
    "index": 29
  },
  {
    "name": "Require(26) node_modules/_egg-jwt@3.1.6@egg-jwt/app/extend/application.js",
    "start": 1569332528914,
    "end": 1569332528937,
    "duration": 23,
    "pid": 16792,
    "index": 30
  },
  {
    "name": "Load extend/request.js",
    "start": 1569332528938,
    "end": 1569332528940,
    "duration": 2,
    "pid": 16792,
    "index": 31
  },
  {
    "name": "Require(27) node_modules/_egg@2.23.0@egg/app/extend/request.js",
    "start": 1569332528939,
    "end": 1569332528939,
    "duration": 0,
    "pid": 16792,
    "index": 32
  },
  {
    "name": "Load extend/response.js",
    "start": 1569332528940,
    "end": 1569332528941,
    "duration": 1,
    "pid": 16792,
    "index": 33
  },
  {
    "name": "Require(28) node_modules/_egg@2.23.0@egg/app/extend/response.js",
    "start": 1569332528940,
    "end": 1569332528941,
    "duration": 1,
    "pid": 16792,
    "index": 34
  },
  {
    "name": "Load extend/context.js",
    "start": 1569332528941,
    "end": 1569332528983,
    "duration": 42,
    "pid": 16792,
    "index": 35
  },
  {
    "name": "Require(29) node_modules/_egg-security@2.6.1@egg-security/app/extend/context.js",
    "start": 1569332528941,
    "end": 1569332528946,
    "duration": 5,
    "pid": 16792,
    "index": 36
  },
  {
    "name": "Require(30) node_modules/_egg-jsonp@2.0.0@egg-jsonp/app/extend/context.js",
    "start": 1569332528946,
    "end": 1569332528947,
    "duration": 1,
    "pid": 16792,
    "index": 37
  },
  {
    "name": "Require(31) node_modules/_egg-i18n@2.1.1@egg-i18n/app/extend/context.js",
    "start": 1569332528947,
    "end": 1569332528947,
    "duration": 0,
    "pid": 16792,
    "index": 38
  },
  {
    "name": "Require(32) node_modules/_egg-multipart@2.9.0@egg-multipart/app/extend/context.js",
    "start": 1569332528947,
    "end": 1569332528980,
    "duration": 33,
    "pid": 16792,
    "index": 39
  },
  {
    "name": "Require(33) node_modules/_egg-view@2.1.2@egg-view/app/extend/context.js",
    "start": 1569332528980,
    "end": 1569332528981,
    "duration": 1,
    "pid": 16792,
    "index": 40
  },
  {
    "name": "Require(34) node_modules/_egg-mongoose@3.2.0@egg-mongoose/app/extend/context.js",
    "start": 1569332528981,
    "end": 1569332528981,
    "duration": 0,
    "pid": 16792,
    "index": 41
  },
  {
    "name": "Require(35) node_modules/_egg@2.23.0@egg/app/extend/context.js",
    "start": 1569332528981,
    "end": 1569332528982,
    "duration": 1,
    "pid": 16792,
    "index": 42
  },
  {
    "name": "Load extend/helper.js",
    "start": 1569332528983,
    "end": 1569332528991,
    "duration": 8,
    "pid": 16792,
    "index": 43
  },
  {
    "name": "Require(36) node_modules/_egg-security@2.6.1@egg-security/app/extend/helper.js",
    "start": 1569332528983,
    "end": 1569332528990,
    "duration": 7,
    "pid": 16792,
    "index": 44
  },
  {
    "name": "Require(37) node_modules/_egg@2.23.0@egg/app/extend/helper.js",
    "start": 1569332528991,
    "end": 1569332528991,
    "duration": 0,
    "pid": 16792,
    "index": 45
  },
  {
    "name": "Load app.js",
    "start": 1569332528992,
    "end": 1569332529004,
    "duration": 12,
    "pid": 16792,
    "index": 46
  },
  {
    "name": "Require(38) node_modules/_egg-session@3.1.0@egg-session/app.js",
    "start": 1569332528992,
    "end": 1569332528992,
    "duration": 0,
    "pid": 16792,
    "index": 47
  },
  {
    "name": "Require(39) node_modules/_egg-security@2.6.1@egg-security/app.js",
    "start": 1569332528992,
    "end": 1569332528993,
    "duration": 1,
    "pid": 16792,
    "index": 48
  },
  {
    "name": "Require(40) node_modules/_egg-onerror@2.1.0@egg-onerror/app.js",
    "start": 1569332528993,
    "end": 1569332528997,
    "duration": 4,
    "pid": 16792,
    "index": 49
  },
  {
    "name": "Require(41) node_modules/_egg-i18n@2.1.1@egg-i18n/app.js",
    "start": 1569332528997,
    "end": 1569332528999,
    "duration": 2,
    "pid": 16792,
    "index": 50
  },
  {
    "name": "Require(42) node_modules/_egg-watcher@3.1.0@egg-watcher/app.js",
    "start": 1569332528999,
    "end": 1569332529001,
    "duration": 2,
    "pid": 16792,
    "index": 51
  },
  {
    "name": "Require(43) node_modules/_egg-schedule@3.6.4@egg-schedule/app.js",
    "start": 1569332529001,
    "end": 1569332529002,
    "duration": 1,
    "pid": 16792,
    "index": 52
  },
  {
    "name": "Require(44) node_modules/_egg-multipart@2.9.0@egg-multipart/app.js",
    "start": 1569332529002,
    "end": 1569332529003,
    "duration": 1,
    "pid": 16792,
    "index": 53
  },
  {
    "name": "Require(45) node_modules/_egg-development@2.4.3@egg-development/app.js",
    "start": 1569332529003,
    "end": 1569332529003,
    "duration": 0,
    "pid": 16792,
    "index": 54
  },
  {
    "name": "Require(46) node_modules/_egg-logrotator@3.1.0@egg-logrotator/app.js",
    "start": 1569332529003,
    "end": 1569332529003,
    "duration": 0,
    "pid": 16792,
    "index": 55
  },
  {
    "name": "Require(47) node_modules/_egg-static@2.2.0@egg-static/app.js",
    "start": 1569332529003,
    "end": 1569332529003,
    "duration": 0,
    "pid": 16792,
    "index": 56
  },
  {
    "name": "Require(48) node_modules/_egg-mongoose@3.2.0@egg-mongoose/app.js",
    "start": 1569332529004,
    "end": 1569332529004,
    "duration": 0,
    "pid": 16792,
    "index": 57
  },
  {
    "name": "Require(49) node_modules/_egg-jwt@3.1.6@egg-jwt/app.js",
    "start": 1569332529004,
    "end": 1569332529004,
    "duration": 0,
    "pid": 16792,
    "index": 58
  },
  {
    "name": "Before Start in node_modules/_egg-watcher@3.1.0@egg-watcher/lib/init.js:15:14",
    "start": 1569332529013,
    "end": 1569332529345,
    "duration": 332,
    "pid": 16792,
    "index": 59
  },
  {
    "name": "Before Start in node_modules/_egg-mongoose@3.2.0@egg-mongoose/lib/mongoose.js:91:7",
    "start": 1569332529232,
    "end": 1569332529343,
    "duration": 111,
    "pid": 16792,
    "index": 60
  },
  {
    "name": "Before Start in node_modules/_egg-mongoose@3.2.0@egg-mongoose/lib/mongoose.js:49:9",
    "start": 1569332529232,
    "end": 1569332529323,
    "duration": 91,
    "pid": 16792,
    "index": 61
  },
  {
    "name": "Load Service",
    "start": 1569332529232,
    "end": 1569332529260,
    "duration": 28,
    "pid": 16792,
    "index": 62
  },
  {
    "name": "Load \"service\" to Context",
    "start": 1569332529232,
    "end": 1569332529260,
    "duration": 28,
    "pid": 16792,
    "index": 63
  },
  {
    "name": "Load Middleware",
    "start": 1569332529260,
    "end": 1569332529295,
    "duration": 35,
    "pid": 16792,
    "index": 64
  },
  {
    "name": "Load \"middlewares\" to Application",
    "start": 1569332529261,
    "end": 1569332529291,
    "duration": 30,
    "pid": 16792,
    "index": 65
  },
  {
    "name": "Load Controller",
    "start": 1569332529295,
    "end": 1569332529299,
    "duration": 4,
    "pid": 16792,
    "index": 66
  },
  {
    "name": "Load \"controller\" to Application",
    "start": 1569332529296,
    "end": 1569332529299,
    "duration": 3,
    "pid": 16792,
    "index": 67
  },
  {
    "name": "Load Router",
    "start": 1569332529299,
    "end": 1569332529302,
    "duration": 3,
    "pid": 16792,
    "index": 68
  },
  {
    "name": "Require(50) app/router.js",
    "start": 1569332529300,
    "end": 1569332529301,
    "duration": 1,
    "pid": 16792,
    "index": 69
  },
  {
    "name": "Before Start in node_modules/_egg-core@4.17.3@egg-core/lib/egg.js:303:10",
    "start": 1569332529301,
    "end": 1569332529323,
    "duration": 22,
    "pid": 16792,
    "index": 70
  },
  {
    "name": "Load \"model\" to Application",
    "start": 1569332529311,
    "end": 1569332529322,
    "duration": 11,
    "pid": 16792,
    "index": 71
  }
]