[
  {
    "name": "Application Start",
    "start": 1569332826375,
    "end": 1569332826963,
    "duration": 588,
    "pid": 16907,
    "index": 0
  },
  {
    "name": "Load Plugin",
    "start": 1569332826379,
    "end": 1569332826386,
    "duration": 7,
    "pid": 16907,
    "index": 1
  },
  {
    "name": "Load Config",
    "start": 1569332826386,
    "end": 1569332826398,
    "duration": 12,
    "pid": 16907,
    "index": 2
  },
  {
    "name": "Require(0) config/config.default.js",
    "start": 1569332826387,
    "end": 1569332826387,
    "duration": 0,
    "pid": 16907,
    "index": 3
  },
  {
    "name": "Require(1) node_modules/_egg-session@3.1.0@egg-session/config/config.default.js",
    "start": 1569332826388,
    "end": 1569332826389,
    "duration": 1,
    "pid": 16907,
    "index": 4
  },
  {
    "name": "Require(2) node_modules/_egg-security@2.6.1@egg-security/config/config.default.js",
    "start": 1569332826389,
    "end": 1569332826389,
    "duration": 0,
    "pid": 16907,
    "index": 5
  },
  {
    "name": "Require(3) node_modules/_egg-jsonp@2.0.0@egg-jsonp/config/config.default.js",
    "start": 1569332826390,
    "end": 1569332826392,
    "duration": 2,
    "pid": 16907,
    "index": 6
  },
  {
    "name": "Require(4) node_modules/_egg-onerror@2.1.0@egg-onerror/config/config.default.js",
    "start": 1569332826392,
    "end": 1569332826392,
    "duration": 0,
    "pid": 16907,
    "index": 7
  },
  {
    "name": "Require(5) node_modules/_egg-i18n@2.1.1@egg-i18n/config/config.default.js",
    "start": 1569332826392,
    "end": 1569332826392,
    "duration": 0,
    "pid": 16907,
    "index": 8
  },
  {
    "name": "Require(6) node_modules/_egg-watcher@3.1.0@egg-watcher/config/config.default.js",
    "start": 1569332826392,
    "end": 1569332826393,
    "duration": 1,
    "pid": 16907,
    "index": 9
  },
  {
    "name": "Require(7) node_modules/_egg-schedule@3.6.4@egg-schedule/config/config.default.js",
    "start": 1569332826393,
    "end": 1569332826393,
    "duration": 0,
    "pid": 16907,
    "index": 10
  },
  {
    "name": "Require(8) node_modules/_egg-multipart@2.9.0@egg-multipart/config/config.default.js",
    "start": 1569332826393,
    "end": 1569332826393,
    "duration": 0,
    "pid": 16907,
    "index": 11
  },
  {
    "name": "Require(9) node_modules/_egg-development@2.4.3@egg-development/config/config.default.js",
    "start": 1569332826394,
    "end": 1569332826394,
    "duration": 0,
    "pid": 16907,
    "index": 12
  },
  {
    "name": "Require(10) node_modules/_egg-logrotator@3.1.0@egg-logrotator/config/config.default.js",
    "start": 1569332826394,
    "end": 1569332826394,
    "duration": 0,
    "pid": 16907,
    "index": 13
  },
  {
    "name": "Require(11) node_modules/_egg-static@2.2.0@egg-static/config/config.default.js",
    "start": 1569332826394,
    "end": 1569332826394,
    "duration": 0,
    "pid": 16907,
    "index": 14
  },
  {
    "name": "Require(12) node_modules/_egg-view@2.1.2@egg-view/config/config.default.js",
    "start": 1569332826395,
    "end": 1569332826395,
    "duration": 0,
    "pid": 16907,
    "index": 15
  },
  {
    "name": "Require(13) node_modules/_egg-mongoose@3.2.0@egg-mongoose/config/config.default.js",
    "start": 1569332826395,
    "end": 1569332826395,
    "duration": 0,
    "pid": 16907,
    "index": 16
  },
  {
    "name": "Require(14) node_modules/_egg-jwt@3.1.6@egg-jwt/config/config.default.js",
    "start": 1569332826395,
    "end": 1569332826395,
    "duration": 0,
    "pid": 16907,
    "index": 17
  },
  {
    "name": "Require(15) node_modules/_egg@2.23.0@egg/config/config.default.js",
    "start": 1569332826395,
    "end": 1569332826396,
    "duration": 1,
    "pid": 16907,
    "index": 18
  },
  {
    "name": "Require(16) config/config.default.js",
    "start": 1569332826397,
    "end": 1569332826397,
    "duration": 0,
    "pid": 16907,
    "index": 19
  },
  {
    "name": "Require(17) node_modules/_egg-security@2.6.1@egg-security/config/config.local.js",
    "start": 1569332826397,
    "end": 1569332826397,
    "duration": 0,
    "pid": 16907,
    "index": 20
  },
  {
    "name": "Require(18) node_modules/_egg-watcher@3.1.0@egg-watcher/config/config.local.js",
    "start": 1569332826397,
    "end": 1569332826398,
    "duration": 1,
    "pid": 16907,
    "index": 21
  },
  {
    "name": "Require(19) node_modules/_egg-view@2.1.2@egg-view/config/config.local.js",
    "start": 1569332826398,
    "end": 1569332826398,
    "duration": 0,
    "pid": 16907,
    "index": 22
  },
  {
    "name": "Require(20) node_modules/_egg@2.23.0@egg/config/config.local.js",
    "start": 1569332826398,
    "end": 1569332826398,
    "duration": 0,
    "pid": 16907,
    "index": 23
  },
  {
    "name": "Load extend/application.js",
    "start": 1569332826400,
    "end": 1569332826426,
    "duration": 26,
    "pid": 16907,
    "index": 24
  },
  {
    "name": "Require(21) node_modules/_egg-session@3.1.0@egg-session/app/extend/application.js",
    "start": 1569332826400,
    "end": 1569332826400,
    "duration": 0,
    "pid": 16907,
    "index": 25
  },
  {
    "name": "Require(22) node_modules/_egg-security@2.6.1@egg-security/app/extend/application.js",
    "start": 1569332826400,
    "end": 1569332826401,
    "duration": 1,
    "pid": 16907,
    "index": 26
  },
  {
    "name": "Require(23) node_modules/_egg-jsonp@2.0.0@egg-jsonp/app/extend/application.js",
    "start": 1569332826401,
    "end": 1569332826401,
    "duration": 0,
    "pid": 16907,
    "index": 27
  },
  {
    "name": "Require(24) node_modules/_egg-logrotator@3.1.0@egg-logrotator/app/extend/application.js",
    "start": 1569332826402,
    "end": 1569332826403,
    "duration": 1,
    "pid": 16907,
    "index": 28
  },
  {
    "name": "Require(25) node_modules/_egg-view@2.1.2@egg-view/app/extend/application.js",
    "start": 1569332826403,
    "end": 1569332826403,
    "duration": 0,
    "pid": 16907,
    "index": 29
  },
  {
    "name": "Require(26) node_modules/_egg-jwt@3.1.6@egg-jwt/app/extend/application.js",
    "start": 1569332826404,
    "end": 1569332826426,
    "duration": 22,
    "pid": 16907,
    "index": 30
  },
  {
    "name": "Load extend/request.js",
    "start": 1569332826426,
    "end": 1569332826428,
    "duration": 2,
    "pid": 16907,
    "index": 31
  },
  {
    "name": "Require(27) node_modules/_egg@2.23.0@egg/app/extend/request.js",
    "start": 1569332826427,
    "end": 1569332826427,
    "duration": 0,
    "pid": 16907,
    "index": 32
  },
  {
    "name": "Load extend/response.js",
    "start": 1569332826428,
    "end": 1569332826429,
    "duration": 1,
    "pid": 16907,
    "index": 33
  },
  {
    "name": "Require(28) node_modules/_egg@2.23.0@egg/app/extend/response.js",
    "start": 1569332826428,
    "end": 1569332826429,
    "duration": 1,
    "pid": 16907,
    "index": 34
  },
  {
    "name": "Load extend/context.js",
    "start": 1569332826429,
    "end": 1569332826473,
    "duration": 44,
    "pid": 16907,
    "index": 35
  },
  {
    "name": "Require(29) node_modules/_egg-security@2.6.1@egg-security/app/extend/context.js",
    "start": 1569332826430,
    "end": 1569332826437,
    "duration": 7,
    "pid": 16907,
    "index": 36
  },
  {
    "name": "Require(30) node_modules/_egg-jsonp@2.0.0@egg-jsonp/app/extend/context.js",
    "start": 1569332826437,
    "end": 1569332826438,
    "duration": 1,
    "pid": 16907,
    "index": 37
  },
  {
    "name": "Require(31) node_modules/_egg-i18n@2.1.1@egg-i18n/app/extend/context.js",
    "start": 1569332826438,
    "end": 1569332826438,
    "duration": 0,
    "pid": 16907,
    "index": 38
  },
  {
    "name": "Require(32) node_modules/_egg-multipart@2.9.0@egg-multipart/app/extend/context.js",
    "start": 1569332826438,
    "end": 1569332826468,
    "duration": 30,
    "pid": 16907,
    "index": 39
  },
  {
    "name": "Require(33) node_modules/_egg-view@2.1.2@egg-view/app/extend/context.js",
    "start": 1569332826470,
    "end": 1569332826471,
    "duration": 1,
    "pid": 16907,
    "index": 40
  },
  {
    "name": "Require(34) node_modules/_egg-mongoose@3.2.0@egg-mongoose/app/extend/context.js",
    "start": 1569332826471,
    "end": 1569332826471,
    "duration": 0,
    "pid": 16907,
    "index": 41
  },
  {
    "name": "Require(35) node_modules/_egg@2.23.0@egg/app/extend/context.js",
    "start": 1569332826471,
    "end": 1569332826472,
    "duration": 1,
    "pid": 16907,
    "index": 42
  },
  {
    "name": "Load extend/helper.js",
    "start": 1569332826473,
    "end": 1569332826481,
    "duration": 8,
    "pid": 16907,
    "index": 43
  },
  {
    "name": "Require(36) node_modules/_egg-security@2.6.1@egg-security/app/extend/helper.js",
    "start": 1569332826473,
    "end": 1569332826480,
    "duration": 7,
    "pid": 16907,
    "index": 44
  },
  {
    "name": "Require(37) node_modules/_egg@2.23.0@egg/app/extend/helper.js",
    "start": 1569332826481,
    "end": 1569332826481,
    "duration": 0,
    "pid": 16907,
    "index": 45
  },
  {
    "name": "Load app.js",
    "start": 1569332826482,
    "end": 1569332826494,
    "duration": 12,
    "pid": 16907,
    "index": 46
  },
  {
    "name": "Require(38) node_modules/_egg-session@3.1.0@egg-session/app.js",
    "start": 1569332826482,
    "end": 1569332826482,
    "duration": 0,
    "pid": 16907,
    "index": 47
  },
  {
    "name": "Require(39) node_modules/_egg-security@2.6.1@egg-security/app.js",
    "start": 1569332826482,
    "end": 1569332826483,
    "duration": 1,
    "pid": 16907,
    "index": 48
  },
  {
    "name": "Require(40) node_modules/_egg-onerror@2.1.0@egg-onerror/app.js",
    "start": 1569332826483,
    "end": 1569332826487,
    "duration": 4,
    "pid": 16907,
    "index": 49
  },
  {
    "name": "Require(41) node_modules/_egg-i18n@2.1.1@egg-i18n/app.js",
    "start": 1569332826487,
    "end": 1569332826489,
    "duration": 2,
    "pid": 16907,
    "index": 50
  },
  {
    "name": "Require(42) node_modules/_egg-watcher@3.1.0@egg-watcher/app.js",
    "start": 1569332826489,
    "end": 1569332826491,
    "duration": 2,
    "pid": 16907,
    "index": 51
  },
  {
    "name": "Require(43) node_modules/_egg-schedule@3.6.4@egg-schedule/app.js",
    "start": 1569332826491,
    "end": 1569332826491,
    "duration": 0,
    "pid": 16907,
    "index": 52
  },
  {
    "name": "Require(44) node_modules/_egg-multipart@2.9.0@egg-multipart/app.js",
    "start": 1569332826492,
    "end": 1569332826492,
    "duration": 0,
    "pid": 16907,
    "index": 53
  },
  {
    "name": "Require(45) node_modules/_egg-development@2.4.3@egg-development/app.js",
    "start": 1569332826493,
    "end": 1569332826493,
    "duration": 0,
    "pid": 16907,
    "index": 54
  },
  {
    "name": "Require(46) node_modules/_egg-logrotator@3.1.0@egg-logrotator/app.js",
    "start": 1569332826493,
    "end": 1569332826493,
    "duration": 0,
    "pid": 16907,
    "index": 55
  },
  {
    "name": "Require(47) node_modules/_egg-static@2.2.0@egg-static/app.js",
    "start": 1569332826493,
    "end": 1569332826493,
    "duration": 0,
    "pid": 16907,
    "index": 56
  },
  {
    "name": "Require(48) node_modules/_egg-mongoose@3.2.0@egg-mongoose/app.js",
    "start": 1569332826493,
    "end": 1569332826493,
    "duration": 0,
    "pid": 16907,
    "index": 57
  },
  {
    "name": "Require(49) node_modules/_egg-jwt@3.1.6@egg-jwt/app.js",
    "start": 1569332826493,
    "end": 1569332826494,
    "duration": 1,
    "pid": 16907,
    "index": 58
  },
  {
    "name": "Before Start in node_modules/_egg-watcher@3.1.0@egg-watcher/lib/init.js:15:14",
    "start": 1569332826504,
    "end": 1569332826962,
    "duration": 458,
    "pid": 16907,
    "index": 59
  },
  {
    "name": "Before Start in node_modules/_egg-mongoose@3.2.0@egg-mongoose/lib/mongoose.js:91:7",
    "start": 1569332826800,
    "end": 1569332826959,
    "duration": 159,
    "pid": 16907,
    "index": 60
  },
  {
    "name": "Before Start in node_modules/_egg-mongoose@3.2.0@egg-mongoose/lib/mongoose.js:49:9",
    "start": 1569332826800,
    "end": 1569332826937,
    "duration": 137,
    "pid": 16907,
    "index": 61
  },
  {
    "name": "Load Service",
    "start": 1569332826801,
    "end": 1569332826836,
    "duration": 35,
    "pid": 16907,
    "index": 62
  },
  {
    "name": "Load \"service\" to Context",
    "start": 1569332826801,
    "end": 1569332826836,
    "duration": 35,
    "pid": 16907,
    "index": 63
  },
  {
    "name": "Load Middleware",
    "start": 1569332826836,
    "end": 1569332826894,
    "duration": 58,
    "pid": 16907,
    "index": 64
  },
  {
    "name": "Load \"middlewares\" to Application",
    "start": 1569332826837,
    "end": 1569332826886,
    "duration": 49,
    "pid": 16907,
    "index": 65
  },
  {
    "name": "Load Controller",
    "start": 1569332826894,
    "end": 1569332826902,
    "duration": 8,
    "pid": 16907,
    "index": 66
  },
  {
    "name": "Load \"controller\" to Application",
    "start": 1569332826894,
    "end": 1569332826902,
    "duration": 8,
    "pid": 16907,
    "index": 67
  },
  {
    "name": "Load Router",
    "start": 1569332826902,
    "end": 1569332826908,
    "duration": 6,
    "pid": 16907,
    "index": 68
  },
  {
    "name": "Require(50) app/router.js",
    "start": 1569332826903,
    "end": 1569332826903,
    "duration": 0,
    "pid": 16907,
    "index": 69
  },
  {
    "name": "Before Start in node_modules/_egg-core@4.17.3@egg-core/lib/egg.js:303:10",
    "start": 1569332826904,
    "end": 1569332826937,
    "duration": 33,
    "pid": 16907,
    "index": 70
  },
  {
    "name": "Load \"model\" to Application",
    "start": 1569332826923,
    "end": 1569332826936,
    "duration": 13,
    "pid": 16907,
    "index": 71
  }
]